State,District,Market,Commodity,Variety,Grade,Arrival_Date,Min_Price,Max_Price,Modal_Price,Arrivals_Qtl
Maharashtra,Nashik,Pimpalgaon,Tomato,Local,FAQ,2026-08-26,1840,2343,2092,106
Maharashtra,Nashik,Pimpalgaon,Tomato,Local,FAQ,2026-08-25,1889,2404,2147,163
Maharashtra,Nashik,Pimpalgaon,Tomato,Local,FAQ,2026-08-24,1912,2433,2173,690
Maharashtra,Nashik,Pimpalgaon,Tomato,Local,FAQ,2026-08-23,1933,2460,2197,175
Maharashtra,Nashik,Pimpalgaon,Tomato,Vaishali,FAQ,2026-08-22,1946,2477,2212,195
Maharashtra,Nashik,Pimpalgaon,Tomato,Hybrid,FAQ,2026-08-21,1942,2471,2207,762
Maharashtra,Nashik,Pimpalgaon,Tomato,Vaishali,FAQ,2026-08-20,1972,2509,2241,126
Maharashtra,Nashik,Pimpalgaon,Tomato,Hybrid,FAQ,2026-08-19,1970,2507,2239,156
Maharashtra,Nashik,Pimpalgaon,Tomato,Vaishali,FAQ,2026-08-18,2019,2570,2295,410
Maharashtra,Nashik,Pimpalgaon,Tomato,Hybrid,FAQ,2026-08-17,1987,2530,2259,287
Maharashtra,Nashik,Pimpalgaon,Tomato,Local,FAQ,2026-08-16,2018,2569,2294,760
Maharashtra,Nashik,Pimpalgaon,Tomato,Hybrid,FAQ,2026-08-15,2017,2568,2293,378
Maharashtra,Nashik,Pimpalgaon,Tomato,Local,FAQ,2026-08-14,2046,2605,2326,759
Maharashtra,Nashik,Pimpalgaon,Tomato,Hybrid,FAQ,2026-08-13,2024,2577,2301,348
Maharashtra,Nashik,Pimpalgaon,Tomato,Vaishali,FAQ,2026-08-12,2001,2546,2274,698
Maharashtra,Nashik,Pimpalgaon,Tomato,Local,FAQ,2026-08-11,2031,2584,2308,116
Maharashtra,Nashik,Pimpalgaon,Tomato,Hybrid,FAQ,2026-08-10,2035,2590,2313,456
Maharashtra,Nashik,Pimpalgaon,Tomato,Local,FAQ,2026-08-09,2026,2579,2303,462
Maharashtra,Nashik,Pimpalgaon,Tomato,Local,FAQ,2026-08-08,2045,2602,2324,748
Maharashtra,Nashik,Pimpalgaon,Tomato,Local,FAQ,2026-08-07,2036,2591,2314,507
Maharashtra,Nashik,Pimpalgaon,Tomato,Hybrid,FAQ,2026-08-06,2031,2584,2308,740
Maharashtra,Nashik,Pimpalgaon,Tomato,Hybrid,FAQ,2026-08-05,1996,2541,2269,254
Maharashtra,Nashik,Pimpalgaon,Tomato,Vaishali,FAQ,2026-08-04,1955,2488,2222,149
Maharashtra,Nashik,Pimpalgaon,Tomato,Local,FAQ,2026-08-03,1988,2531,2260,101
Maharashtra,Nashik,Pimpalgaon,Tomato,Hybrid,FAQ,2026-08-02,1959,2494,2227,201
Maharashtra,Nashik,Pimpalgaon,Tomato,Vaishali,FAQ,2026-08-01,1971,2508,2240,301
Maharashtra,Nashik,Pimpalgaon,Tomato,Hybrid,FAQ,2026-07-31,1935,2462,2199,425
Maharashtra,Nashik,Pimpalgaon,Tomato,Vaishali,FAQ,2026-07-30,1911,2432,2172,220
Maharashtra,Nashik,Pimpalgaon,Tomato,Local,FAQ,2026-07-29,1892,2408,2150,782
Maharashtra,Nashik,Pimpalgaon,Tomato,Local,FAQ,2026-07-28,1884,2399,2142,364
Maharashtra,Nashik,Pimpalgaon,Onion,White,FAQ,2026-08-26,1515,1928,1722,481
Maharashtra,Nashik,Pimpalgaon,Onion,Red,FAQ,2026-08-25,1584,2017,1801,788
Maharashtra,Nashik,Pimpalgaon,Onion,Garwa,FAQ,2026-08-24,1598,2035,1817,410
Maharashtra,Nashik,Pimpalgaon,Onion,Red,FAQ,2026-08-23,1615,2056,1836,321
Maharashtra,Nashik,Pimpalgaon,Onion,Red,FAQ,2026-08-22,1595,2030,1813,344
Maharashtra,Nashik,Pimpalgaon,Onion,White,FAQ,2026-08-21,1617,2058,1838,692
Maharashtra,Nashik,Pimpalgaon,Onion,White,FAQ,2026-08-20,1648,2097,1873,797
Maharashtra,Nashik,Pimpalgaon,Onion,Red,FAQ,2026-08-19,1675,2132,1904,186
Maharashtra,Nashik,Pimpalgaon,Onion,Red,FAQ,2026-08-18,1675,2132,1904,571
Maharashtra,Nashik,Pimpalgaon,Onion,White,FAQ,2026-08-17,1676,2133,1905,286
Maharashtra,Nashik,Pimpalgaon,Onion,Red,FAQ,2026-08-16,1692,2153,1923,440
Maharashtra,Nashik,Pimpalgaon,Onion,Red,FAQ,2026-08-15,1692,2153,1923,513
Maharashtra,Nashik,Pimpalgaon,Onion,Garwa,FAQ,2026-08-14,1741,2216,1979,463
Maharashtra,Nashik,Pimpalgaon,Onion,White,FAQ,2026-08-13,1686,2145,1916,135
Maharashtra,Nashik,Pimpalgaon,Onion,Garwa,FAQ,2026-08-12,1745,2222,1984,560
Maharashtra,Nashik,Pimpalgaon,Onion,White,FAQ,2026-08-11,1706,2171,1939,692
Maharashtra,Nashik,Pimpalgaon,Onion,White,FAQ,2026-08-10,1682,2141,1912,510
Maharashtra,Nashik,Pimpalgaon,Onion,Red,FAQ,2026-08-09,1691,2152,1922,118
Maharashtra,Nashik,Pimpalgaon,Onion,Garwa,FAQ,2026-08-08,1697,2160,1929,783
Maharashtra,Nashik,Pimpalgaon,Onion,White,FAQ,2026-08-07,1702,2167,1935,197
Maharashtra,Nashik,Pimpalgaon,Onion,White,FAQ,2026-08-06,1690,2151,1921,215
Maharashtra,Nashik,Pimpalgaon,Onion,Red,FAQ,2026-08-05,1721,2190,1956,377
Maharashtra,Nashik,Pimpalgaon,Onion,White,FAQ,2026-08-04,1675,2132,1904,586
Maharashtra,Nashik,Pimpalgaon,Onion,Red,FAQ,2026-08-03,1645,2094,1870,350
Maharashtra,Nashik,Pimpalgaon,Onion,White,FAQ,2026-08-02,1650,2101,1876,532
Maharashtra,Nashik,Pimpalgaon,Onion,White,FAQ,2026-08-01,1666,2121,1894,637
Maharashtra,Nashik,Pimpalgaon,Onion,Red,FAQ,2026-07-31,1605,2042,1824,615
Maharashtra,Nashik,Pimpalgaon,Onion,Red,FAQ,2026-07-30,1602,2039,1821,739
Maharashtra,Nashik,Pimpalgaon,Onion,White,FAQ,2026-07-29,1582,2013,1798,132
Maharashtra,Nashik,Pimpalgaon,Onion,White,FAQ,2026-07-28,1551,1974,1763,436
Maharashtra,Nashik,Pimpalgaon,Wheat,Sharbati,FAQ,2026-08-26,2061,2624,2343,629
Maharashtra,Nashik,Pimpalgaon,Wheat,Lok-1,FAQ,2026-08-25,2063,2626,2345,355
Maharashtra,Nashik,Pimpalgaon,Wheat,Sharbati,FAQ,2026-08-24,2079,2646,2363,660
Maharashtra,Nashik,Pimpalgaon,Wheat,Sharbati,FAQ,2026-08-23,2124,2703,2414,642
Maharashtra,Nashik,Pimpalgaon,Wheat,FAQ,FAQ,2026-08-22,2163,2752,2458,797
Maharashtra,Nashik,Pimpalgaon,Wheat,FAQ,FAQ,2026-08-21,2172,2765,2469,211
Maharashtra,Nashik,Pimpalgaon,Wheat,Lok-1,FAQ,2026-08-20,2201,2802,2502,273
Maharashtra,Nashik,Pimpalgaon,Wheat,Lok-1,FAQ,2026-08-19,2176,2769,2473,295
Maharashtra,Nashik,Pimpalgaon,Wheat,Lok-1,FAQ,2026-08-18,2208,2811,2510,670
Maharashtra,Nashik,Pimpalgaon,Wheat,Sharbati,FAQ,2026-08-17,2195,2794,2495,543
Maharashtra,Nashik,Pimpalgaon,Wheat,FAQ,FAQ,2026-08-16,2188,2785,2487,478
Maharashtra,Nashik,Pimpalgaon,Wheat,Lok-1,FAQ,2026-08-15,2243,2854,2549,666
Maharashtra,Nashik,Pimpalgaon,Wheat,FAQ,FAQ,2026-08-14,2247,2860,2554,326
Maharashtra,Nashik,Pimpalgaon,Wheat,Lok-1,FAQ,2026-08-13,2266,2884,2575,386
Maharashtra,Nashik,Pimpalgaon,Wheat,FAQ,FAQ,2026-08-12,2265,2882,2574,601
Maharashtra,Nashik,Pimpalgaon,Wheat,Lok-1,FAQ,2026-08-11,2254,2869,2562,418
Maharashtra,Nashik,Pimpalgaon,Wheat,Sharbati,FAQ,2026-08-10,2228,2835,2532,682
Maharashtra,Nashik,Pimpalgaon,Wheat,Lok-1,FAQ,2026-08-09,2236,2847,2542,776
Maharashtra,Nashik,Pimpalgaon,Wheat,Lok-1,FAQ,2026-08-08,2228,2835,2532,273
Maharashtra,Nashik,Pimpalgaon,Wheat,Sharbati,FAQ,2026-08-07,2228,2835,2532,521
Maharashtra,Nashik,Pimpalgaon,Wheat,Sharbati,FAQ,2026-08-06,2228,2835,2532,770
Maharashtra,Nashik,Pimpalgaon,Wheat,Lok-1,FAQ,2026-08-05,2221,2826,2524,469
Maharashtra,Nashik,Pimpalgaon,Wheat,Sharbati,FAQ,2026-08-04,2228,2835,2532,492
Maharashtra,Nashik,Pimpalgaon,Wheat,FAQ,FAQ,2026-08-03,2194,2793,2494,543
Maharashtra,Nashik,Pimpalgaon,Wheat,FAQ,FAQ,2026-08-02,2167,2758,2463,195
Maharashtra,Nashik,Pimpalgaon,Wheat,Sharbati,FAQ,2026-08-01,2189,2786,2488,176
Maharashtra,Nashik,Pimpalgaon,Wheat,FAQ,FAQ,2026-07-31,2169,2760,2465,555
Maharashtra,Nashik,Pimpalgaon,Wheat,Sharbati,FAQ,2026-07-30,2157,2746,2452,435
Maharashtra,Nashik,Pimpalgaon,Wheat,Lok-1,FAQ,2026-07-29,2124,2703,2414,339
Maharashtra,Nashik,Pimpalgaon,Wheat,Lok-1,FAQ,2026-07-28,2067,2630,2349,774
Maharashtra,Nashik,Pimpalgaon,Rice,Swarna,FAQ,2026-08-26,2187,2784,2486,383
Maharashtra,Nashik,Pimpalgaon,Rice,Basmati,FAQ,2026-08-25,2240,2851,2546,390
Maharashtra,Nashik,Pimpalgaon,Rice,Swarna,FAQ,2026-08-24,2263,2880,2572,113
Maharashtra,Nashik,Pimpalgaon,Rice,Swarna,FAQ,2026-08-23,2257,2872,2565,599
Maharashtra,Nashik,Pimpalgaon,Rice,Paddy(Dpr),FAQ,2026-08-22,2294,2919,2607,295
Maharashtra,Nashik,Pimpalgaon,Rice,Swarna,FAQ,2026-08-21,2320,2953,2637,352
Maharashtra,Nashik,Pimpalgaon,Rice,Basmati,FAQ,2026-08-20,2321,2954,2638,300
Maharashtra,Nashik,Pimpalgaon,Rice,Paddy(Dpr),FAQ,2026-08-19,2307,2936,2622,329
Maharashtra,Nashik,Pimpalgaon,Rice,Swarna,FAQ,2026-08-18,2317,2948,2633,314
Maharashtra,Nashik,Pimpalgaon,Rice,Basmati,FAQ,2026-08-17,2318,2951,2635,624
Maharashtra,Nashik,Pimpalgaon,Rice,Paddy(Dpr),FAQ,2026-08-16,2334,2971,2653,723
Maharashtra,Nashik,Pimpalgaon,Rice,Paddy(Dpr),FAQ,2026-08-15,2335,2972,2654,316
Maharashtra,Nashik,Pimpalgaon,Rice,Basmati,FAQ,2026-08-14,2368,3015,2692,112
Maharashtra,Nashik,Pimpalgaon,Rice,Swarna,FAQ,2026-08-13,2372,3019,2696,332
Maharashtra,Nashik,Pimpalgaon,Rice,Basmati,FAQ,2026-08-12,2362,3007,2685,371
Maharashtra,Nashik,Pimpalgaon,Rice,Paddy(Dpr),FAQ,2026-08-11,2383,3032,2708,796
Maharashtra,Nashik,Pimpalgaon,Rice,Paddy(Dpr),FAQ,2026-08-10,2386,3037,2712,194
Maharashtra,Nashik,Pimpalgaon,Rice,Swarna,FAQ,2026-08-09,2376,3024,2700,372
Maharashtra,Nashik,Pimpalgaon,Rice,Paddy(Dpr),FAQ,2026-08-08,2376,3024,2700,235
Maharashtra,Nashik,Pimpalgaon,Rice,Basmati,FAQ,2026-08-07,2370,3017,2694,684
Maharashtra,Nashik,Pimpalgaon,Rice,Swarna,FAQ,2026-08-06,2386,3037,2712,790
Maharashtra,Nashik,Pimpalgaon,Rice,Paddy(Dpr),FAQ,2026-08-05,2328,2963,2646,560
Maharashtra,Nashik,Pimpalgaon,Rice,Paddy(Dpr),FAQ,2026-08-04,2340,2979,2660,595
Maharashtra,Nashik,Pimpalgaon,Rice,Swarna,FAQ,2026-08-03,2359,3002,2681,163
Maharashtra,Nashik,Pimpalgaon,Rice,Paddy(Dpr),FAQ,2026-08-02,2283,2906,2595,163
Maharashtra,Nashik,Pimpalgaon,Rice,Paddy(Dpr),FAQ,2026-08-01,2295,2922,2609,519
Maharashtra,Nashik,Pimpalgaon,Rice,Swarna,FAQ,2026-07-31,2251,2864,2558,734
Maharashtra,Nashik,Pimpalgaon,Rice,Paddy(Dpr),FAQ,2026-07-30,2292,2917,2605,681
Maharashtra,Nashik,Pimpalgaon,Rice,Swarna,FAQ,2026-07-29,2266,2884,2575,383
Maharashtra,Nashik,Pimpalgaon,Rice,Paddy(Dpr),FAQ,2026-07-28,2228,2835,2532,706
Maharashtra,Nashik,Pimpalgaon,Potato,Jyoti,FAQ,2026-08-26,1252,1593,1423,650
Maharashtra,Nashik,Pimpalgaon,Potato,Kufri,FAQ,2026-08-25,1258,1601,1430,684
Maharashtra,Nashik,Pimpalgaon,Potato,Jyoti,FAQ,2026-08-24,1303,1658,1481,436
Maharashtra,Nashik,Pimpalgaon,Potato,Jyoti,FAQ,2026-08-23,1302,1657,1480,574
Maharashtra,Nashik,Pimpalgaon,Potato,Kufri,FAQ,2026-08-22,1311,1668,1490,241
Maharashtra,Nashik,Pimpalgaon,Potato,Kufri,FAQ,2026-08-21,1302,1657,1480,240
Maharashtra,Nashik,Pimpalgaon,Potato,Kufri,FAQ,2026-08-20,1327,1690,1509,510
Maharashtra,Nashik,Pimpalgaon,Potato,Jyoti,FAQ,2026-08-19,1378,1753,1566,632
Maharashtra,Nashik,Pimpalgaon,Potato,Jyoti,FAQ,2026-08-18,1365,1738,1552,641
Maharashtra,Nashik,Pimpalgaon,Potato,Jyoti,FAQ,2026-08-17,1370,1743,1557,107
Maharashtra,Nashik,Pimpalgaon,Potato,Jyoti,FAQ,2026-08-16,1415,1802,1609,299
Maharashtra,Nashik,Pimpalgaon,Potato,Jyoti,FAQ,2026-08-15,1410,1795,1603,634
Maharashtra,Nashik,Pimpalgaon,Potato,Jyoti,FAQ,2026-08-14,1406,1789,1598,616
Maharashtra,Nashik,Pimpalgaon,Potato,Jyoti,FAQ,2026-08-13,1386,1765,1576,126
Maharashtra,Nashik,Pimpalgaon,Potato,Jyoti,FAQ,2026-08-12,1427,1816,1622,435
Maharashtra,Nashik,Pimpalgaon,Potato,Jyoti,FAQ,2026-08-11,1442,1835,1639,118
Maharashtra,Nashik,Pimpalgaon,Potato,Jyoti,FAQ,2026-08-10,1379,1756,1568,271
Maharashtra,Nashik,Pimpalgaon,Potato,Jyoti,FAQ,2026-08-09,1413,1798,1606,422
Maharashtra,Nashik,Pimpalgaon,Potato,Kufri,FAQ,2026-08-08,1408,1793,1601,550
Maharashtra,Nashik,Pimpalgaon,Potato,Jyoti,FAQ,2026-08-07,1393,1774,1584,277
Maharashtra,Nashik,Pimpalgaon,Potato,Kufri,FAQ,2026-08-06,1371,1746,1559,164
Maharashtra,Nashik,Pimpalgaon,Potato,Jyoti,FAQ,2026-08-05,1353,1722,1538,267
Maharashtra,Nashik,Pimpalgaon,Potato,Kufri,FAQ,2026-08-04,1364,1736,1550,423
Maharashtra,Nashik,Pimpalgaon,Potato,Kufri,FAQ,2026-08-03,1327,1690,1509,274
Maharashtra,Nashik,Pimpalgaon,Potato,Jyoti,FAQ,2026-08-02,1378,1755,1567,111
Maharashtra,Nashik,Pimpalgaon,Potato,Kufri,FAQ,2026-08-01,1324,1685,1505,655
Maharashtra,Nashik,Pimpalgaon,Potato,Jyoti,FAQ,2026-07-31,1299,1654,1477,487
Maharashtra,Nashik,Pimpalgaon,Potato,Kufri,FAQ,2026-07-30,1315,1674,1495,782
Maharashtra,Nashik,Pimpalgaon,Potato,Jyoti,FAQ,2026-07-29,1249,1590,1420,649
Maharashtra,Nashik,Pimpalgaon,Potato,Jyoti,FAQ,2026-07-28,1283,1632,1458,663
Maharashtra,Nashik,Pimpalgaon,Soyabean,JS-335,FAQ,2026-08-26,3815,4856,4336,450
Maharashtra,Nashik,Pimpalgaon,Soyabean,Yellow,FAQ,2026-08-25,3791,4824,4308,563
Maharashtra,Nashik,Pimpalgaon,Soyabean,JS-335,FAQ,2026-08-24,3841,4888,4365,114
Maharashtra,Nashik,Pimpalgaon,Soyabean,Yellow,FAQ,2026-08-23,3865,4920,4393,632
Maharashtra,Nashik,Pimpalgaon,Soyabean,Yellow,FAQ,2026-08-22,3899,4962,4431,182
Maharashtra,Nashik,Pimpalgaon,Soyabean,Yellow,FAQ,2026-08-21,3871,4926,4399,312
Maharashtra,Nashik,Pimpalgaon,Soyabean,JS-335,FAQ,2026-08-20,3880,4939,4410,661
Maharashtra,Nashik,Pimpalgaon,Soyabean,JS-335,FAQ,2026-08-19,3917,4986,4452,507
Maharashtra,Nashik,Pimpalgaon,Soyabean,JS-335,FAQ,2026-08-18,3894,4956,4425,655
Maharashtra,Nashik,Pimpalgaon,Soyabean,Yellow,FAQ,2026-08-17,3965,5046,4506,308
Maharashtra,Nashik,Pimpalgaon,Soyabean,JS-335,FAQ,2026-08-16,3908,4975,4442,599
Maharashtra,Nashik,Pimpalgaon,Soyabean,JS-335,FAQ,2026-08-15,3934,5007,4471,140
Maharashtra,Nashik,Pimpalgaon,Soyabean,JS-335,FAQ,2026-08-14,3949,5026,4488,787
Maharashtra,Nashik,Pimpalgaon,Soyabean,JS-335,FAQ,2026-08-13,3953,5032,4493,164
Maharashtra,Nashik,Pimpalgaon,Soyabean,JS-335,FAQ,2026-08-12,3965,5046,4506,515
Maharashtra,Nashik,Pimpalgaon,Soyabean,Yellow,FAQ,2026-08-11,3984,5071,4528,388
Maharashtra,Nashik,Pimpalgaon,Soyabean,Yellow,FAQ,2026-08-10,3989,5078,4534,198
Maharashtra,Nashik,Pimpalgaon,Soyabean,Yellow,FAQ,2026-08-09,3923,4994,4459,661
Maharashtra,Nashik,Pimpalgaon,Soyabean,JS-335,FAQ,2026-08-08,3938,5012,4475,257
Maharashtra,Nashik,Pimpalgaon,Soyabean,Yellow,FAQ,2026-08-07,3914,4981,4448,779
Maharashtra,Nashik,Pimpalgaon,Soyabean,JS-335,FAQ,2026-08-06,3933,5006,4470,331
Maharashtra,Nashik,Pimpalgaon,Soyabean,JS-335,FAQ,2026-08-05,3899,4962,4431,789
Maharashtra,Nashik,Pimpalgaon,Soyabean,JS-335,FAQ,2026-08-04,3951,5028,4490,617
Maharashtra,Nashik,Pimpalgaon,Soyabean,Yellow,FAQ,2026-08-03,3945,5020,4483,537
Maharashtra,Nashik,Pimpalgaon,Soyabean,Yellow,FAQ,2026-08-02,3904,4969,4437,100
Maharashtra,Nashik,Pimpalgaon,Soyabean,JS-335,FAQ,2026-08-01,3889,4950,4420,197
Maharashtra,Nashik,Pimpalgaon,Soyabean,JS-335,FAQ,2026-07-31,3858,4911,4385,155
Maharashtra,Nashik,Pimpalgaon,Soyabean,Yellow,FAQ,2026-07-30,3857,4910,4384,467
Maharashtra,Nashik,Pimpalgaon,Soyabean,Yellow,FAQ,2026-07-29,3842,4891,4367,442
Maharashtra,Nashik,Pimpalgaon,Soyabean,JS-335,FAQ,2026-07-28,3833,4878,4356,260
Maharashtra,Nashik,Pimpalgaon,Maize,Hybrid,FAQ,2026-08-26,1606,2044,1825,458
Maharashtra,Nashik,Pimpalgaon,Maize,Yellow,FAQ,2026-08-25,1684,2143,1914,384
Maharashtra,Nashik,Pimpalgaon,Maize,Yellow,FAQ,2026-08-24,1688,2149,1919,314
Maharashtra,Nashik,Pimpalgaon,Maize,Hybrid,FAQ,2026-08-23,1719,2188,1954,217
Maharashtra,Nashik,Pimpalgaon,Maize,Yellow,FAQ,2026-08-22,1679,2136,1908,641
Maharashtra,Nashik,Pimpalgaon,Maize,Yellow,FAQ,2026-08-21,1696,2159,1928,697
Maharashtra,Nashik,Pimpalgaon,Maize,Yellow,FAQ,2026-08-20,1707,2172,1940,193
Maharashtra,Nashik,Pimpalgaon,Maize,Hybrid,FAQ,2026-08-19,1779,2264,2022,629
Maharashtra,Nashik,Pimpalgaon,Maize,Yellow,FAQ,2026-08-18,1783,2270,2027,292
Maharashtra,Nashik,Pimpalgaon,Maize,Yellow,FAQ,2026-08-17,1771,2254,2013,177
Maharashtra,Nashik,Pimpalgaon,Maize,Yellow,FAQ,2026-08-16,1803,2294,2049,263
Maharashtra,Nashik,Pimpalgaon,Maize,Hybrid,FAQ,2026-08-15,1810,2303,2057,754
Maharashtra,Nashik,Pimpalgaon,Maize,Yellow,FAQ,2026-08-14,1810,2303,2057,449
Maharashtra,Nashik,Pimpalgaon,Maize,Hybrid,FAQ,2026-08-13,1823,2320,2072,436
Maharashtra,Nashik,Pimpalgaon,Maize,Yellow,FAQ,2026-08-12,1832,2331,2082,359
Maharashtra,Nashik,Pimpalgaon,Maize,Hybrid,FAQ,2026-08-11,1786,2273,2030,167
Maharashtra,Nashik,Pimpalgaon,Maize,Yellow,FAQ,2026-08-10,1771,2254,2013,231
Maharashtra,Nashik,Pimpalgaon,Maize,Hybrid,FAQ,2026-08-09,1830,2329,2080,207
Maharashtra,Nashik,Pimpalgaon,Maize,Hybrid,FAQ,2026-08-08,1813,2308,2061,502
Maharashtra,Nashik,Pimpalgaon,Maize,Yellow,FAQ,2026-08-07,1802,2293,2048,258
Maharashtra,Nashik,Pimpalgaon,Maize,Yellow,FAQ,2026-08-06,1789,2278,2034,741
Maharashtra,Nashik,Pimpalgaon,Maize,Hybrid,FAQ,2026-08-05,1751,2228,1990,566
Maharashtra,Nashik,Pimpalgaon,Maize,Hybrid,FAQ,2026-08-04,1730,2203,1967,675
Maharashtra,Nashik,Pimpalgaon,Maize,Yellow,FAQ,2026-08-03,1776,2261,2019,720
Maharashtra,Nashik,Pimpalgaon,Maize,Yellow,FAQ,2026-08-02,1723,2194,1959,653
Maharashtra,Nashik,Pimpalgaon,Maize,Yellow,FAQ,2026-08-01,1717,2186,1952,131
Maharashtra,Nashik,Pimpalgaon,Maize,Yellow,FAQ,2026-07-31,1708,2173,1941,254
Maharashtra,Nashik,Pimpalgaon,Maize,Hybrid,FAQ,2026-07-30,1669,2124,1897,645
Maharashtra,Nashik,Pimpalgaon,Maize,Hybrid,FAQ,2026-07-29,1701,2166,1934,601
Maharashtra,Nashik,Pimpalgaon,Maize,Yellow,FAQ,2026-07-28,1664,2117,1891,755
Maharashtra,Nashik,Pimpalgaon,Cotton,Medium Staple,FAQ,2026-08-26,5754,7323,6539,605
Maharashtra,Nashik,Pimpalgaon,Cotton,Medium Staple,FAQ,2026-08-25,5749,7318,6534,439
Maharashtra,Nashik,Pimpalgaon,Cotton,Medium Staple,FAQ,2026-08-24,5742,7308,6525,763
Maharashtra,Nashik,Pimpalgaon,Cotton,Medium Staple,FAQ,2026-08-23,5806,7389,6598,639
Maharashtra,Nashik,Pimpalgaon,Cotton,Medium Staple,FAQ,2026-08-22,5822,7409,6616,583
Maharashtra,Nashik,Pimpalgaon,Cotton,Medium Staple,FAQ,2026-08-21,5835,7426,6631,392
Maharashtra,Nashik,Pimpalgaon,Cotton,Medium Staple,FAQ,2026-08-20,5811,7396,6604,123
Maharashtra,Nashik,Pimpalgaon,Cotton,Medium Staple,FAQ,2026-08-19,5837,7430,6634,551
Maharashtra,Nashik,Pimpalgaon,Cotton,Medium Staple,FAQ,2026-08-18,5844,7439,6642,517
Maharashtra,Nashik,Pimpalgaon,Cotton,Medium Staple,FAQ,2026-08-17,5888,7495,6692,171
Maharashtra,Nashik,Pimpalgaon,Cotton,Medium Staple,FAQ,2026-08-16,5857,7454,6656,587
Maharashtra,Nashik,Pimpalgaon,Cotton,Medium Staple,FAQ,2026-08-15,5892,7499,6696,463
Maharashtra,Nashik,Pimpalgaon,Cotton,Medium Staple,FAQ,2026-08-14,5894,7501,6698,497
Maharashtra,Nashik,Pimpalgaon,Cotton,Medium Staple,FAQ,2026-08-13,5876,7479,6678,390
Maharashtra,Nashik,Pimpalgaon,Cotton,Medium Staple,FAQ,2026-08-12,5882,7487,6685,428
Maharashtra,Nashik,Pimpalgaon,Cotton,Medium Staple,FAQ,2026-08-11,5875,7478,6677,516
Maharashtra,Nashik,Pimpalgaon,Cotton,Medium Staple,FAQ,2026-08-10,5875,7478,6677,712
Maharashtra,Nashik,Pimpalgaon,Cotton,Medium Staple,FAQ,2026-08-09,5879,7482,6681,600
Maharashtra,Nashik,Pimpalgaon,Cotton,Medium Staple,FAQ,2026-08-08,5891,7498,6695,663
Maharashtra,Nashik,Pimpalgaon,Cotton,Medium Staple,FAQ,2026-08-07,5898,7507,6703,228
Maharashtra,Nashik,Pimpalgaon,Cotton,Medium Staple,FAQ,2026-08-06,5866,7467,6667,456
Maharashtra,Nashik,Pimpalgaon,Cotton,Medium Staple,FAQ,2026-08-05,5867,7468,6668,757
Maharashtra,Nashik,Pimpalgaon,Cotton,Medium Staple,FAQ,2026-08-04,5864,7463,6664,205
Maharashtra,Nashik,Pimpalgaon,Cotton,Medium Staple,FAQ,2026-08-03,5840,7433,6637,186
Maharashtra,Nashik,Pimpalgaon,Cotton,Medium Staple,FAQ,2026-08-02,5800,7383,6592,779
Maharashtra,Nashik,Pimpalgaon,Cotton,Medium Staple,FAQ,2026-08-01,5821,7408,6615,353
Maharashtra,Nashik,Pimpalgaon,Cotton,Medium Staple,FAQ,2026-07-31,5816,7403,6610,694
Maharashtra,Nashik,Pimpalgaon,Cotton,Medium Staple,FAQ,2026-07-30,5816,7403,6610,235
Maharashtra,Nashik,Pimpalgaon,Cotton,Medium Staple,FAQ,2026-07-29,5784,7361,6573,121
Maharashtra,Nashik,Pimpalgaon,Cotton,Medium Staple,FAQ,2026-07-28,5745,7312,6529,263
Maharashtra,Nashik,Pimpalgaon,Sugarcane,Co-86032,FAQ,2026-08-26,264,336,300,759
Maharashtra,Nashik,Pimpalgaon,Sugarcane,Co-86032,FAQ,2026-08-25,264,336,300,230
Maharashtra,Nashik,Pimpalgaon,Sugarcane,Co-86032,FAQ,2026-08-24,264,336,300,114
Maharashtra,Nashik,Pimpalgaon,Sugarcane,Co-86032,FAQ,2026-08-23,266,339,303,634
Maharashtra,Nashik,Pimpalgaon,Sugarcane,Co-86032,FAQ,2026-08-22,273,348,311,121
Maharashtra,Nashik,Pimpalgaon,Sugarcane,Co-86032,FAQ,2026-08-21,320,407,364,629
Maharashtra,Nashik,Pimpalgaon,Sugarcane,Co-86032,FAQ,2026-08-20,332,423,378,265
Maharashtra,Nashik,Pimpalgaon,Sugarcane,Co-86032,FAQ,2026-08-19,351,446,399,203
Maharashtra,Nashik,Pimpalgaon,Sugarcane,Co-86032,FAQ,2026-08-18,365,464,415,429
Maharashtra,Nashik,Pimpalgaon,Sugarcane,Co-86032,FAQ,2026-08-17,320,407,364,255
Maharashtra,Nashik,Pimpalgaon,Sugarcane,Co-86032,FAQ,2026-08-16,325,414,370,433
Maharashtra,Nashik,Pimpalgaon,Sugarcane,Co-86032,FAQ,2026-08-15,359,456,408,115
Maharashtra,Nashik,Pimpalgaon,Sugarcane,Co-86032,FAQ,2026-08-14,344,437,391,415
Maharashtra,Nashik,Pimpalgaon,Sugarcane,Co-86032,FAQ,2026-08-13,379,482,431,766
Maharashtra,Nashik,Pimpalgaon,Sugarcane,Co-86032,FAQ,2026-08-12,399,508,454,320
Maharashtra,Nashik,Pimpalgaon,Sugarcane,Co-86032,FAQ,2026-08-11,374,477,426,398
Maharashtra,Nashik,Pimpalgaon,Sugarcane,Co-86032,FAQ,2026-08-10,352,448,400,484
Maharashtra,Nashik,Pimpalgaon,Sugarcane,Co-86032,FAQ,2026-08-09,399,508,454,402
Maharashtra,Nashik,Pimpalgaon,Sugarcane,Co-86032,FAQ,2026-08-08,334,425,380,365
Maharashtra,Nashik,Pimpalgaon,Sugarcane,Co-86032,FAQ,2026-08-07,376,479,428,483
Maharashtra,Nashik,Pimpalgaon,Sugarcane,Co-86032,FAQ,2026-08-06,384,489,437,792
Maharashtra,Nashik,Pimpalgaon,Sugarcane,Co-86032,FAQ,2026-08-05,355,452,404,378
Maharashtra,Nashik,Pimpalgaon,Sugarcane,Co-86032,FAQ,2026-08-04,341,434,388,414
Maharashtra,Nashik,Pimpalgaon,Sugarcane,Co-86032,FAQ,2026-08-03,332,423,378,689
Maharashtra,Nashik,Pimpalgaon,Sugarcane,Co-86032,FAQ,2026-08-02,307,390,349,531
Maharashtra,Nashik,Pimpalgaon,Sugarcane,Co-86032,FAQ,2026-08-01,303,386,345,752
Maharashtra,Nashik,Pimpalgaon,Sugarcane,Co-86032,FAQ,2026-07-31,283,360,322,228
Maharashtra,Nashik,Pimpalgaon,Sugarcane,Co-86032,FAQ,2026-07-30,264,336,300,171
Maharashtra,Nashik,Pimpalgaon,Sugarcane,Co-86032,FAQ,2026-07-29,264,336,300,349
Maharashtra,Nashik,Pimpalgaon,Sugarcane,Co-86032,FAQ,2026-07-28,264,336,300,232
Maharashtra,Nashik,Pimpalgaon,Mustard,Black,FAQ,2026-08-26,4677,5952,5315,252
Maharashtra,Nashik,Pimpalgaon,Mustard,Yellow,FAQ,2026-08-25,4718,6005,5362,506
Maharashtra,Nashik,Pimpalgaon,Mustard,Black,FAQ,2026-08-24,4761,6060,5411,159
Maharashtra,Nashik,Pimpalgaon,Mustard,Black,FAQ,2026-08-23,4756,6053,5405,444
Maharashtra,Nashik,Pimpalgaon,Mustard,Black,FAQ,2026-08-22,4756,6053,5405,336
Maharashtra,Nashik,Pimpalgaon,Mustard,Black,FAQ,2026-08-21,4770,6071,5421,710
Maharashtra,Nashik,Pimpalgaon,Mustard,Black,FAQ,2026-08-20,4829,6146,5488,491
Maharashtra,Nashik,Pimpalgaon,Mustard,Yellow,FAQ,2026-08-19,4813,6126,5470,757
Maharashtra,Nashik,Pimpalgaon,Mustard,Black,FAQ,2026-08-18,4831,6148,5490,672
Maharashtra,Nashik,Pimpalgaon,Mustard,Black,FAQ,2026-08-17,4881,6212,5547,271
Maharashtra,Nashik,Pimpalgaon,Mustard,Yellow,FAQ,2026-08-16,4884,6216,5550,741
Maharashtra,Nashik,Pimpalgaon,Mustard,Yellow,FAQ,2026-08-15,4847,6168,5508,800
Maharashtra,Nashik,Pimpalgaon,Mustard,Black,FAQ,2026-08-14,4867,6194,5531,167
Maharashtra,Nashik,Pimpalgaon,Mustard,Yellow,FAQ,2026-08-13,4894,6229,5562,462
Maharashtra,Nashik,Pimpalgaon,Mustard,Yellow,FAQ,2026-08-12,4887,6220,5554,198
Maharashtra,Nashik,Pimpalgaon,Mustard,Yellow,FAQ,2026-08-11,4911,6250,5581,408
Maharashtra,Nashik,Pimpalgaon,Mustard,Black,FAQ,2026-08-10,4900,6237,5569,711
Maharashtra,Nashik,Pimpalgaon,Mustard,Black,FAQ,2026-08-09,4859,6184,5522,221
Maharashtra,Nashik,Pimpalgaon,Mustard,Yellow,FAQ,2026-08-08,4848,6171,5510,534
Maharashtra,Nashik,Pimpalgaon,Mustard,Black,FAQ,2026-08-07,4853,6176,5515,210
Maharashtra,Nashik,Pimpalgaon,Mustard,Black,FAQ,2026-08-06,4887,6220,5554,662
Maharashtra,Nashik,Pimpalgaon,Mustard,Black,FAQ,2026-08-05,4824,6139,5482,295
Maharashtra,Nashik,Pimpalgaon,Mustard,Black,FAQ,2026-08-04,4858,6183,5521,601
Maharashtra,Nashik,Pimpalgaon,Mustard,Yellow,FAQ,2026-08-03,4818,6133,5476,100
Maharashtra,Nashik,Pimpalgaon,Mustard,Yellow,FAQ,2026-08-02,4810,6123,5467,335
Maharashtra,Nashik,Pimpalgaon,Mustard,Yellow,FAQ,2026-08-01,4825,6140,5483,657
Maharashtra,Nashik,Pimpalgaon,Mustard,Black,FAQ,2026-07-31,4809,6120,5465,671
Maharashtra,Nashik,Pimpalgaon,Mustard,Black,FAQ,2026-07-30,4801,6110,5456,401
Maharashtra,Nashik,Pimpalgaon,Mustard,Yellow,FAQ,2026-07-29,4744,6037,5391,404
Maharashtra,Nashik,Pimpalgaon,Mustard,Black,FAQ,2026-07-28,4708,5992,5350,709
Maharashtra,Nashik,Pimpalgaon,Grapes,Thompson Seedless,FAQ,2026-08-26,4291,5462,4877,768
Maharashtra,Nashik,Pimpalgaon,Grapes,Thompson Seedless,FAQ,2026-08-25,4307,5482,4895,431
Maharashtra,Nashik,Pimpalgaon,Grapes,Thompson Seedless,FAQ,2026-08-24,4385,5582,4984,776
Maharashtra,Nashik,Pimpalgaon,Grapes,Thompson Seedless,FAQ,2026-08-23,4349,5536,4943,363
Maharashtra,Nashik,Pimpalgaon,Grapes,Thompson Seedless,FAQ,2026-08-22,4418,5623,5021,766
Maharashtra,Nashik,Pimpalgaon,Grapes,Thompson Seedless,FAQ,2026-08-21,4442,5653,5048,477
Maharashtra,Nashik,Pimpalgaon,Grapes,Thompson Seedless,FAQ,2026-08-20,4457,5672,5065,713
Maharashtra,Nashik,Pimpalgaon,Grapes,Thompson Seedless,FAQ,2026-08-19,4445,5658,5052,763
Maharashtra,Nashik,Pimpalgaon,Grapes,Thompson Seedless,FAQ,2026-08-18,4453,5668,5061,380
Maharashtra,Nashik,Pimpalgaon,Grapes,Thompson Seedless,FAQ,2026-08-17,4425,5632,5029,674
Maharashtra,Nashik,Pimpalgaon,Grapes,Thompson Seedless,FAQ,2026-08-16,4466,5685,5076,279
Maharashtra,Nashik,Pimpalgaon,Grapes,Thompson Seedless,FAQ,2026-08-15,4460,5677,5069,563
Maharashtra,Nashik,Pimpalgaon,Grapes,Thompson Seedless,FAQ,2026-08-14,4506,5735,5121,121
Maharashtra,Nashik,Pimpalgaon,Grapes,Thompson Seedless,FAQ,2026-08-13,4481,5704,5093,783
Maharashtra,Nashik,Pimpalgaon,Grapes,Thompson Seedless,FAQ,2026-08-12,4510,5741,5126,691
Maharashtra,Nashik,Pimpalgaon,Grapes,Thompson Seedless,FAQ,2026-08-11,4491,5716,5104,119
Maharashtra,Nashik,Pimpalgaon,Grapes,Thompson Seedless,FAQ,2026-08-10,4480,5701,5091,160
Maharashtra,Nashik,Pimpalgaon,Grapes,Thompson Seedless,FAQ,2026-08-09,4459,5676,5068,474
Maharashtra,Nashik,Pimpalgaon,Grapes,Thompson Seedless,FAQ,2026-08-08,4503,5732,5118,455
Maharashtra,Nashik,Pimpalgaon,Grapes,Thompson Seedless,FAQ,2026-08-07,4488,5713,5101,223
Maharashtra,Nashik,Pimpalgaon,Grapes,Thompson Seedless,FAQ,2026-08-06,4456,5671,5064,301
Maharashtra,Nashik,Pimpalgaon,Grapes,Thompson Seedless,FAQ,2026-08-05,4432,5641,5037,218
Maharashtra,Nashik,Pimpalgaon,Grapes,Thompson Seedless,FAQ,2026-08-04,4459,5676,5068,514
Maharashtra,Nashik,Pimpalgaon,Grapes,Thompson Seedless,FAQ,2026-08-03,4432,5641,5037,403
Maharashtra,Nashik,Pimpalgaon,Grapes,Thompson Seedless,FAQ,2026-08-02,4429,5638,5034,439
Maharashtra,Nashik,Pimpalgaon,Grapes,Thompson Seedless,FAQ,2026-08-01,4386,5583,4985,734
Maharashtra,Nashik,Pimpalgaon,Grapes,Thompson Seedless,FAQ,2026-07-31,4383,5578,4981,384
Maharashtra,Nashik,Pimpalgaon,Grapes,Thompson Seedless,FAQ,2026-07-30,4358,5547,4953,761
Maharashtra,Nashik,Pimpalgaon,Grapes,Thompson Seedless,FAQ,2026-07-29,4362,5551,4957,631
Maharashtra,Nashik,Pimpalgaon,Grapes,Thompson Seedless,FAQ,2026-07-28,4334,5517,4926,682
Maharashtra,Nashik,Pimpalgaon,Pomegranate,Bhagwa,FAQ,2026-08-26,5621,7154,6388,794
Maharashtra,Nashik,Pimpalgaon,Pomegranate,Bhagwa,FAQ,2026-08-25,5678,7227,6453,591
Maharashtra,Nashik,Pimpalgaon,Pomegranate,Bhagwa,FAQ,2026-08-24,5683,7232,6458,194
Maharashtra,Nashik,Pimpalgaon,Pomegranate,Bhagwa,FAQ,2026-08-23,5718,7277,6498,469
Maharashtra,Nashik,Pimpalgaon,Pomegranate,Bhagwa,FAQ,2026-08-22,5713,7272,6493,513
Maharashtra,Nashik,Pimpalgaon,Pomegranate,Bhagwa,FAQ,2026-08-21,5700,7255,6478,525
Maharashtra,Nashik,Pimpalgaon,Pomegranate,Bhagwa,FAQ,2026-08-20,5735,7300,6518,319
Maharashtra,Nashik,Pimpalgaon,Pomegranate,Bhagwa,FAQ,2026-08-19,5783,7360,6572,578
Maharashtra,Nashik,Pimpalgaon,Pomegranate,Bhagwa,FAQ,2026-08-18,5779,7356,6568,148
Maharashtra,Nashik,Pimpalgaon,Pomegranate,Bhagwa,FAQ,2026-08-17,5800,7383,6592,605
Maharashtra,Nashik,Pimpalgaon,Pomegranate,Bhagwa,FAQ,2026-08-16,5788,7367,6578,631
Maharashtra,Nashik,Pimpalgaon,Pomegranate,Bhagwa,FAQ,2026-08-15,5783,7360,6572,179
Maharashtra,Nashik,Pimpalgaon,Pomegranate,Bhagwa,FAQ,2026-08-14,5805,7388,6597,432
Maharashtra,Nashik,Pimpalgaon,Pomegranate,Bhagwa,FAQ,2026-08-13,5807,7390,6599,663
Maharashtra,Nashik,Pimpalgaon,Pomegranate,Bhagwa,FAQ,2026-08-12,5827,7416,6622,665
Maharashtra,Nashik,Pimpalgaon,Pomegranate,Bhagwa,FAQ,2026-08-11,5806,7389,6598,405
Maharashtra,Nashik,Pimpalgaon,Pomegranate,Bhagwa,FAQ,2026-08-10,5810,7395,6603,101
Maharashtra,Nashik,Pimpalgaon,Pomegranate,Bhagwa,FAQ,2026-08-09,5832,7423,6628,346
Maharashtra,Nashik,Pimpalgaon,Pomegranate,Bhagwa,FAQ,2026-08-08,5822,7409,6616,179
Maharashtra,Nashik,Pimpalgaon,Pomegranate,Bhagwa,FAQ,2026-08-07,5826,7415,6621,279
Maharashtra,Nashik,Pimpalgaon,Pomegranate,Bhagwa,FAQ,2026-08-06,5806,7389,6598,677
Maharashtra,Nashik,Pimpalgaon,Pomegranate,Bhagwa,FAQ,2026-08-05,5785,7362,6574,666
Maharashtra,Nashik,Pimpalgaon,Pomegranate,Bhagwa,FAQ,2026-08-04,5769,7342,6556,136
Maharashtra,Nashik,Pimpalgaon,Pomegranate,Bhagwa,FAQ,2026-08-03,5784,7361,6573,133
Maharashtra,Nashik,Pimpalgaon,Pomegranate,Bhagwa,FAQ,2026-08-02,5721,7282,6502,778
Maharashtra,Nashik,Pimpalgaon,Pomegranate,Bhagwa,FAQ,2026-08-01,5702,7257,6480,632
Maharashtra,Nashik,Pimpalgaon,Pomegranate,Bhagwa,FAQ,2026-07-31,5701,7256,6479,160
Maharashtra,Nashik,Pimpalgaon,Pomegranate,Bhagwa,FAQ,2026-07-30,5726,7287,6507,275
Maharashtra,Nashik,Pimpalgaon,Pomegranate,Bhagwa,FAQ,2026-07-29,5711,7268,6490,420
Maharashtra,Nashik,Pimpalgaon,Pomegranate,Bhagwa,FAQ,2026-07-28,5679,7228,6454,225
Maharashtra,Nashik,Lasalgaon,Tomato,Local,FAQ,2026-08-26,1813,2308,2061,670
Maharashtra,Nashik,Lasalgaon,Tomato,Vaishali,FAQ,2026-08-25,1843,2346,2095,115
Maharashtra,Nashik,Lasalgaon,Tomato,Hybrid,FAQ,2026-08-24,1921,2444,2183,268
Maharashtra,Nashik,Lasalgaon,Tomato,Vaishali,FAQ,2026-08-23,1928,2453,2191,399
Maharashtra,Nashik,Lasalgaon,Tomato,Local,FAQ,2026-08-22,1898,2415,2157,178
Maharashtra,Nashik,Lasalgaon,Tomato,Local,FAQ,2026-08-21,1912,2433,2173,519
Maharashtra,Nashik,Lasalgaon,Tomato,Local,FAQ,2026-08-20,1981,2522,2252,626
Maharashtra,Nashik,Lasalgaon,Tomato,Vaishali,FAQ,2026-08-19,1956,2489,2223,161
Maharashtra,Nashik,Lasalgaon,Tomato,Hybrid,FAQ,2026-08-18,1984,2525,2255,241
Maharashtra,Nashik,Lasalgaon,Tomato,Hybrid,FAQ,2026-08-17,2000,2545,2273,161
Maharashtra,Nashik,Lasalgaon,Tomato,Hybrid,FAQ,2026-08-16,2007,2554,2281,116
Maharashtra,Nashik,Lasalgaon,Tomato,Vaishali,FAQ,2026-08-15,2010,2559,2285,534
Maharashtra,Nashik,Lasalgaon,Tomato,Hybrid,FAQ,2026-08-14,2004,2551,2278,567
Maharashtra,Nashik,Lasalgaon,Tomato,Hybrid,FAQ,2026-08-13,1989,2532,2261,555
Maharashtra,Nashik,Lasalgaon,Tomato,Vaishali,FAQ,2026-08-12,2042,2599,2321,371
Maharashtra,Nashik,Lasalgaon,Tomato,Hybrid,FAQ,2026-08-11,2052,2611,2332,774
Maharashtra,Nashik,Lasalgaon,Tomato,Hybrid,FAQ,2026-08-10,2019,2570,2295,138
Maharashtra,Nashik,Lasalgaon,Tomato,Hybrid,FAQ,2026-08-09,1995,2540,2268,640
Maharashtra,Nashik,Lasalgaon,Tomato,Local,FAQ,2026-08-08,2015,2564,2290,256
Maharashtra,Nashik,Lasalgaon,Tomato,Hybrid,FAQ,2026-08-07,2031,2584,2308,385
Maharashtra,Nashik,Lasalgaon,Tomato,Local,FAQ,2026-08-06,1975,2514,2245,520
Maharashtra,Nashik,Lasalgaon,Tomato,Vaishali,FAQ,2026-08-05,1965,2500,2233,582
Maharashtra,Nashik,Lasalgaon,Tomato,Local,FAQ,2026-08-04,2014,2563,2289,390
Maharashtra,Nashik,Lasalgaon,Tomato,Vaishali,FAQ,2026-08-03,1985,2526,2256,186
Maharashtra,Nashik,Lasalgaon,Tomato,Local,FAQ,2026-08-02,1987,2528,2258,313
Maharashtra,Nashik,Lasalgaon,Tomato,Vaishali,FAQ,2026-08-01,1959,2494,2227,662
Maharashtra,Nashik,Lasalgaon,Tomato,Hybrid,FAQ,2026-07-31,1915,2438,2177,257
Maharashtra,Nashik,Lasalgaon,Tomato,Local,FAQ,2026-07-30,1936,2465,2201,552
Maharashtra,Nashik,Lasalgaon,Tomato,Local,FAQ,2026-07-29,1927,2452,2190,718
Maharashtra,Nashik,Lasalgaon,Tomato,Vaishali,FAQ,2026-07-28,1850,2355,2103,790
Maharashtra,Nashik,Lasalgaon,Onion,Garwa,FAQ,2026-08-26,1522,1937,1730,486
Maharashtra,Nashik,Lasalgaon,Onion,Red,FAQ,2026-08-25,1558,1983,1771,347
Maharashtra,Nashik,Lasalgaon,Onion,Red,FAQ,2026-08-24,1559,1984,1772,694
Maharashtra,Nashik,Lasalgaon,Onion,White,FAQ,2026-08-23,1605,2042,1824,455
Maharashtra,Nashik,Lasalgaon,Onion,White,FAQ,2026-08-22,1616,2057,1837,475
Maharashtra,Nashik,Lasalgaon,Onion,Garwa,FAQ,2026-08-21,1644,2093,1869,616
Maharashtra,Nashik,Lasalgaon,Onion,Garwa,FAQ,2026-08-20,1620,2061,1841,660
Maharashtra,Nashik,Lasalgaon,Onion,Red,FAQ,2026-08-19,1655,2106,1881,337
Maharashtra,Nashik,Lasalgaon,Onion,Red,FAQ,2026-08-18,1665,2120,1893,768
Maharashtra,Nashik,Lasalgaon,Onion,White,FAQ,2026-08-17,1669,2124,1897,798
Maharashtra,Nashik,Lasalgaon,Onion,Garwa,FAQ,2026-08-16,1724,2195,1960,623
Maharashtra,Nashik,Lasalgaon,Onion,White,FAQ,2026-08-15,1730,2201,1966,539
Maharashtra,Nashik,Lasalgaon,Onion,Garwa,FAQ,2026-08-14,1699,2162,1931,663
Maharashtra,Nashik,Lasalgaon,Onion,White,FAQ,2026-08-13,1702,2167,1935,340
Maharashtra,Nashik,Lasalgaon,Onion,White,FAQ,2026-08-12,1684,2143,1914,774
Maharashtra,Nashik,Lasalgaon,Onion,White,FAQ,2026-08-11,1693,2154,1924,229
Maharashtra,Nashik,Lasalgaon,Onion,Garwa,FAQ,2026-08-10,1740,2215,1978,169
Maharashtra,Nashik,Lasalgaon,Onion,White,FAQ,2026-08-09,1731,2204,1968,162
Maharashtra,Nashik,Lasalgaon,Onion,Red,FAQ,2026-08-08,1691,2152,1922,582
Maharashtra,Nashik,Lasalgaon,Onion,Red,FAQ,2026-08-07,1704,2169,1937,360
Maharashtra,Nashik,Lasalgaon,Onion,Red,FAQ,2026-08-06,1684,2143,1914,336
Maharashtra,Nashik,Lasalgaon,Onion,White,FAQ,2026-08-05,1653,2104,1879,586
Maharashtra,Nashik,Lasalgaon,Onion,White,FAQ,2026-08-04,1708,2173,1941,433
Maharashtra,Nashik,Lasalgaon,Onion,Garwa,FAQ,2026-08-03,1689,2150,1920,225
Maharashtra,Nashik,Lasalgaon,Onion,Red,FAQ,2026-08-02,1623,2066,1845,540
Maharashtra,Nashik,Lasalgaon,Onion,White,FAQ,2026-08-01,1616,2057,1837,633
Maharashtra,Nashik,Lasalgaon,Onion,White,FAQ,2026-07-31,1588,2021,1805,394
Maharashtra,Nashik,Lasalgaon,Onion,White,FAQ,2026-07-30,1609,2048,1829,274
Maharashtra,Nashik,Lasalgaon,Onion,White,FAQ,2026-07-29,1560,1985,1773,777
Maharashtra,Nashik,Lasalgaon,Onion,White,FAQ,2026-07-28,1574,2003,1789,284
Maharashtra,Nashik,Lasalgaon,Wheat,Lok-1,FAQ,2026-08-26,2049,2608,2329,364
Maharashtra,Nashik,Lasalgaon,Wheat,Lok-1,FAQ,2026-08-25,2105,2680,2393,688
Maharashtra,Nashik,Lasalgaon,Wheat,FAQ,FAQ,2026-08-24,2083,2652,2368,274
Maharashtra,Nashik,Lasalgaon,Wheat,FAQ,FAQ,2026-08-23,2112,2688,2400,139
Maharashtra,Nashik,Lasalgaon,Wheat,FAQ,FAQ,2026-08-22,2180,2775,2478,126
Maharashtra,Nashik,Lasalgaon,Wheat,Lok-1,FAQ,2026-08-21,2159,2748,2454,698
Maharashtra,Nashik,Lasalgaon,Wheat,FAQ,FAQ,2026-08-20,2146,2731,2439,261
Maharashtra,Nashik,Lasalgaon,Wheat,Sharbati,FAQ,2026-08-19,2194,2793,2494,749
Maharashtra,Nashik,Lasalgaon,Wheat,Lok-1,FAQ,2026-08-18,2176,2769,2473,258
Maharashtra,Nashik,Lasalgaon,Wheat,Sharbati,FAQ,2026-08-17,2196,2795,2496,667
Maharashtra,Nashik,Lasalgaon,Wheat,Lok-1,FAQ,2026-08-16,2195,2794,2495,395
Maharashtra,Nashik,Lasalgaon,Wheat,FAQ,FAQ,2026-08-15,2238,2849,2544,738
Maharashtra,Nashik,Lasalgaon,Wheat,FAQ,FAQ,2026-08-14,2248,2861,2555,319
Maharashtra,Nashik,Lasalgaon,Wheat,Lok-1,FAQ,2026-08-13,2205,2806,2506,407
Maharashtra,Nashik,Lasalgaon,Wheat,Sharbati,FAQ,2026-08-12,2220,2825,2523,543
Maharashtra,Nashik,Lasalgaon,Wheat,Sharbati,FAQ,2026-08-11,2220,2825,2523,350
Maharashtra,Nashik,Lasalgaon,Wheat,Sharbati,FAQ,2026-08-10,2255,2870,2563,598
Maharashtra,Nashik,Lasalgaon,Wheat,FAQ,FAQ,2026-08-09,2211,2814,2513,202
Maharashtra,Nashik,Lasalgaon,Wheat,Lok-1,FAQ,2026-08-08,2259,2876,2568,517
Maharashtra,Nashik,Lasalgaon,Wheat,Sharbati,FAQ,2026-08-07,2262,2879,2571,424
Maharashtra,Nashik,Lasalgaon,Wheat,FAQ,FAQ,2026-08-06,2224,2831,2528,692
Maharashtra,Nashik,Lasalgaon,Wheat,Lok-1,FAQ,2026-08-05,2193,2792,2493,403
Maharashtra,Nashik,Lasalgaon,Wheat,Lok-1,FAQ,2026-08-04,2218,2823,2521,229
Maharashtra,Nashik,Lasalgaon,Wheat,Sharbati,FAQ,2026-08-03,2195,2794,2495,153
Maharashtra,Nashik,Lasalgaon,Wheat,FAQ,FAQ,2026-08-02,2188,2785,2487,552
Maharashtra,Nashik,Lasalgaon,Wheat,Sharbati,FAQ,2026-08-01,2185,2780,2483,121
Maharashtra,Nashik,Lasalgaon,Wheat,Lok-1,FAQ,2026-07-31,2137,2720,2429,422
Maharashtra,Nashik,Lasalgaon,Wheat,Sharbati,FAQ,2026-07-30,2130,2711,2421,352
Maharashtra,Nashik,Lasalgaon,Wheat,Lok-1,FAQ,2026-07-29,2118,2695,2407,544
Maharashtra,Nashik,Lasalgaon,Wheat,FAQ,FAQ,2026-07-28,2061,2624,2343,242
Maharashtra,Nashik,Lasalgaon,Rice,Paddy(Dpr),FAQ,2026-08-26,2222,2829,2526,411
Maharashtra,Nashik,Lasalgaon,Rice,Basmati,FAQ,2026-08-25,2240,2851,2546,657
Maharashtra,Nashik,Lasalgaon,Rice,Paddy(Dpr),FAQ,2026-08-24,2236,2845,2541,516
Maharashtra,Nashik,Lasalgaon,Rice,Paddy(Dpr),FAQ,2026-08-23,2277,2898,2588,228
Maharashtra,Nashik,Lasalgaon,Rice,Basmati,FAQ,2026-08-22,2313,2944,2629,696
Maharashtra,Nashik,Lasalgaon,Rice,Swarna,FAQ,2026-08-21,2290,2915,2603,664
Maharashtra,Nashik,Lasalgaon,Rice,Paddy(Dpr),FAQ,2026-08-20,2326,2961,2644,352
Maharashtra,Nashik,Lasalgaon,Rice,Basmati,FAQ,2026-08-19,2360,3003,2682,572
Maharashtra,Nashik,Lasalgaon,Rice,Basmati,FAQ,2026-08-18,2318,2951,2635,128
Maharashtra,Nashik,Lasalgaon,Rice,Basmati,FAQ,2026-08-17,2369,3016,2693,674
Maharashtra,Nashik,Lasalgaon,Rice,Basmati,FAQ,2026-08-16,2383,3032,2708,527
Maharashtra,Nashik,Lasalgaon,Rice,Basmati,FAQ,2026-08-15,2390,3041,2716,177
Maharashtra,Nashik,Lasalgaon,Rice,Paddy(Dpr),FAQ,2026-08-14,2351,2992,2672,196
Maharashtra,Nashik,Lasalgaon,Rice,Paddy(Dpr),FAQ,2026-08-13,2340,2979,2660,228
Maharashtra,Nashik,Lasalgaon,Rice,Swarna,FAQ,2026-08-12,2361,3004,2683,578
Maharashtra,Nashik,Lasalgaon,Rice,Basmati,FAQ,2026-08-11,2397,3050,2724,527
Maharashtra,Nashik,Lasalgaon,Rice,Basmati,FAQ,2026-08-10,2377,3026,2702,103
Maharashtra,Nashik,Lasalgaon,Rice,Swarna,FAQ,2026-08-09,2349,2990,2670,326
Maharashtra,Nashik,Lasalgaon,Rice,Paddy(Dpr),FAQ,2026-08-08,2388,3039,2714,461
Maharashtra,Nashik,Lasalgaon,Rice,Swarna,FAQ,2026-08-07,2389,3040,2715,684
Maharashtra,Nashik,Lasalgaon,Rice,Basmati,FAQ,2026-08-06,2357,3000,2679,309
Maharashtra,Nashik,Lasalgaon,Rice,Basmati,FAQ,2026-08-05,2328,2963,2646,367
Maharashtra,Nashik,Lasalgaon,Rice,Basmati,FAQ,2026-08-04,2337,2974,2656,106
Maharashtra,Nashik,Lasalgaon,Rice,Swarna,FAQ,2026-08-03,2340,2979,2660,387
Maharashtra,Nashik,Lasalgaon,Rice,Basmati,FAQ,2026-08-02,2346,2987,2667,179
Maharashtra,Nashik,Lasalgaon,Rice,Basmati,FAQ,2026-08-01,2280,2901,2591,714
Maharashtra,Nashik,Lasalgaon,Rice,Basmati,FAQ,2026-07-31,2269,2888,2579,129
Maharashtra,Nashik,Lasalgaon,Rice,Basmati,FAQ,2026-07-30,2295,2922,2609,491
Maharashtra,Nashik,Lasalgaon,Rice,Swarna,FAQ,2026-07-29,2245,2858,2552,238
Maharashtra,Nashik,Lasalgaon,Rice,Paddy(Dpr),FAQ,2026-07-28,2214,2819,2517,701
Maharashtra,Nashik,Lasalgaon,Potato,Kufri,FAQ,2026-08-26,1257,1600,1429,625
Maharashtra,Nashik,Lasalgaon,Potato,Jyoti,FAQ,2026-08-25,1255,1598,1427,393
Maharashtra,Nashik,Lasalgaon,Potato,Jyoti,FAQ,2026-08-24,1309,1666,1488,300
Maharashtra,Nashik,Lasalgaon,Potato,Kufri,FAQ,2026-08-23,1283,1634,1459,606
Maharashtra,Nashik,Lasalgaon,Potato,Jyoti,FAQ,2026-08-22,1328,1691,1510,168
Maharashtra,Nashik,Lasalgaon,Potato,Jyoti,FAQ,2026-08-21,1364,1737,1551,639
Maharashtra,Nashik,Lasalgaon,Potato,Kufri,FAQ,2026-08-20,1341,1706,1524,240
Maharashtra,Nashik,Lasalgaon,Potato,Jyoti,FAQ,2026-08-19,1385,1762,1574,482
Maharashtra,Nashik,Lasalgaon,Potato,Jyoti,FAQ,2026-08-18,1388,1767,1578,754
Maharashtra,Nashik,Lasalgaon,Potato,Jyoti,FAQ,2026-08-17,1397,1778,1588,126
Maharashtra,Nashik,Lasalgaon,Potato,Kufri,FAQ,2026-08-16,1369,1742,1556,192
Maharashtra,Nashik,Lasalgaon,Potato,Jyoti,FAQ,2026-08-15,1361,1732,1547,186
Maharashtra,Nashik,Lasalgaon,Potato,Kufri,FAQ,2026-08-14,1425,1814,1620,278
Maharashtra,Nashik,Lasalgaon,Potato,Jyoti,FAQ,2026-08-13,1384,1761,1573,508
Maharashtra,Nashik,Lasalgaon,Potato,Jyoti,FAQ,2026-08-12,1411,1796,1604,702
Maharashtra,Nashik,Lasalgaon,Potato,Jyoti,FAQ,2026-08-11,1435,1826,1631,184
Maharashtra,Nashik,Lasalgaon,Potato,Jyoti,FAQ,2026-08-10,1377,1752,1565,326
Maharashtra,Nashik,Lasalgaon,Potato,Kufri,FAQ,2026-08-09,1382,1759,1571,679
Maharashtra,Nashik,Lasalgaon,Potato,Kufri,FAQ,2026-08-08,1393,1774,1584,414
Maharashtra,Nashik,Lasalgaon,Potato,Jyoti,FAQ,2026-08-07,1378,1753,1566,526
Maharashtra,Nashik,Lasalgaon,Potato,Kufri,FAQ,2026-08-06,1371,1744,1558,270
Maharashtra,Nashik,Lasalgaon,Potato,Kufri,FAQ,2026-08-05,1357,1728,1543,187
Maharashtra,Nashik,Lasalgaon,Potato,Jyoti,FAQ,2026-08-04,1356,1727,1542,793
Maharashtra,Nashik,Lasalgaon,Potato,Jyoti,FAQ,2026-08-03,1352,1721,1537,621
Maharashtra,Nashik,Lasalgaon,Potato,Kufri,FAQ,2026-08-02,1361,1732,1547,279
Maharashtra,Nashik,Lasalgaon,Potato,Kufri,FAQ,2026-08-01,1313,1672,1493,594
Maharashtra,Nashik,Lasalgaon,Potato,Kufri,FAQ,2026-07-31,1342,1708,1525,752
Maharashtra,Nashik,Lasalgaon,Potato,Kufri,FAQ,2026-07-30,1289,1640,1465,678
Maharashtra,Nashik,Lasalgaon,Potato,Jyoti,FAQ,2026-07-29,1269,1616,1443,374
Maharashtra,Nashik,Lasalgaon,Potato,Jyoti,FAQ,2026-07-28,1271,1618,1445,604
Maharashtra,Nashik,Lasalgaon,Soyabean,Yellow,FAQ,2026-08-26,3817,4858,4338,394
Maharashtra,Nashik,Lasalgaon,Soyabean,JS-335,FAQ,2026-08-25,3835,4882,4359,210
Maharashtra,Nashik,Lasalgaon,Soyabean,Yellow,FAQ,2026-08-24,3800,4837,4319,568
Maharashtra,Nashik,Lasalgaon,Soyabean,Yellow,FAQ,2026-08-23,3813,4852,4333,690
Maharashtra,Nashik,Lasalgaon,Soyabean,Yellow,FAQ,2026-08-22,3832,4877,4355,256
Maharashtra,Nashik,Lasalgaon,Soyabean,JS-335,FAQ,2026-08-21,3865,4920,4393,333
Maharashtra,Nashik,Lasalgaon,Soyabean,Yellow,FAQ,2026-08-20,3861,4914,4388,424
Maharashtra,Nashik,Lasalgaon,Soyabean,JS-335,FAQ,2026-08-19,3879,4938,4409,203
Maharashtra,Nashik,Lasalgaon,Soyabean,Yellow,FAQ,2026-08-18,3942,5017,4480,477
Maharashtra,Nashik,Lasalgaon,Soyabean,JS-335,FAQ,2026-08-17,3945,5022,4484,718
Maharashtra,Nashik,Lasalgaon,Soyabean,Yellow,FAQ,2026-08-16,3960,5041,4501,323
Maharashtra,Nashik,Lasalgaon,Soyabean,Yellow,FAQ,2026-08-15,3930,5003,4467,580
Maharashtra,Nashik,Lasalgaon,Soyabean,JS-335,FAQ,2026-08-14,3956,5035,4496,404
Maharashtra,Nashik,Lasalgaon,Soyabean,JS-335,FAQ,2026-08-13,3963,5044,4504,615
Maharashtra,Nashik,Lasalgaon,Soyabean,JS-335,FAQ,2026-08-12,3955,5034,4495,506
Maharashtra,Nashik,Lasalgaon,Soyabean,Yellow,FAQ,2026-08-11,3994,5083,4539,507
Maharashtra,Nashik,Lasalgaon,Soyabean,Yellow,FAQ,2026-08-10,3952,5031,4492,489
Maharashtra,Nashik,Lasalgaon,Soyabean,JS-335,FAQ,2026-08-09,3935,5008,4472,426
Maharashtra,Nashik,Lasalgaon,Soyabean,Yellow,FAQ,2026-08-08,3974,5059,4517,491
Maharashtra,Nashik,Lasalgaon,Soyabean,JS-335,FAQ,2026-08-07,3919,4988,4454,319
Maharashtra,Nashik,Lasalgaon,Soyabean,Yellow,FAQ,2026-08-06,3944,5019,4482,333
Maharashtra,Nashik,Lasalgaon,Soyabean,Yellow,FAQ,2026-08-05,3944,5019,4482,463
Maharashtra,Nashik,Lasalgaon,Soyabean,Yellow,FAQ,2026-08-04,3906,4971,4439,257
Maharashtra,Nashik,Lasalgaon,Soyabean,JS-335,FAQ,2026-08-03,3883,4942,4413,218
Maharashtra,Nashik,Lasalgaon,Soyabean,Yellow,FAQ,2026-08-02,3890,4951,4421,239
Maharashtra,Nashik,Lasalgaon,Soyabean,JS-335,FAQ,2026-08-01,3912,4979,4446,673
Maharashtra,Nashik,Lasalgaon,Soyabean,JS-335,FAQ,2026-07-31,3874,4931,4403,418
Maharashtra,Nashik,Lasalgaon,Soyabean,Yellow,FAQ,2026-07-30,3871,4926,4399,104
Maharashtra,Nashik,Lasalgaon,Soyabean,JS-335,FAQ,2026-07-29,3802,4839,4321,625
Maharashtra,Nashik,Lasalgaon,Soyabean,Yellow,FAQ,2026-07-28,3838,4885,4362,666
Maharashtra,Nashik,Lasalgaon,Maize,Yellow,FAQ,2026-08-26,1629,2074,1852,285
Maharashtra,Nashik,Lasalgaon,Maize,Yellow,FAQ,2026-08-25,1628,2072,1850,632
Maharashtra,Nashik,Lasalgaon,Maize,Yellow,FAQ,2026-08-24,1653,2104,1879,533
Maharashtra,Nashik,Lasalgaon,Maize,Yellow,FAQ,2026-08-23,1688,2149,1919,783
Maharashtra,Nashik,Lasalgaon,Maize,Yellow,FAQ,2026-08-22,1711,2178,1945,476
Maharashtra,Nashik,Lasalgaon,Maize,Hybrid,FAQ,2026-08-21,1739,2214,1977,768
Maharashtra,Nashik,Lasalgaon,Maize,Yellow,FAQ,2026-08-20,1708,2173,1941,378
Maharashtra,Nashik,Lasalgaon,Maize,Yellow,FAQ,2026-08-19,1773,2256,2015,552
Maharashtra,Nashik,Lasalgaon,Maize,Hybrid,FAQ,2026-08-18,1771,2254,2013,706
Maharashtra,Nashik,Lasalgaon,Maize,Yellow,FAQ,2026-08-17,1800,2291,2046,509
Maharashtra,Nashik,Lasalgaon,Maize,Hybrid,FAQ,2026-08-16,1817,2312,2065,661
Maharashtra,Nashik,Lasalgaon,Maize,Yellow,FAQ,2026-08-15,1817,2312,2065,697
Maharashtra,Nashik,Lasalgaon,Maize,Yellow,FAQ,2026-08-14,1819,2316,2068,510
Maharashtra,Nashik,Lasalgaon,Maize,Yellow,FAQ,2026-08-13,1796,2287,2042,268
Maharashtra,Nashik,Lasalgaon,Maize,Yellow,FAQ,2026-08-12,1768,2251,2010,539
Maharashtra,Nashik,Lasalgaon,Maize,Hybrid,FAQ,2026-08-11,1814,2309,2062,602
Maharashtra,Nashik,Lasalgaon,Maize,Yellow,FAQ,2026-08-10,1802,2293,2048,523
Maharashtra,Nashik,Lasalgaon,Maize,Yellow,FAQ,2026-08-09,1791,2280,2036,623
Maharashtra,Nashik,Lasalgaon,Maize,Hybrid,FAQ,2026-08-08,1795,2284,2040,615
Maharashtra,Nashik,Lasalgaon,Maize,Hybrid,FAQ,2026-08-07,1819,2316,2068,717
Maharashtra,Nashik,Lasalgaon,Maize,Hybrid,FAQ,2026-08-06,1811,2306,2059,370
Maharashtra,Nashik,Lasalgaon,Maize,Hybrid,FAQ,2026-08-05,1770,2253,2012,760
Maharashtra,Nashik,Lasalgaon,Maize,Hybrid,FAQ,2026-08-04,1749,2226,1988,393
Maharashtra,Nashik,Lasalgaon,Maize,Yellow,FAQ,2026-08-03,1768,2251,2010,751
Maharashtra,Nashik,Lasalgaon,Maize,Yellow,FAQ,2026-08-02,1717,2186,1952,118
Maharashtra,Nashik,Lasalgaon,Maize,Yellow,FAQ,2026-08-01,1729,2200,1965,494
Maharashtra,Nashik,Lasalgaon,Maize,Yellow,FAQ,2026-07-31,1701,2164,1933,390
Maharashtra,Nashik,Lasalgaon,Maize,Yellow,FAQ,2026-07-30,1658,2111,1885,741
Maharashtra,Nashik,Lasalgaon,Maize,Hybrid,FAQ,2026-07-29,1703,2168,1936,726
Maharashtra,Nashik,Lasalgaon,Maize,Yellow,FAQ,2026-07-28,1641,2088,1865,270
Maharashtra,Nashik,Lasalgaon,Cotton,Medium Staple,FAQ,2026-08-26,5701,7256,6479,708
Maharashtra,Nashik,Lasalgaon,Cotton,Medium Staple,FAQ,2026-08-25,5712,7269,6491,302
Maharashtra,Nashik,Lasalgaon,Cotton,Medium Staple,FAQ,2026-08-24,5793,7374,6584,676
Maharashtra,Nashik,Lasalgaon,Cotton,Medium Staple,FAQ,2026-08-23,5816,7403,6610,523
Maharashtra,Nashik,Lasalgaon,Cotton,Medium Staple,FAQ,2026-08-22,5775,7350,6563,715
Maharashtra,Nashik,Lasalgaon,Cotton,Medium Staple,FAQ,2026-08-21,5797,7378,6588,143
Maharashtra,Nashik,Lasalgaon,Cotton,Medium Staple,FAQ,2026-08-20,5818,7405,6612,701
Maharashtra,Nashik,Lasalgaon,Cotton,Medium Staple,FAQ,2026-08-19,5827,7416,6622,716
Maharashtra,Nashik,Lasalgaon,Cotton,Medium Staple,FAQ,2026-08-18,5845,7440,6643,352
Maharashtra,Nashik,Lasalgaon,Cotton,Medium Staple,FAQ,2026-08-17,5844,7437,6641,667
Maharashtra,Nashik,Lasalgaon,Cotton,Medium Staple,FAQ,2026-08-16,5908,7519,6714,339
Maharashtra,Nashik,Lasalgaon,Cotton,Medium Staple,FAQ,2026-08-15,5897,7506,6702,162
Maharashtra,Nashik,Lasalgaon,Cotton,Medium Staple,FAQ,2026-08-14,5885,7490,6688,671
Maharashtra,Nashik,Lasalgaon,Cotton,Medium Staple,FAQ,2026-08-13,5892,7499,6696,673
Maharashtra,Nashik,Lasalgaon,Cotton,Medium Staple,FAQ,2026-08-12,5860,7459,6660,728
Maharashtra,Nashik,Lasalgaon,Cotton,Medium Staple,FAQ,2026-08-11,5877,7480,6679,509
Maharashtra,Nashik,Lasalgaon,Cotton,Medium Staple,FAQ,2026-08-10,5863,7462,6663,381
Maharashtra,Nashik,Lasalgaon,Cotton,Medium Staple,FAQ,2026-08-09,5863,7462,6663,577
Maharashtra,Nashik,Lasalgaon,Cotton,Medium Staple,FAQ,2026-08-08,5887,7492,6690,152
Maharashtra,Nashik,Lasalgaon,Cotton,Medium Staple,FAQ,2026-08-07,5857,7454,6656,484
Maharashtra,Nashik,Lasalgaon,Cotton,Medium Staple,FAQ,2026-08-06,5893,7500,6697,126
Maharashtra,Nashik,Lasalgaon,Cotton,Medium Staple,FAQ,2026-08-05,5889,7496,6693,230
Maharashtra,Nashik,Lasalgaon,Cotton,Medium Staple,FAQ,2026-08-04,5830,7420,6625,458
Maharashtra,Nashik,Lasalgaon,Cotton,Medium Staple,FAQ,2026-08-03,5821,7408,6615,106
Maharashtra,Nashik,Lasalgaon,Cotton,Medium Staple,FAQ,2026-08-02,5852,7449,6651,783
Maharashtra,Nashik,Lasalgaon,Cotton,Medium Staple,FAQ,2026-08-01,5815,7400,6608,602
Maharashtra,Nashik,Lasalgaon,Cotton,Medium Staple,FAQ,2026-07-31,5793,7374,6584,192
Maharashtra,Nashik,Lasalgaon,Cotton,Medium Staple,FAQ,2026-07-30,5774,7349,6562,712
Maharashtra,Nashik,Lasalgaon,Cotton,Medium Staple,FAQ,2026-07-29,5786,7364,6575,232
Maharashtra,Nashik,Lasalgaon,Cotton,Medium Staple,FAQ,2026-07-28,5720,7281,6501,332
Maharashtra,Nashik,Lasalgaon,Sugarcane,Co-86032,FAQ,2026-08-26,264,336,300,307
Maharashtra,Nashik,Lasalgaon,Sugarcane,Co-86032,FAQ,2026-08-25,264,336,300,497
Maharashtra,Nashik,Lasalgaon,Sugarcane,Co-86032,FAQ,2026-08-24,264,336,300,142
Maharashtra,Nashik,Lasalgaon,Sugarcane,Co-86032,FAQ,2026-08-23,277,352,315,196
Maharashtra,Nashik,Lasalgaon,Sugarcane,Co-86032,FAQ,2026-08-22,293,372,333,238
Maharashtra,Nashik,Lasalgaon,Sugarcane,Co-86032,FAQ,2026-08-21,315,400,358,725
Maharashtra,Nashik,Lasalgaon,Sugarcane,Co-86032,FAQ,2026-08-20,283,360,322,323
Maharashtra,Nashik,Lasalgaon,Sugarcane,Co-86032,FAQ,2026-08-19,310,395,353,374
Maharashtra,Nashik,Lasalgaon,Sugarcane,Co-86032,FAQ,2026-08-18,342,435,389,255
Maharashtra,Nashik,Lasalgaon,Sugarcane,Co-86032,FAQ,2026-08-17,355,452,404,764
Maharashtra,Nashik,Lasalgaon,Sugarcane,Co-86032,FAQ,2026-08-16,383,488,436,166
Maharashtra,Nashik,Lasalgaon,Sugarcane,Co-86032,FAQ,2026-08-15,325,414,370,711
Maharashtra,Nashik,Lasalgaon,Sugarcane,Co-86032,FAQ,2026-08-14,375,478,427,262
Maharashtra,Nashik,Lasalgaon,Sugarcane,Co-86032,FAQ,2026-08-13,331,422,377,636
Maharashtra,Nashik,Lasalgaon,Sugarcane,Co-86032,FAQ,2026-08-12,374,477,426,534
Maharashtra,Nashik,Lasalgaon,Sugarcane,Co-86032,FAQ,2026-08-11,352,448,400,166
Maharashtra,Nashik,Lasalgaon,Sugarcane,Co-86032,FAQ,2026-08-10,348,443,396,122
Maharashtra,Nashik,Lasalgaon,Sugarcane,Co-86032,FAQ,2026-08-09,374,476,425,490
Maharashtra,Nashik,Lasalgaon,Sugarcane,Co-86032,FAQ,2026-08-08,394,501,448,763
Maharashtra,Nashik,Lasalgaon,Sugarcane,Co-86032,FAQ,2026-08-07,340,433,387,272
Maharashtra,Nashik,Lasalgaon,Sugarcane,Co-86032,FAQ,2026-08-06,347,442,395,486
Maharashtra,Nashik,Lasalgaon,Sugarcane,Co-86032,FAQ,2026-08-05,370,471,421,206
Maharashtra,Nashik,Lasalgaon,Sugarcane,Co-86032,FAQ,2026-08-04,340,433,387,188
Maharashtra,Nashik,Lasalgaon,Sugarcane,Co-86032,FAQ,2026-08-03,284,361,323,412
Maharashtra,Nashik,Lasalgaon,Sugarcane,Co-86032,FAQ,2026-08-02,301,384,343,141
Maharashtra,Nashik,Lasalgaon,Sugarcane,Co-86032,FAQ,2026-08-01,326,415,371,345
Maharashtra,Nashik,Lasalgaon,Sugarcane,Co-86032,FAQ,2026-07-31,299,380,340,435
Maharashtra,Nashik,Lasalgaon,Sugarcane,Co-86032,FAQ,2026-07-30,264,336,300,144
Maharashtra,Nashik,Lasalgaon,Sugarcane,Co-86032,FAQ,2026-07-29,264,336,300,386
Maharashtra,Nashik,Lasalgaon,Sugarcane,Co-86032,FAQ,2026-07-28,264,336,300,678
Maharashtra,Nashik,Lasalgaon,Mustard,Yellow,FAQ,2026-08-26,4715,6000,5358,620
Maharashtra,Nashik,Lasalgaon,Mustard,Yellow,FAQ,2026-08-25,4765,6064,5415,187
Maharashtra,Nashik,Lasalgaon,Mustard,Black,FAQ,2026-08-24,4782,6087,5435,285
Maharashtra,Nashik,Lasalgaon,Mustard,Black,FAQ,2026-08-23,4774,6076,5425,453
Maharashtra,Nashik,Lasalgaon,Mustard,Black,FAQ,2026-08-22,4754,6051,5403,757
Maharashtra,Nashik,Lasalgaon,Mustard,Black,FAQ,2026-08-21,4840,6161,5501,660
Maharashtra,Nashik,Lasalgaon,Mustard,Black,FAQ,2026-08-20,4802,6111,5457,220
Maharashtra,Nashik,Lasalgaon,Mustard,Black,FAQ,2026-08-19,4833,6152,5493,466
Maharashtra,Nashik,Lasalgaon,Mustard,Black,FAQ,2026-08-18,4861,6186,5524,509
Maharashtra,Nashik,Lasalgaon,Mustard,Black,FAQ,2026-08-17,4867,6194,5531,459
Maharashtra,Nashik,Lasalgaon,Mustard,Black,FAQ,2026-08-16,4887,6220,5554,275
Maharashtra,Nashik,Lasalgaon,Mustard,Black,FAQ,2026-08-15,4898,6235,5567,349
Maharashtra,Nashik,Lasalgaon,Mustard,Yellow,FAQ,2026-08-14,4869,6198,5534,596
Maharashtra,Nashik,Lasalgaon,Mustard,Yellow,FAQ,2026-08-13,4857,6182,5520,775
Maharashtra,Nashik,Lasalgaon,Mustard,Yellow,FAQ,2026-08-12,4894,6229,5562,491
Maharashtra,Nashik,Lasalgaon,Mustard,Yellow,FAQ,2026-08-11,4903,6240,5572,166
Maharashtra,Nashik,Lasalgaon,Mustard,Yellow,FAQ,2026-08-10,4903,6240,5572,556
Maharashtra,Nashik,Lasalgaon,Mustard,Yellow,FAQ,2026-08-09,4856,6181,5519,300
Maharashtra,Nashik,Lasalgaon,Mustard,Yellow,FAQ,2026-08-08,4845,6166,5506,458
Maharashtra,Nashik,Lasalgaon,Mustard,Black,FAQ,2026-08-07,4896,6231,5564,219
Maharashtra,Nashik,Lasalgaon,Mustard,Black,FAQ,2026-08-06,4832,6149,5491,582
Maharashtra,Nashik,Lasalgaon,Mustard,Black,FAQ,2026-08-05,4840,6161,5501,430
Maharashtra,Nashik,Lasalgaon,Mustard,Yellow,FAQ,2026-08-04,4872,6201,5537,762
Maharashtra,Nashik,Lasalgaon,Mustard,Black,FAQ,2026-08-03,4843,6164,5504,500
Maharashtra,Nashik,Lasalgaon,Mustard,Yellow,FAQ,2026-08-02,4832,6149,5491,276
Maharashtra,Nashik,Lasalgaon,Mustard,Black,FAQ,2026-08-01,4825,6142,5484,189
Maharashtra,Nashik,Lasalgaon,Mustard,Yellow,FAQ,2026-07-31,4775,6078,5427,188
Maharashtra,Nashik,Lasalgaon,Mustard,Yellow,FAQ,2026-07-30,4762,6061,5412,403
Maharashtra,Nashik,Lasalgaon,Mustard,Yellow,FAQ,2026-07-29,4725,6014,5370,193
Maharashtra,Nashik,Lasalgaon,Mustard,Yellow,FAQ,2026-07-28,4749,6044,5397,734
Maharashtra,Nashik,Lasalgaon,Grapes,Thompson Seedless,FAQ,2026-08-26,4285,5454,4870,575
Maharashtra,Nashik,Lasalgaon,Grapes,Thompson Seedless,FAQ,2026-08-25,4349,5536,4943,260
Maharashtra,Nashik,Lasalgaon,Grapes,Thompson Seedless,FAQ,2026-08-24,4363,5552,4958,107
Maharashtra,Nashik,Lasalgaon,Grapes,Thompson Seedless,FAQ,2026-08-23,4406,5607,5007,575
Maharashtra,Nashik,Lasalgaon,Grapes,Thompson Seedless,FAQ,2026-08-22,4410,5613,5012,301
Maharashtra,Nashik,Lasalgaon,Grapes,Thompson Seedless,FAQ,2026-08-21,4376,5569,4973,359
Maharashtra,Nashik,Lasalgaon,Grapes,Thompson Seedless,FAQ,2026-08-20,4396,5595,4996,733
Maharashtra,Nashik,Lasalgaon,Grapes,Thompson Seedless,FAQ,2026-08-19,4452,5667,5060,516
Maharashtra,Nashik,Lasalgaon,Grapes,Thompson Seedless,FAQ,2026-08-18,4458,5673,5066,152
Maharashtra,Nashik,Lasalgaon,Grapes,Thompson Seedless,FAQ,2026-08-17,4437,5648,5043,417
Maharashtra,Nashik,Lasalgaon,Grapes,Thompson Seedless,FAQ,2026-08-16,4494,5719,5107,713
Maharashtra,Nashik,Lasalgaon,Grapes,Thompson Seedless,FAQ,2026-08-15,4470,5689,5080,556
Maharashtra,Nashik,Lasalgaon,Grapes,Thompson Seedless,FAQ,2026-08-14,4454,5669,5062,627
Maharashtra,Nashik,Lasalgaon,Grapes,Thompson Seedless,FAQ,2026-08-13,4452,5667,5060,370
Maharashtra,Nashik,Lasalgaon,Grapes,Thompson Seedless,FAQ,2026-08-12,4467,5686,5077,150
Maharashtra,Nashik,Lasalgaon,Grapes,Thompson Seedless,FAQ,2026-08-11,4509,5738,5124,787
Maharashtra,Nashik,Lasalgaon,Grapes,Thompson Seedless,FAQ,2026-08-10,4477,5698,5088,800
Maharashtra,Nashik,Lasalgaon,Grapes,Thompson Seedless,FAQ,2026-08-09,4476,5697,5087,688
Maharashtra,Nashik,Lasalgaon,Grapes,Thompson Seedless,FAQ,2026-08-08,4456,5671,5064,675
Maharashtra,Nashik,Lasalgaon,Grapes,Thompson Seedless,FAQ,2026-08-07,4509,5738,5124,306
Maharashtra,Nashik,Lasalgaon,Grapes,Thompson Seedless,FAQ,2026-08-06,4487,5710,5099,416
Maharashtra,Nashik,Lasalgaon,Grapes,Thompson Seedless,FAQ,2026-08-05,4424,5631,5028,765
Maharashtra,Nashik,Lasalgaon,Grapes,Thompson Seedless,FAQ,2026-08-04,4446,5659,5053,136
Maharashtra,Nashik,Lasalgaon,Grapes,Thompson Seedless,FAQ,2026-08-03,4415,5620,5018,688
Maharashtra,Nashik,Lasalgaon,Grapes,Thompson Seedless,FAQ,2026-08-02,4433,5642,5038,389
Maharashtra,Nashik,Lasalgaon,Grapes,Thompson Seedless,FAQ,2026-08-01,4380,5575,4978,694
Maharashtra,Nashik,Lasalgaon,Grapes,Thompson Seedless,FAQ,2026-07-31,4411,5614,5013,782
Maharashtra,Nashik,Lasalgaon,Grapes,Thompson Seedless,FAQ,2026-07-30,4404,5605,5005,446
Maharashtra,Nashik,Lasalgaon,Grapes,Thompson Seedless,FAQ,2026-07-29,4356,5545,4951,538
Maharashtra,Nashik,Lasalgaon,Grapes,Thompson Seedless,FAQ,2026-07-28,4338,5521,4930,738
Maharashtra,Nashik,Lasalgaon,Pomegranate,Bhagwa,FAQ,2026-08-26,5602,7129,6366,510
Maharashtra,Nashik,Lasalgaon,Pomegranate,Bhagwa,FAQ,2026-08-25,5644,7183,6414,790
Maharashtra,Nashik,Lasalgaon,Pomegranate,Bhagwa,FAQ,2026-08-24,5646,7187,6417,625
Maharashtra,Nashik,Lasalgaon,Pomegranate,Bhagwa,FAQ,2026-08-23,5693,7246,6470,117
Maharashtra,Nashik,Lasalgaon,Pomegranate,Bhagwa,FAQ,2026-08-22,5678,7227,6453,530
Maharashtra,Nashik,Lasalgaon,Pomegranate,Bhagwa,FAQ,2026-08-21,5742,7309,6526,730
Maharashtra,Nashik,Lasalgaon,Pomegranate,Bhagwa,FAQ,2026-08-20,5764,7337,6551,766
Maharashtra,Nashik,Lasalgaon,Pomegranate,Bhagwa,FAQ,2026-08-19,5770,7343,6557,781
Maharashtra,Nashik,Lasalgaon,Pomegranate,Bhagwa,FAQ,2026-08-18,5793,7372,6583,727
Maharashtra,Nashik,Lasalgaon,Pomegranate,Bhagwa,FAQ,2026-08-17,5760,7331,6546,134
Maharashtra,Nashik,Lasalgaon,Pomegranate,Bhagwa,FAQ,2026-08-16,5786,7364,6575,309
Maharashtra,Nashik,Lasalgaon,Pomegranate,Bhagwa,FAQ,2026-08-15,5774,7349,6562,627
Maharashtra,Nashik,Lasalgaon,Pomegranate,Bhagwa,FAQ,2026-08-14,5830,7421,6626,410
Maharashtra,Nashik,Lasalgaon,Pomegranate,Bhagwa,FAQ,2026-08-13,5785,7362,6574,657
Maharashtra,Nashik,Lasalgaon,Pomegranate,Bhagwa,FAQ,2026-08-12,5779,7356,6568,282
Maharashtra,Nashik,Lasalgaon,Pomegranate,Bhagwa,FAQ,2026-08-11,5778,7353,6566,167
Maharashtra,Nashik,Lasalgaon,Pomegranate,Bhagwa,FAQ,2026-08-10,5772,7347,6560,407
Maharashtra,Nashik,Lasalgaon,Pomegranate,Bhagwa,FAQ,2026-08-09,5823,7412,6618,320
Maharashtra,Nashik,Lasalgaon,Pomegranate,Bhagwa,FAQ,2026-08-08,5800,7381,6591,258
Maharashtra,Nashik,Lasalgaon,Pomegranate,Bhagwa,FAQ,2026-08-07,5790,7369,6580,577
Maharashtra,Nashik,Lasalgaon,Pomegranate,Bhagwa,FAQ,2026-08-06,5754,7323,6539,438
Maharashtra,Nashik,Lasalgaon,Pomegranate,Bhagwa,FAQ,2026-08-05,5765,7338,6552,477
Maharashtra,Nashik,Lasalgaon,Pomegranate,Bhagwa,FAQ,2026-08-04,5744,7311,6528,374
Maharashtra,Nashik,Lasalgaon,Pomegranate,Bhagwa,FAQ,2026-08-03,5754,7323,6539,148
Maharashtra,Nashik,Lasalgaon,Pomegranate,Bhagwa,FAQ,2026-08-02,5732,7295,6514,724
Maharashtra,Nashik,Lasalgaon,Pomegranate,Bhagwa,FAQ,2026-08-01,5708,7265,6487,110
Maharashtra,Nashik,Lasalgaon,Pomegranate,Bhagwa,FAQ,2026-07-31,5683,7232,6458,619
Maharashtra,Nashik,Lasalgaon,Pomegranate,Bhagwa,FAQ,2026-07-30,5660,7203,6432,751
Maharashtra,Nashik,Lasalgaon,Pomegranate,Bhagwa,FAQ,2026-07-29,5645,7184,6415,433
Maharashtra,Nashik,Lasalgaon,Pomegranate,Bhagwa,FAQ,2026-07-28,5679,7228,6454,313
Maharashtra,Nashik,Nashik,Tomato,Vaishali,FAQ,2026-08-26,1843,2346,2095,234
Maharashtra,Nashik,Nashik,Tomato,Hybrid,FAQ,2026-08-25,1848,2353,2101,228
Maharashtra,Nashik,Nashik,Tomato,Vaishali,FAQ,2026-08-24,1856,2363,2110,249
Maharashtra,Nashik,Nashik,Tomato,Local,FAQ,2026-08-23,1942,2471,2207,191
Maharashtra,Nashik,Nashik,Tomato,Local,FAQ,2026-08-22,1948,2479,2214,787
Maharashtra,Nashik,Nashik,Tomato,Vaishali,FAQ,2026-08-21,1939,2468,2204,362
Maharashtra,Nashik,Nashik,Tomato,Hybrid,FAQ,2026-08-20,1958,2492,2225,719
Maharashtra,Nashik,Nashik,Tomato,Hybrid,FAQ,2026-08-19,1988,2531,2260,232
Maharashtra,Nashik,Nashik,Tomato,Vaishali,FAQ,2026-08-18,2004,2551,2278,244
Maharashtra,Nashik,Nashik,Tomato,Vaishali,FAQ,2026-08-17,2025,2578,2302,362
Maharashtra,Nashik,Nashik,Tomato,Hybrid,FAQ,2026-08-16,2024,2576,2300,161
Maharashtra,Nashik,Nashik,Tomato,Vaishali,FAQ,2026-08-15,1980,2521,2251,158
Maharashtra,Nashik,Nashik,Tomato,Vaishali,FAQ,2026-08-14,1993,2536,2265,152
Maharashtra,Nashik,Nashik,Tomato,Vaishali,FAQ,2026-08-13,2055,2616,2336,778
Maharashtra,Nashik,Nashik,Tomato,Vaishali,FAQ,2026-08-12,1994,2537,2266,181
Maharashtra,Nashik,Nashik,Tomato,Local,FAQ,2026-08-11,2001,2546,2274,251
Maharashtra,Nashik,Nashik,Tomato,Local,FAQ,2026-08-10,1997,2542,2270,675
Maharashtra,Nashik,Nashik,Tomato,Local,FAQ,2026-08-09,2031,2586,2309,312
Maharashtra,Nashik,Nashik,Tomato,Local,FAQ,2026-08-08,2049,2608,2329,649
Maharashtra,Nashik,Nashik,Tomato,Vaishali,FAQ,2026-08-07,1993,2536,2265,563
Maharashtra,Nashik,Nashik,Tomato,Local,FAQ,2026-08-06,2025,2578,2302,206
Maharashtra,Nashik,Nashik,Tomato,Local,FAQ,2026-08-05,1989,2532,2261,398
Maharashtra,Nashik,Nashik,Tomato,Hybrid,FAQ,2026-08-04,1951,2484,2218,183
Maharashtra,Nashik,Nashik,Tomato,Vaishali,FAQ,2026-08-03,1996,2541,2269,142
Maharashtra,Nashik,Nashik,Tomato,Local,FAQ,2026-08-02,1966,2503,2235,144
Maharashtra,Nashik,Nashik,Tomato,Hybrid,FAQ,2026-08-01,1976,2515,2246,198
Maharashtra,Nashik,Nashik,Tomato,Hybrid,FAQ,2026-07-31,1958,2493,2226,475
Maharashtra,Nashik,Nashik,Tomato,Hybrid,FAQ,2026-07-30,1913,2434,2174,103
Maharashtra,Nashik,Nashik,Tomato,Hybrid,FAQ,2026-07-29,1875,2386,2131,655
Maharashtra,Nashik,Nashik,Tomato,Vaishali,FAQ,2026-07-28,1855,2362,2109,541
Maharashtra,Nashik,Nashik,Onion,White,FAQ,2026-08-26,1559,1984,1772,498
Maharashtra,Nashik,Nashik,Onion,White,FAQ,2026-08-25,1559,1984,1772,381
Maharashtra,Nashik,Nashik,Onion,Red,FAQ,2026-08-24,1561,1986,1774,415
Maharashtra,Nashik,Nashik,Onion,Garwa,FAQ,2026-08-23,1593,2028,1811,323
Maharashtra,Nashik,Nashik,Onion,Garwa,FAQ,2026-08-22,1625,2068,1847,119
Maharashtra,Nashik,Nashik,Onion,Red,FAQ,2026-08-21,1647,2096,1872,375
Maharashtra,Nashik,Nashik,Onion,Garwa,FAQ,2026-08-20,1632,2077,1855,753
Maharashtra,Nashik,Nashik,Onion,White,FAQ,2026-08-19,1683,2142,1913,603
Maharashtra,Nashik,Nashik,Onion,White,FAQ,2026-08-18,1650,2100,1875,730
Maharashtra,Nashik,Nashik,Onion,Garwa,FAQ,2026-08-17,1668,2123,1896,727
Maharashtra,Nashik,Nashik,Onion,Red,FAQ,2026-08-16,1682,2141,1912,271
Maharashtra,Nashik,Nashik,Onion,Red,FAQ,2026-08-15,1673,2130,1902,228
Maharashtra,Nashik,Nashik,Onion,Garwa,FAQ,2026-08-14,1679,2136,1908,648
Maharashtra,Nashik,Nashik,Onion,Red,FAQ,2026-08-13,1701,2164,1933,496
Maharashtra,Nashik,Nashik,Onion,White,FAQ,2026-08-12,1702,2167,1935,172
Maharashtra,Nashik,Nashik,Onion,Red,FAQ,2026-08-11,1682,2141,1912,689
Maharashtra,Nashik,Nashik,Onion,Red,FAQ,2026-08-10,1721,2190,1956,689
Maharashtra,Nashik,Nashik,Onion,White,FAQ,2026-08-09,1685,2144,1915,696
Maharashtra,Nashik,Nashik,Onion,Red,FAQ,2026-08-08,1730,2203,1967,286
Maharashtra,Nashik,Nashik,Onion,Garwa,FAQ,2026-08-07,1715,2182,1949,548
Maharashtra,Nashik,Nashik,Onion,Garwa,FAQ,2026-08-06,1730,2201,1966,767
Maharashtra,Nashik,Nashik,Onion,Red,FAQ,2026-08-05,1694,2157,1926,727
Maharashtra,Nashik,Nashik,Onion,White,FAQ,2026-08-04,1656,2107,1882,741
Maharashtra,Nashik,Nashik,Onion,White,FAQ,2026-08-03,1663,2116,1890,129
Maharashtra,Nashik,Nashik,Onion,White,FAQ,2026-08-02,1669,2124,1897,558
Maharashtra,Nashik,Nashik,Onion,White,FAQ,2026-08-01,1613,2054,1834,125
Maharashtra,Nashik,Nashik,Onion,Garwa,FAQ,2026-07-31,1621,2064,1843,770
Maharashtra,Nashik,Nashik,Onion,Garwa,FAQ,2026-07-30,1598,2035,1817,430
Maharashtra,Nashik,Nashik,Onion,Red,FAQ,2026-07-29,1570,1999,1785,422
Maharashtra,Nashik,Nashik,Onion,Garwa,FAQ,2026-07-28,1586,2019,1803,421
Maharashtra,Nashik,Nashik,Wheat,Lok-1,FAQ,2026-08-26,2060,2623,2342,767
Maharashtra,Nashik,Nashik,Wheat,Lok-1,FAQ,2026-08-25,2075,2640,2358,166
Maharashtra,Nashik,Nashik,Wheat,FAQ,FAQ,2026-08-24,2080,2647,2364,566
Maharashtra,Nashik,Nashik,Wheat,Lok-1,FAQ,2026-08-23,2118,2695,2407,108
Maharashtra,Nashik,Nashik,Wheat,FAQ,FAQ,2026-08-22,2173,2766,2470,353
Maharashtra,Nashik,Nashik,Wheat,FAQ,FAQ,2026-08-21,2136,2719,2428,221
Maharashtra,Nashik,Nashik,Wheat,Lok-1,FAQ,2026-08-20,2195,2794,2495,243
Maharashtra,Nashik,Nashik,Wheat,Sharbati,FAQ,2026-08-19,2207,2810,2509,674
Maharashtra,Nashik,Nashik,Wheat,FAQ,FAQ,2026-08-18,2211,2814,2513,509
Maharashtra,Nashik,Nashik,Wheat,Lok-1,FAQ,2026-08-17,2244,2857,2551,242
Maharashtra,Nashik,Nashik,Wheat,Lok-1,FAQ,2026-08-16,2237,2848,2543,782
Maharashtra,Nashik,Nashik,Wheat,Sharbati,FAQ,2026-08-15,2211,2814,2513,399
Maharashtra,Nashik,Nashik,Wheat,Sharbati,FAQ,2026-08-14,2255,2870,2563,480
Maharashtra,Nashik,Nashik,Wheat,Sharbati,FAQ,2026-08-13,2228,2835,2532,549
Maharashtra,Nashik,Nashik,Wheat,FAQ,FAQ,2026-08-12,2254,2869,2562,486
Maharashtra,Nashik,Nashik,Wheat,Lok-1,FAQ,2026-08-11,2225,2832,2529,210
Maharashtra,Nashik,Nashik,Wheat,Lok-1,FAQ,2026-08-10,2216,2821,2519,638
Maharashtra,Nashik,Nashik,Wheat,Sharbati,FAQ,2026-08-09,2234,2843,2539,194
Maharashtra,Nashik,Nashik,Wheat,FAQ,FAQ,2026-08-08,2214,2819,2517,104
Maharashtra,Nashik,Nashik,Wheat,FAQ,FAQ,2026-08-07,2228,2835,2532,468
Maharashtra,Nashik,Nashik,Wheat,FAQ,FAQ,2026-08-06,2242,2853,2548,369
Maharashtra,Nashik,Nashik,Wheat,FAQ,FAQ,2026-08-05,2224,2831,2528,273
Maharashtra,Nashik,Nashik,Wheat,FAQ,FAQ,2026-08-04,2176,2769,2473,519
Maharashtra,Nashik,Nashik,Wheat,FAQ,FAQ,2026-08-03,2215,2820,2518,674
Maharashtra,Nashik,Nashik,Wheat,Lok-1,FAQ,2026-08-02,2172,2765,2469,678
Maharashtra,Nashik,Nashik,Wheat,Sharbati,FAQ,2026-08-01,2140,2723,2432,529
Maharashtra,Nashik,Nashik,Wheat,Lok-1,FAQ,2026-07-31,2161,2750,2456,534
Maharashtra,Nashik,Nashik,Wheat,FAQ,FAQ,2026-07-30,2124,2703,2414,232
Maharashtra,Nashik,Nashik,Wheat,Sharbati,FAQ,2026-07-29,2127,2708,2418,533
Maharashtra,Nashik,Nashik,Wheat,FAQ,FAQ,2026-07-28,2085,2654,2370,521
Maharashtra,Nashik,Nashik,Rice,Paddy(Dpr),FAQ,2026-08-26,2186,2783,2485,614
Maharashtra,Nashik,Nashik,Rice,Basmati,FAQ,2026-08-25,2207,2808,2508,798
Maharashtra,Nashik,Nashik,Rice,Paddy(Dpr),FAQ,2026-08-24,2265,2882,2574,268
Maharashtra,Nashik,Nashik,Rice,Basmati,FAQ,2026-08-23,2230,2839,2535,371
Maharashtra,Nashik,Nashik,Rice,Basmati,FAQ,2026-08-22,2266,2884,2575,509
Maharashtra,Nashik,Nashik,Rice,Basmati,FAQ,2026-08-21,2266,2884,2575,279
Maharashtra,Nashik,Nashik,Rice,Paddy(Dpr),FAQ,2026-08-20,2331,2966,2649,516
Maharashtra,Nashik,Nashik,Rice,Basmati,FAQ,2026-08-19,2311,2942,2627,353
Maharashtra,Nashik,Nashik,Rice,Swarna,FAQ,2026-08-18,2352,2993,2673,593
Maharashtra,Nashik,Nashik,Rice,Basmati,FAQ,2026-08-17,2382,3031,2707,191
Maharashtra,Nashik,Nashik,Rice,Paddy(Dpr),FAQ,2026-08-16,2378,3027,2703,309
Maharashtra,Nashik,Nashik,Rice,Paddy(Dpr),FAQ,2026-08-15,2375,3022,2699,521
Maharashtra,Nashik,Nashik,Rice,Paddy(Dpr),FAQ,2026-08-14,2397,3050,2724,230
Maharashtra,Nashik,Nashik,Rice,Swarna,FAQ,2026-08-13,2370,3017,2694,581
Maharashtra,Nashik,Nashik,Rice,Paddy(Dpr),FAQ,2026-08-12,2366,3011,2689,612
Maharashtra,Nashik,Nashik,Rice,Paddy(Dpr),FAQ,2026-08-11,2341,2980,2661,696
Maharashtra,Nashik,Nashik,Rice,Swarna,FAQ,2026-08-10,2355,2998,2677,327
Maharashtra,Nashik,Nashik,Rice,Swarna,FAQ,2026-08-09,2349,2990,2670,620
Maharashtra,Nashik,Nashik,Rice,Paddy(Dpr),FAQ,2026-08-08,2376,3025,2701,116
Maharashtra,Nashik,Nashik,Rice,Swarna,FAQ,2026-08-07,2351,2992,2672,410
Maharashtra,Nashik,Nashik,Rice,Paddy(Dpr),FAQ,2026-08-06,2351,2992,2672,153
Maharashtra,Nashik,Nashik,Rice,Basmati,FAQ,2026-08-05,2373,3020,2697,103
Maharashtra,Nashik,Nashik,Rice,Basmati,FAQ,2026-08-04,2310,2940,2625,771
Maharashtra,Nashik,Nashik,Rice,Swarna,FAQ,2026-08-03,2295,2920,2608,250
Maharashtra,Nashik,Nashik,Rice,Basmati,FAQ,2026-08-02,2305,2934,2620,421
Maharashtra,Nashik,Nashik,Rice,Paddy(Dpr),FAQ,2026-08-01,2272,2891,2582,495
Maharashtra,Nashik,Nashik,Rice,Swarna,FAQ,2026-07-31,2270,2889,2580,787
Maharashtra,Nashik,Nashik,Rice,Swarna,FAQ,2026-07-30,2247,2860,2554,693
Maharashtra,Nashik,Nashik,Rice,Swarna,FAQ,2026-07-29,2258,2873,2566,667
Maharashtra,Nashik,Nashik,Rice,Swarna,FAQ,2026-07-28,2226,2833,2530,262
Maharashtra,Nashik,Nashik,Potato,Jyoti,FAQ,2026-08-26,1258,1601,1430,240
Maharashtra,Nashik,Nashik,Potato,Jyoti,FAQ,2026-08-25,1283,1634,1459,791
Maharashtra,Nashik,Nashik,Potato,Jyoti,FAQ,2026-08-24,1269,1616,1443,234
Maharashtra,Nashik,Nashik,Potato,Jyoti,FAQ,2026-08-23,1318,1677,1498,159
Maharashtra,Nashik,Nashik,Potato,Jyoti,FAQ,2026-08-22,1278,1627,1453,650
Maharashtra,Nashik,Nashik,Potato,Jyoti,FAQ,2026-08-21,1357,1728,1543,290
Maharashtra,Nashik,Nashik,Potato,Jyoti,FAQ,2026-08-20,1323,1684,1504,203
Maharashtra,Nashik,Nashik,Potato,Kufri,FAQ,2026-08-19,1372,1747,1560,172
Maharashtra,Nashik,Nashik,Potato,Jyoti,FAQ,2026-08-18,1404,1787,1596,125
Maharashtra,Nashik,Nashik,Potato,Kufri,FAQ,2026-08-17,1384,1761,1573,101
Maharashtra,Nashik,Nashik,Potato,Jyoti,FAQ,2026-08-16,1410,1795,1603,630
Maharashtra,Nashik,Nashik,Potato,Kufri,FAQ,2026-08-15,1422,1811,1617,511
Maharashtra,Nashik,Nashik,Potato,Kufri,FAQ,2026-08-14,1371,1744,1558,201
Maharashtra,Nashik,Nashik,Potato,Jyoti,FAQ,2026-08-13,1435,1826,1631,131
Maharashtra,Nashik,Nashik,Potato,Kufri,FAQ,2026-08-12,1378,1755,1567,112
Maharashtra,Nashik,Nashik,Potato,Kufri,FAQ,2026-08-11,1435,1826,1631,543
Maharashtra,Nashik,Nashik,Potato,Kufri,FAQ,2026-08-10,1416,1803,1610,144
Maharashtra,Nashik,Nashik,Potato,Kufri,FAQ,2026-08-09,1405,1788,1597,704
Maharashtra,Nashik,Nashik,Potato,Jyoti,FAQ,2026-08-08,1387,1766,1577,764
Maharashtra,Nashik,Nashik,Potato,Kufri,FAQ,2026-08-07,1412,1797,1605,689
Maharashtra,Nashik,Nashik,Potato,Kufri,FAQ,2026-08-06,1390,1769,1580,257
Maharashtra,Nashik,Nashik,Potato,Jyoti,FAQ,2026-08-05,1401,1784,1593,505
Maharashtra,Nashik,Nashik,Potato,Kufri,FAQ,2026-08-04,1359,1730,1545,483
Maharashtra,Nashik,Nashik,Potato,Kufri,FAQ,2026-08-03,1352,1721,1537,451
Maharashtra,Nashik,Nashik,Potato,Jyoti,FAQ,2026-08-02,1340,1705,1523,235
Maharashtra,Nashik,Nashik,Potato,Kufri,FAQ,2026-08-01,1354,1723,1539,459
Maharashtra,Nashik,Nashik,Potato,Jyoti,FAQ,2026-07-31,1347,1714,1531,536
Maharashtra,Nashik,Nashik,Potato,Kufri,FAQ,2026-07-30,1329,1692,1511,513
Maharashtra,Nashik,Nashik,Potato,Kufri,FAQ,2026-07-29,1254,1596,1425,756
Maharashtra,Nashik,Nashik,Potato,Kufri,FAQ,2026-07-28,1248,1589,1419,191
Maharashtra,Nashik,Nashik,Soyabean,JS-335,FAQ,2026-08-26,3796,4831,4314,368
Maharashtra,Nashik,Nashik,Soyabean,Yellow,FAQ,2026-08-25,3776,4807,4292,483
Maharashtra,Nashik,Nashik,Soyabean,JS-335,FAQ,2026-08-24,3835,4882,4359,384
Maharashtra,Nashik,Nashik,Soyabean,JS-335,FAQ,2026-08-23,3872,4928,4400,463
Maharashtra,Nashik,Nashik,Soyabean,Yellow,FAQ,2026-08-22,3836,4883,4360,729
Maharashtra,Nashik,Nashik,Soyabean,Yellow,FAQ,2026-08-21,3882,4941,4412,168
Maharashtra,Nashik,Nashik,Soyabean,JS-335,FAQ,2026-08-20,3881,4940,4411,332
Maharashtra,Nashik,Nashik,Soyabean,Yellow,FAQ,2026-08-19,3918,4987,4453,514
Maharashtra,Nashik,Nashik,Soyabean,Yellow,FAQ,2026-08-18,3908,4973,4441,667
Maharashtra,Nashik,Nashik,Soyabean,JS-335,FAQ,2026-08-17,3923,4994,4459,461
Maharashtra,Nashik,Nashik,Soyabean,Yellow,FAQ,2026-08-16,3913,4980,4447,204
Maharashtra,Nashik,Nashik,Soyabean,Yellow,FAQ,2026-08-15,3940,5015,4478,787
Maharashtra,Nashik,Nashik,Soyabean,Yellow,FAQ,2026-08-14,3930,5001,4466,529
Maharashtra,Nashik,Nashik,Soyabean,JS-335,FAQ,2026-08-13,3937,5010,4474,629
Maharashtra,Nashik,Nashik,Soyabean,JS-335,FAQ,2026-08-12,3970,5053,4512,384
Maharashtra,Nashik,Nashik,Soyabean,JS-335,FAQ,2026-08-11,3990,5079,4535,203
Maharashtra,Nashik,Nashik,Soyabean,JS-335,FAQ,2026-08-10,3936,5009,4473,622
Maharashtra,Nashik,Nashik,Soyabean,JS-335,FAQ,2026-08-09,3973,5056,4515,266
Maharashtra,Nashik,Nashik,Soyabean,Yellow,FAQ,2026-08-08,3975,5060,4518,346
Maharashtra,Nashik,Nashik,Soyabean,JS-335,FAQ,2026-08-07,3947,5024,4486,619
Maharashtra,Nashik,Nashik,Soyabean,Yellow,FAQ,2026-08-06,3974,5059,4517,740
Maharashtra,Nashik,Nashik,Soyabean,Yellow,FAQ,2026-08-05,3924,4995,4460,648
Maharashtra,Nashik,Nashik,Soyabean,Yellow,FAQ,2026-08-04,3886,4945,4416,361
Maharashtra,Nashik,Nashik,Soyabean,JS-335,FAQ,2026-08-03,3942,5017,4480,267
Maharashtra,Nashik,Nashik,Soyabean,JS-335,FAQ,2026-08-02,3902,4967,4435,164
Maharashtra,Nashik,Nashik,Soyabean,JS-335,FAQ,2026-08-01,3865,4920,4393,251
Maharashtra,Nashik,Nashik,Soyabean,JS-335,FAQ,2026-07-31,3886,4945,4416,260
Maharashtra,Nashik,Nashik,Soyabean,JS-335,FAQ,2026-07-30,3836,4883,4360,674
Maharashtra,Nashik,Nashik,Soyabean,Yellow,FAQ,2026-07-29,3808,4847,4328,245
Maharashtra,Nashik,Nashik,Soyabean,Yellow,FAQ,2026-07-28,3772,4801,4287,310
Maharashtra,Nashik,Nashik,Maize,Hybrid,FAQ,2026-08-26,1597,2032,1815,753
Maharashtra,Nashik,Nashik,Maize,Yellow,FAQ,2026-08-25,1633,2078,1856,186
Maharashtra,Nashik,Nashik,Maize,Yellow,FAQ,2026-08-24,1686,2145,1916,777
Maharashtra,Nashik,Nashik,Maize,Yellow,FAQ,2026-08-23,1683,2142,1913,532
Maharashtra,Nashik,Nashik,Maize,Yellow,FAQ,2026-08-22,1686,2145,1916,194
Maharashtra,Nashik,Nashik,Maize,Yellow,FAQ,2026-08-21,1708,2175,1942,716
Maharashtra,Nashik,Nashik,Maize,Yellow,FAQ,2026-08-20,1762,2243,2003,504
Maharashtra,Nashik,Nashik,Maize,Hybrid,FAQ,2026-08-19,1734,2207,1971,497
Maharashtra,Nashik,Nashik,Maize,Hybrid,FAQ,2026-08-18,1739,2214,1977,161
Maharashtra,Nashik,Nashik,Maize,Hybrid,FAQ,2026-08-17,1764,2245,2005,402
Maharashtra,Nashik,Nashik,Maize,Hybrid,FAQ,2026-08-16,1789,2276,2033,661
Maharashtra,Nashik,Nashik,Maize,Yellow,FAQ,2026-08-15,1762,2243,2003,546
Maharashtra,Nashik,Nashik,Maize,Yellow,FAQ,2026-08-14,1826,2324,2075,336
Maharashtra,Nashik,Nashik,Maize,Yellow,FAQ,2026-08-13,1778,2263,2021,669
Maharashtra,Nashik,Nashik,Maize,Hybrid,FAQ,2026-08-12,1809,2302,2056,400
Maharashtra,Nashik,Nashik,Maize,Yellow,FAQ,2026-08-11,1810,2303,2057,277
Maharashtra,Nashik,Nashik,Maize,Yellow,FAQ,2026-08-10,1837,2338,2088,717
Maharashtra,Nashik,Nashik,Maize,Yellow,FAQ,2026-08-09,1825,2322,2074,379
Maharashtra,Nashik,Nashik,Maize,Hybrid,FAQ,2026-08-08,1765,2246,2006,510
Maharashtra,Nashik,Nashik,Maize,Hybrid,FAQ,2026-08-07,1781,2266,2024,324
Maharashtra,Nashik,Nashik,Maize,Hybrid,FAQ,2026-08-06,1811,2306,2059,698
Maharashtra,Nashik,Nashik,Maize,Hybrid,FAQ,2026-08-05,1762,2243,2003,377
Maharashtra,Nashik,Nashik,Maize,Hybrid,FAQ,2026-08-04,1780,2265,2023,296
Maharashtra,Nashik,Nashik,Maize,Yellow,FAQ,2026-08-03,1718,2187,1953,323
Maharashtra,Nashik,Nashik,Maize,Hybrid,FAQ,2026-08-02,1725,2196,1961,136
Maharashtra,Nashik,Nashik,Maize,Yellow,FAQ,2026-08-01,1749,2226,1988,751
Maharashtra,Nashik,Nashik,Maize,Yellow,FAQ,2026-07-31,1686,2145,1916,279
Maharashtra,Nashik,Nashik,Maize,Yellow,FAQ,2026-07-30,1705,2170,1938,638
Maharashtra,Nashik,Nashik,Maize,Hybrid,FAQ,2026-07-29,1672,2128,1900,632
Maharashtra,Nashik,Nashik,Maize,Yellow,FAQ,2026-07-28,1675,2132,1904,726
Maharashtra,Nashik,Nashik,Cotton,Medium Staple,FAQ,2026-08-26,5741,7306,6524,631
Maharashtra,Nashik,Nashik,Cotton,Medium Staple,FAQ,2026-08-25,5734,7297,6516,453
Maharashtra,Nashik,Nashik,Cotton,Medium Staple,FAQ,2026-08-24,5731,7294,6513,392
Maharashtra,Nashik,Nashik,Cotton,Medium Staple,FAQ,2026-08-23,5804,7387,6596,115
Maharashtra,Nashik,Nashik,Cotton,Medium Staple,FAQ,2026-08-22,5808,7393,6601,422
Maharashtra,Nashik,Nashik,Cotton,Medium Staple,FAQ,2026-08-21,5838,7431,6635,238
Maharashtra,Nashik,Nashik,Cotton,Medium Staple,FAQ,2026-08-20,5809,7394,6602,224
Maharashtra,Nashik,Nashik,Cotton,Medium Staple,FAQ,2026-08-19,5831,7422,6627,170
Maharashtra,Nashik,Nashik,Cotton,Medium Staple,FAQ,2026-08-18,5867,7468,6668,469
Maharashtra,Nashik,Nashik,Cotton,Medium Staple,FAQ,2026-08-17,5881,7486,6684,119
Maharashtra,Nashik,Nashik,Cotton,Medium Staple,FAQ,2026-08-16,5888,7495,6692,381
Maharashtra,Nashik,Nashik,Cotton,Medium Staple,FAQ,2026-08-15,5859,7456,6658,103
Maharashtra,Nashik,Nashik,Cotton,Medium Staple,FAQ,2026-08-14,5898,7507,6703,329
Maharashtra,Nashik,Nashik,Cotton,Medium Staple,FAQ,2026-08-13,5903,7512,6708,229
Maharashtra,Nashik,Nashik,Cotton,Medium Staple,FAQ,2026-08-12,5862,7461,6662,672
Maharashtra,Nashik,Nashik,Cotton,Medium Staple,FAQ,2026-08-11,5911,7524,6718,578
Maharashtra,Nashik,Nashik,Cotton,Medium Staple,FAQ,2026-08-10,5897,7506,6702,613
Maharashtra,Nashik,Nashik,Cotton,Medium Staple,FAQ,2026-08-09,5897,7506,6702,498
Maharashtra,Nashik,Nashik,Cotton,Medium Staple,FAQ,2026-08-08,5921,7536,6729,400
Maharashtra,Nashik,Nashik,Cotton,Medium Staple,FAQ,2026-08-07,5899,7508,6704,748
Maharashtra,Nashik,Nashik,Cotton,Medium Staple,FAQ,2026-08-06,5867,7468,6668,693
Maharashtra,Nashik,Nashik,Cotton,Medium Staple,FAQ,2026-08-05,5844,7439,6642,521
Maharashtra,Nashik,Nashik,Cotton,Medium Staple,FAQ,2026-08-04,5869,7470,6670,178
Maharashtra,Nashik,Nashik,Cotton,Medium Staple,FAQ,2026-08-03,5879,7482,6681,113
Maharashtra,Nashik,Nashik,Cotton,Medium Staple,FAQ,2026-08-02,5853,7450,6652,484
Maharashtra,Nashik,Nashik,Cotton,Medium Staple,FAQ,2026-08-01,5808,7392,6600,114
Maharashtra,Nashik,Nashik,Cotton,Medium Staple,FAQ,2026-07-31,5780,7357,6569,258
Maharashtra,Nashik,Nashik,Cotton,Medium Staple,FAQ,2026-07-30,5807,7390,6599,227
Maharashtra,Nashik,Nashik,Cotton,Medium Staple,FAQ,2026-07-29,5746,7313,6530,117
Maharashtra,Nashik,Nashik,Cotton,Medium Staple,FAQ,2026-07-28,5749,7316,6533,659
Maharashtra,Nashik,Nashik,Sugarcane,Co-86032,FAQ,2026-08-26,264,336,300,721
Maharashtra,Nashik,Nashik,Sugarcane,Co-86032,FAQ,2026-08-25,264,336,300,704
Maharashtra,Nashik,Nashik,Sugarcane,Co-86032,FAQ,2026-08-24,264,336,300,689
Maharashtra,Nashik,Nashik,Sugarcane,Co-86032,FAQ,2026-08-23,264,336,300,612
Maharashtra,Nashik,Nashik,Sugarcane,Co-86032,FAQ,2026-08-22,280,357,319,232
Maharashtra,Nashik,Nashik,Sugarcane,Co-86032,FAQ,2026-08-21,292,371,332,596
Maharashtra,Nashik,Nashik,Sugarcane,Co-86032,FAQ,2026-08-20,313,398,356,152
Maharashtra,Nashik,Nashik,Sugarcane,Co-86032,FAQ,2026-08-19,315,400,358,231
Maharashtra,Nashik,Nashik,Sugarcane,Co-86032,FAQ,2026-08-18,295,376,336,285
Maharashtra,Nashik,Nashik,Sugarcane,Co-86032,FAQ,2026-08-17,328,417,373,454
Maharashtra,Nashik,Nashik,Sugarcane,Co-86032,FAQ,2026-08-16,315,400,358,235
Maharashtra,Nashik,Nashik,Sugarcane,Co-86032,FAQ,2026-08-15,365,464,415,595
Maharashtra,Nashik,Nashik,Sugarcane,Co-86032,FAQ,2026-08-14,364,463,414,784
Maharashtra,Nashik,Nashik,Sugarcane,Co-86032,FAQ,2026-08-13,352,449,401,189
Maharashtra,Nashik,Nashik,Sugarcane,Co-86032,FAQ,2026-08-12,402,511,457,609
Maharashtra,Nashik,Nashik,Sugarcane,Co-86032,FAQ,2026-08-11,336,427,382,706
Maharashtra,Nashik,Nashik,Sugarcane,Co-86032,FAQ,2026-08-10,346,441,394,613
Maharashtra,Nashik,Nashik,Sugarcane,Co-86032,FAQ,2026-08-09,373,474,424,267
Maharashtra,Nashik,Nashik,Sugarcane,Co-86032,FAQ,2026-08-08,333,424,379,728
Maharashtra,Nashik,Nashik,Sugarcane,Co-86032,FAQ,2026-08-07,344,439,392,243
Maharashtra,Nashik,Nashik,Sugarcane,Co-86032,FAQ,2026-08-06,368,469,419,444
Maharashtra,Nashik,Nashik,Sugarcane,Co-86032,FAQ,2026-08-05,355,452,404,685
Maharashtra,Nashik,Nashik,Sugarcane,Co-86032,FAQ,2026-08-04,314,399,357,681
Maharashtra,Nashik,Nashik,Sugarcane,Co-86032,FAQ,2026-08-03,348,443,396,755
Maharashtra,Nashik,Nashik,Sugarcane,Co-86032,FAQ,2026-08-02,289,368,329,276
Maharashtra,Nashik,Nashik,Sugarcane,Co-86032,FAQ,2026-08-01,275,350,313,597
Maharashtra,Nashik,Nashik,Sugarcane,Co-86032,FAQ,2026-07-31,264,336,300,745
Maharashtra,Nashik,Nashik,Sugarcane,Co-86032,FAQ,2026-07-30,264,336,300,185
Maharashtra,Nashik,Nashik,Sugarcane,Co-86032,FAQ,2026-07-29,264,336,300,196
Maharashtra,Nashik,Nashik,Sugarcane,Co-86032,FAQ,2026-07-28,264,336,300,183
Maharashtra,Nashik,Nashik,Mustard,Black,FAQ,2026-08-26,4741,6034,5388,655
Maharashtra,Nashik,Nashik,Mustard,Yellow,FAQ,2026-08-25,4725,6014,5370,767
Maharashtra,Nashik,Nashik,Mustard,Black,FAQ,2026-08-24,4755,6052,5404,427
Maharashtra,Nashik,Nashik,Mustard,Yellow,FAQ,2026-08-23,4759,6058,5409,177
Maharashtra,Nashik,Nashik,Mustard,Black,FAQ,2026-08-22,4759,6056,5408,350
Maharashtra,Nashik,Nashik,Mustard,Black,FAQ,2026-08-21,4801,6110,5456,359
Maharashtra,Nashik,Nashik,Mustard,Black,FAQ,2026-08-20,4822,6137,5480,241
Maharashtra,Nashik,Nashik,Mustard,Yellow,FAQ,2026-08-19,4814,6127,5471,720
Maharashtra,Nashik,Nashik,Mustard,Black,FAQ,2026-08-18,4873,6202,5538,275
Maharashtra,Nashik,Nashik,Mustard,Black,FAQ,2026-08-17,4840,6161,5501,484
Maharashtra,Nashik,Nashik,Mustard,Yellow,FAQ,2026-08-16,4873,6202,5538,623
Maharashtra,Nashik,Nashik,Mustard,Yellow,FAQ,2026-08-15,4898,6233,5566,178
Maharashtra,Nashik,Nashik,Mustard,Black,FAQ,2026-08-14,4907,6246,5577,254
Maharashtra,Nashik,Nashik,Mustard,Yellow,FAQ,2026-08-13,4886,6219,5553,264
Maharashtra,Nashik,Nashik,Mustard,Black,FAQ,2026-08-12,4878,6209,5544,477
Maharashtra,Nashik,Nashik,Mustard,Yellow,FAQ,2026-08-11,4869,6198,5534,226
Maharashtra,Nashik,Nashik,Mustard,Black,FAQ,2026-08-10,4881,6212,5547,295
Maharashtra,Nashik,Nashik,Mustard,Black,FAQ,2026-08-09,4905,6242,5574,260
Maharashtra,Nashik,Nashik,Mustard,Yellow,FAQ,2026-08-08,4890,6223,5557,664
Maharashtra,Nashik,Nashik,Mustard,Black,FAQ,2026-08-07,4861,6186,5524,363
Maharashtra,Nashik,Nashik,Mustard,Yellow,FAQ,2026-08-06,4871,6200,5536,527
Maharashtra,Nashik,Nashik,Mustard,Yellow,FAQ,2026-08-05,4888,6221,5555,152
Maharashtra,Nashik,Nashik,Mustard,Black,FAQ,2026-08-04,4819,6134,5477,376
Maharashtra,Nashik,Nashik,Mustard,Black,FAQ,2026-08-03,4819,6134,5477,200
Maharashtra,Nashik,Nashik,Mustard,Yellow,FAQ,2026-08-02,4807,6118,5463,359
Maharashtra,Nashik,Nashik,Mustard,Yellow,FAQ,2026-08-01,4811,6124,5468,283
Maharashtra,Nashik,Nashik,Mustard,Yellow,FAQ,2026-07-31,4818,6132,5475,782
Maharashtra,Nashik,Nashik,Mustard,Black,FAQ,2026-07-30,4774,6077,5426,689
Maharashtra,Nashik,Nashik,Mustard,Yellow,FAQ,2026-07-29,4739,6032,5386,424
Maharashtra,Nashik,Nashik,Mustard,Yellow,FAQ,2026-07-28,4758,6055,5407,102
Maharashtra,Nashik,Nashik,Grapes,Thompson Seedless,FAQ,2026-08-26,4330,5511,4921,328
Maharashtra,Nashik,Nashik,Grapes,Thompson Seedless,FAQ,2026-08-25,4323,5502,4913,428
Maharashtra,Nashik,Nashik,Grapes,Thompson Seedless,FAQ,2026-08-24,4354,5541,4948,203
Maharashtra,Nashik,Nashik,Grapes,Thompson Seedless,FAQ,2026-08-23,4389,5586,4988,453
Maharashtra,Nashik,Nashik,Grapes,Thompson Seedless,FAQ,2026-08-22,4369,5560,4965,787
Maharashtra,Nashik,Nashik,Grapes,Thompson Seedless,FAQ,2026-08-21,4427,5634,5031,727
Maharashtra,Nashik,Nashik,Grapes,Thompson Seedless,FAQ,2026-08-20,4431,5640,5036,616
Maharashtra,Nashik,Nashik,Grapes,Thompson Seedless,FAQ,2026-08-19,4414,5619,5017,385
Maharashtra,Nashik,Nashik,Grapes,Thompson Seedless,FAQ,2026-08-18,4415,5620,5018,763
Maharashtra,Nashik,Nashik,Grapes,Thompson Seedless,FAQ,2026-08-17,4487,5710,5099,181
Maharashtra,Nashik,Nashik,Grapes,Thompson Seedless,FAQ,2026-08-16,4472,5691,5082,695
Maharashtra,Nashik,Nashik,Grapes,Thompson Seedless,FAQ,2026-08-15,4499,5726,5113,444
Maharashtra,Nashik,Nashik,Grapes,Thompson Seedless,FAQ,2026-08-14,4506,5735,5121,222
Maharashtra,Nashik,Nashik,Grapes,Thompson Seedless,FAQ,2026-08-13,4470,5689,5080,645
Maharashtra,Nashik,Nashik,Grapes,Thompson Seedless,FAQ,2026-08-12,4483,5706,5095,175
Maharashtra,Nashik,Nashik,Grapes,Thompson Seedless,FAQ,2026-08-11,4467,5686,5077,287
Maharashtra,Nashik,Nashik,Grapes,Thompson Seedless,FAQ,2026-08-10,4478,5699,5089,128
Maharashtra,Nashik,Nashik,Grapes,Thompson Seedless,FAQ,2026-08-09,4462,5679,5071,754
Maharashtra,Nashik,Nashik,Grapes,Thompson Seedless,FAQ,2026-08-08,4475,5696,5086,341
Maharashtra,Nashik,Nashik,Grapes,Thompson Seedless,FAQ,2026-08-07,4487,5710,5099,191
Maharashtra,Nashik,Nashik,Grapes,Thompson Seedless,FAQ,2026-08-06,4447,5660,5054,531
Maharashtra,Nashik,Nashik,Grapes,Thompson Seedless,FAQ,2026-08-05,4487,5710,5099,373
Maharashtra,Nashik,Nashik,Grapes,Thompson Seedless,FAQ,2026-08-04,4418,5623,5021,579
Maharashtra,Nashik,Nashik,Grapes,Thompson Seedless,FAQ,2026-08-03,4447,5660,5054,519
Maharashtra,Nashik,Nashik,Grapes,Thompson Seedless,FAQ,2026-08-02,4426,5633,5030,477
Maharashtra,Nashik,Nashik,Grapes,Thompson Seedless,FAQ,2026-08-01,4441,5652,5047,262
Maharashtra,Nashik,Nashik,Grapes,Thompson Seedless,FAQ,2026-07-31,4366,5557,4962,584
Maharashtra,Nashik,Nashik,Grapes,Thompson Seedless,FAQ,2026-07-30,4348,5535,4942,188
Maharashtra,Nashik,Nashik,Grapes,Thompson Seedless,FAQ,2026-07-29,4337,5520,4929,733
Maharashtra,Nashik,Nashik,Grapes,Thompson Seedless,FAQ,2026-07-28,4356,5544,4950,486
Maharashtra,Nashik,Nashik,Pomegranate,Bhagwa,FAQ,2026-08-26,5630,7165,6398,640
Maharashtra,Nashik,Nashik,Pomegranate,Bhagwa,FAQ,2026-08-25,5663,7208,6436,373
Maharashtra,Nashik,Nashik,Pomegranate,Bhagwa,FAQ,2026-08-24,5678,7227,6453,248
Maharashtra,Nashik,Nashik,Pomegranate,Bhagwa,FAQ,2026-08-23,5715,7274,6495,693
Maharashtra,Nashik,Nashik,Pomegranate,Bhagwa,FAQ,2026-08-22,5733,7296,6515,528
Maharashtra,Nashik,Nashik,Pomegranate,Bhagwa,FAQ,2026-08-21,5718,7277,6498,291
Maharashtra,Nashik,Nashik,Pomegranate,Bhagwa,FAQ,2026-08-20,5728,7291,6510,389
Maharashtra,Nashik,Nashik,Pomegranate,Bhagwa,FAQ,2026-08-19,5784,7361,6573,287
Maharashtra,Nashik,Nashik,Pomegranate,Bhagwa,FAQ,2026-08-18,5737,7302,6520,196
Maharashtra,Nashik,Nashik,Pomegranate,Bhagwa,FAQ,2026-08-17,5765,7338,6552,639
Maharashtra,Nashik,Nashik,Pomegranate,Bhagwa,FAQ,2026-08-16,5796,7377,6587,383
Maharashtra,Nashik,Nashik,Pomegranate,Bhagwa,FAQ,2026-08-15,5801,7384,6593,298
Maharashtra,Nashik,Nashik,Pomegranate,Bhagwa,FAQ,2026-08-14,5804,7387,6596,543
Maharashtra,Nashik,Nashik,Pomegranate,Bhagwa,FAQ,2026-08-13,5798,7379,6589,262
Maharashtra,Nashik,Nashik,Pomegranate,Bhagwa,FAQ,2026-08-12,5841,7434,6638,156
Maharashtra,Nashik,Nashik,Pomegranate,Bhagwa,FAQ,2026-08-11,5805,7388,6597,532
Maharashtra,Nashik,Nashik,Pomegranate,Bhagwa,FAQ,2026-08-10,5798,7379,6589,325
Maharashtra,Nashik,Nashik,Pomegranate,Bhagwa,FAQ,2026-08-09,5778,7353,6566,688
Maharashtra,Nashik,Nashik,Pomegranate,Bhagwa,FAQ,2026-08-08,5799,7380,6590,573
Maharashtra,Nashik,Nashik,Pomegranate,Bhagwa,FAQ,2026-08-07,5830,7420,6625,772
Maharashtra,Nashik,Nashik,Pomegranate,Bhagwa,FAQ,2026-08-06,5756,7327,6542,172
Maharashtra,Nashik,Nashik,Pomegranate,Bhagwa,FAQ,2026-08-05,5804,7387,6596,790
Maharashtra,Nashik,Nashik,Pomegranate,Bhagwa,FAQ,2026-08-04,5745,7312,6529,384
Maharashtra,Nashik,Nashik,Pomegranate,Bhagwa,FAQ,2026-08-03,5766,7339,6553,194
Maharashtra,Nashik,Nashik,Pomegranate,Bhagwa,FAQ,2026-08-02,5718,7277,6498,430
Maharashtra,Nashik,Nashik,Pomegranate,Bhagwa,FAQ,2026-08-01,5754,7323,6539,713
Maharashtra,Nashik,Nashik,Pomegranate,Bhagwa,FAQ,2026-07-31,5729,7292,6511,304
Maharashtra,Nashik,Nashik,Pomegranate,Bhagwa,FAQ,2026-07-30,5730,7293,6512,245
Maharashtra,Nashik,Nashik,Pomegranate,Bhagwa,FAQ,2026-07-29,5642,7181,6412,750
Maharashtra,Nashik,Nashik,Pomegranate,Bhagwa,FAQ,2026-07-28,5661,7204,6433,569
Maharashtra,Nashik,Manmad,Tomato,Local,FAQ,2026-08-26,1816,2311,2064,712
Maharashtra,Nashik,Manmad,Tomato,Vaishali,FAQ,2026-08-25,1904,2423,2164,405
Maharashtra,Nashik,Manmad,Tomato,Local,FAQ,2026-08-24,1890,2405,2148,670
Maharashtra,Nashik,Manmad,Tomato,Vaishali,FAQ,2026-08-23,1931,2458,2195,359
Maharashtra,Nashik,Manmad,Tomato,Hybrid,FAQ,2026-08-22,1921,2444,2183,177
Maharashtra,Nashik,Manmad,Tomato,Local,FAQ,2026-08-21,1914,2436,2175,596
Maharashtra,Nashik,Manmad,Tomato,Local,FAQ,2026-08-20,1983,2524,2254,459
Maharashtra,Nashik,Manmad,Tomato,Vaishali,FAQ,2026-08-19,1964,2499,2232,334
Maharashtra,Nashik,Manmad,Tomato,Vaishali,FAQ,2026-08-18,1950,2483,2217,673
Maharashtra,Nashik,Manmad,Tomato,Local,FAQ,2026-08-17,1993,2536,2265,101
Maharashtra,Nashik,Manmad,Tomato,Local,FAQ,2026-08-16,2016,2565,2291,570
Maharashtra,Nashik,Manmad,Tomato,Local,FAQ,2026-08-15,2007,2554,2281,554
Maharashtra,Nashik,Manmad,Tomato,Local,FAQ,2026-08-14,2030,2583,2307,122
Maharashtra,Nashik,Manmad,Tomato,Hybrid,FAQ,2026-08-13,2053,2612,2333,163
Maharashtra,Nashik,Manmad,Tomato,Hybrid,FAQ,2026-08-12,2021,2572,2297,677
Maharashtra,Nashik,Manmad,Tomato,Hybrid,FAQ,2026-08-11,2024,2576,2300,414
Maharashtra,Nashik,Manmad,Tomato,Local,FAQ,2026-08-10,2005,2552,2279,114
Maharashtra,Nashik,Manmad,Tomato,Vaishali,FAQ,2026-08-09,2020,2571,2296,698
Maharashtra,Nashik,Manmad,Tomato,Local,FAQ,2026-08-08,2026,2579,2303,439
Maharashtra,Nashik,Manmad,Tomato,Local,FAQ,2026-08-07,2036,2591,2314,593
Maharashtra,Nashik,Manmad,Tomato,Hybrid,FAQ,2026-08-06,2000,2545,2273,360
Maharashtra,Nashik,Manmad,Tomato,Local,FAQ,2026-08-05,1978,2517,2248,315
Maharashtra,Nashik,Manmad,Tomato,Vaishali,FAQ,2026-08-04,2019,2570,2295,683
Maharashtra,Nashik,Manmad,Tomato,Vaishali,FAQ,2026-08-03,1964,2499,2232,141
Maharashtra,Nashik,Manmad,Tomato,Vaishali,FAQ,2026-08-02,1963,2498,2231,102
Maharashtra,Nashik,Manmad,Tomato,Hybrid,FAQ,2026-08-01,1956,2489,2223,248
Maharashtra,Nashik,Manmad,Tomato,Hybrid,FAQ,2026-07-31,1940,2469,2205,598
Maharashtra,Nashik,Manmad,Tomato,Local,FAQ,2026-07-30,1877,2388,2133,423
Maharashtra,Nashik,Manmad,Tomato,Vaishali,FAQ,2026-07-29,1884,2397,2141,738
Maharashtra,Nashik,Manmad,Tomato,Local,FAQ,2026-07-28,1877,2390,2134,633
Maharashtra,Nashik,Manmad,Onion,Red,FAQ,2026-08-26,1530,1947,1739,355
Maharashtra,Nashik,Manmad,Onion,Garwa,FAQ,2026-08-25,1551,1974,1763,391
Maharashtra,Nashik,Manmad,Onion,Garwa,FAQ,2026-08-24,1562,1989,1776,228
Maharashtra,Nashik,Manmad,Onion,White,FAQ,2026-08-23,1602,2039,1821,642
Maharashtra,Nashik,Manmad,Onion,White,FAQ,2026-08-22,1640,2087,1864,158
Maharashtra,Nashik,Manmad,Onion,Garwa,FAQ,2026-08-21,1652,2103,1878,163
Maharashtra,Nashik,Manmad,Onion,White,FAQ,2026-08-20,1673,2130,1902,553
Maharashtra,Nashik,Manmad,Onion,Garwa,FAQ,2026-08-19,1671,2126,1899,322
Maharashtra,Nashik,Manmad,Onion,Red,FAQ,2026-08-18,1666,2121,1894,327
Maharashtra,Nashik,Manmad,Onion,Garwa,FAQ,2026-08-17,1664,2117,1891,517
Maharashtra,Nashik,Manmad,Onion,White,FAQ,2026-08-16,1688,2149,1919,362
Maharashtra,Nashik,Manmad,Onion,White,FAQ,2026-08-15,1734,2207,1971,357
Maharashtra,Nashik,Manmad,Onion,Garwa,FAQ,2026-08-14,1694,2157,1926,764
Maharashtra,Nashik,Manmad,Onion,Red,FAQ,2026-08-13,1689,2150,1920,356
Maharashtra,Nashik,Manmad,Onion,Red,FAQ,2026-08-12,1703,2168,1936,789
Maharashtra,Nashik,Manmad,Onion,Garwa,FAQ,2026-08-11,1716,2185,1951,299
Maharashtra,Nashik,Manmad,Onion,Red,FAQ,2026-08-10,1744,2219,1982,317
Maharashtra,Nashik,Manmad,Onion,Garwa,FAQ,2026-08-09,1730,2201,1966,446
Maharashtra,Nashik,Manmad,Onion,Garwa,FAQ,2026-08-08,1726,2197,1962,661
Maharashtra,Nashik,Manmad,Onion,Red,FAQ,2026-08-07,1688,2149,1919,421
Maharashtra,Nashik,Manmad,Onion,Red,FAQ,2026-08-06,1703,2168,1936,332
Maharashtra,Nashik,Manmad,Onion,Red,FAQ,2026-08-05,1666,2121,1894,491
Maharashtra,Nashik,Manmad,Onion,Garwa,FAQ,2026-08-04,1681,2140,1911,557
Maharashtra,Nashik,Manmad,Onion,Garwa,FAQ,2026-08-03,1686,2145,1916,227
Maharashtra,Nashik,Manmad,Onion,Red,FAQ,2026-08-02,1659,2112,1886,454
Maharashtra,Nashik,Manmad,Onion,Red,FAQ,2026-08-01,1606,2044,1825,590
Maharashtra,Nashik,Manmad,Onion,Garwa,FAQ,2026-07-31,1656,2107,1882,151
Maharashtra,Nashik,Manmad,Onion,Garwa,FAQ,2026-07-30,1591,2024,1808,534
Maharashtra,Nashik,Manmad,Onion,Red,FAQ,2026-07-29,1562,1989,1776,491
Maharashtra,Nashik,Manmad,Onion,White,FAQ,2026-07-28,1549,1972,1761,533
Maharashtra,Nashik,Manmad,Wheat,Sharbati,FAQ,2026-08-26,2037,2592,2315,109
Maharashtra,Nashik,Manmad,Wheat,FAQ,FAQ,2026-08-25,2108,2683,2396,651
Maharashtra,Nashik,Manmad,Wheat,Lok-1,FAQ,2026-08-24,2104,2679,2392,428
Maharashtra,Nashik,Manmad,Wheat,Sharbati,FAQ,2026-08-23,2107,2682,2395,124
Maharashtra,Nashik,Manmad,Wheat,Lok-1,FAQ,2026-08-22,2126,2705,2416,409
Maharashtra,Nashik,Manmad,Wheat,Sharbati,FAQ,2026-08-21,2143,2728,2436,164
Maharashtra,Nashik,Manmad,Wheat,FAQ,FAQ,2026-08-20,2179,2774,2477,294
Maharashtra,Nashik,Manmad,Wheat,FAQ,FAQ,2026-08-19,2168,2759,2464,371
Maharashtra,Nashik,Manmad,Wheat,FAQ,FAQ,2026-08-18,2231,2840,2536,392
Maharashtra,Nashik,Manmad,Wheat,Sharbati,FAQ,2026-08-17,2236,2847,2542,137
Maharashtra,Nashik,Manmad,Wheat,FAQ,FAQ,2026-08-16,2244,2857,2551,274
Maharashtra,Nashik,Manmad,Wheat,Sharbati,FAQ,2026-08-15,2244,2857,2551,141
Maharashtra,Nashik,Manmad,Wheat,Sharbati,FAQ,2026-08-14,2214,2819,2517,375
Maharashtra,Nashik,Manmad,Wheat,Lok-1,FAQ,2026-08-13,2235,2844,2540,771
Maharashtra,Nashik,Manmad,Wheat,Lok-1,FAQ,2026-08-12,2222,2828,2525,483
Maharashtra,Nashik,Manmad,Wheat,FAQ,FAQ,2026-08-11,2256,2871,2564,783
Maharashtra,Nashik,Manmad,Wheat,FAQ,FAQ,2026-08-10,2235,2844,2540,457
Maharashtra,Nashik,Manmad,Wheat,Lok-1,FAQ,2026-08-09,2245,2858,2552,647
Maharashtra,Nashik,Manmad,Wheat,FAQ,FAQ,2026-08-08,2251,2864,2558,788
Maharashtra,Nashik,Manmad,Wheat,FAQ,FAQ,2026-08-07,2264,2881,2573,388
Maharashtra,Nashik,Manmad,Wheat,Sharbati,FAQ,2026-08-06,2256,2871,2564,368
Maharashtra,Nashik,Manmad,Wheat,Lok-1,FAQ,2026-08-05,2228,2835,2532,212
Maharashtra,Nashik,Manmad,Wheat,Lok-1,FAQ,2026-08-04,2210,2813,2512,752
Maharashtra,Nashik,Manmad,Wheat,Sharbati,FAQ,2026-08-03,2160,2749,2455,778
Maharashtra,Nashik,Manmad,Wheat,Sharbati,FAQ,2026-08-02,2203,2804,2504,681
Maharashtra,Nashik,Manmad,Wheat,Lok-1,FAQ,2026-08-01,2141,2724,2433,362
Maharashtra,Nashik,Manmad,Wheat,Lok-1,FAQ,2026-07-31,2149,2736,2443,342
Maharashtra,Nashik,Manmad,Wheat,Lok-1,FAQ,2026-07-30,2136,2719,2428,282
Maharashtra,Nashik,Manmad,Wheat,FAQ,FAQ,2026-07-29,2110,2685,2398,478
Maharashtra,Nashik,Manmad,Wheat,Lok-1,FAQ,2026-07-28,2065,2628,2347,521
Maharashtra,Nashik,Manmad,Rice,Swarna,FAQ,2026-08-26,2168,2759,2464,778
Maharashtra,Nashik,Manmad,Rice,Paddy(Dpr),FAQ,2026-08-25,2247,2860,2554,459
Maharashtra,Nashik,Manmad,Rice,Swarna,FAQ,2026-08-24,2269,2888,2579,303
Maharashtra,Nashik,Manmad,Rice,Basmati,FAQ,2026-08-23,2296,2923,2610,618
Maharashtra,Nashik,Manmad,Rice,Basmati,FAQ,2026-08-22,2292,2917,2605,419
Maharashtra,Nashik,Manmad,Rice,Paddy(Dpr),FAQ,2026-08-21,2288,2912,2600,605
Maharashtra,Nashik,Manmad,Rice,Swarna,FAQ,2026-08-20,2280,2901,2591,393
Maharashtra,Nashik,Manmad,Rice,Swarna,FAQ,2026-08-19,2318,2951,2635,242
Maharashtra,Nashik,Manmad,Rice,Swarna,FAQ,2026-08-18,2311,2942,2627,144
Maharashtra,Nashik,Manmad,Rice,Paddy(Dpr),FAQ,2026-08-17,2312,2943,2628,196
Maharashtra,Nashik,Manmad,Rice,Paddy(Dpr),FAQ,2026-08-16,2352,2993,2673,656
Maharashtra,Nashik,Manmad,Rice,Paddy(Dpr),FAQ,2026-08-15,2372,3019,2696,541
Maharashtra,Nashik,Manmad,Rice,Paddy(Dpr),FAQ,2026-08-14,2388,3039,2714,680
Maharashtra,Nashik,Manmad,Rice,Basmati,FAQ,2026-08-13,2393,3046,2720,696
Maharashtra,Nashik,Manmad,Rice,Swarna,FAQ,2026-08-12,2407,3064,2736,466
Maharashtra,Nashik,Manmad,Rice,Paddy(Dpr),FAQ,2026-08-11,2393,3046,2720,234
Maharashtra,Nashik,Manmad,Rice,Basmati,FAQ,2026-08-10,2349,2990,2670,126
Maharashtra,Nashik,Manmad,Rice,Paddy(Dpr),FAQ,2026-08-09,2398,3052,2725,286
Maharashtra,Nashik,Manmad,Rice,Paddy(Dpr),FAQ,2026-08-08,2384,3035,2710,196
Maharashtra,Nashik,Manmad,Rice,Paddy(Dpr),FAQ,2026-08-07,2381,3030,2706,600
Maharashtra,Nashik,Manmad,Rice,Swarna,FAQ,2026-08-06,2326,2961,2644,688
Maharashtra,Nashik,Manmad,Rice,Swarna,FAQ,2026-08-05,2319,2952,2636,417
Maharashtra,Nashik,Manmad,Rice,Paddy(Dpr),FAQ,2026-08-04,2317,2948,2633,636
Maharashtra,Nashik,Manmad,Rice,Paddy(Dpr),FAQ,2026-08-03,2329,2964,2647,128
Maharashtra,Nashik,Manmad,Rice,Paddy(Dpr),FAQ,2026-08-02,2337,2974,2656,246
Maharashtra,Nashik,Manmad,Rice,Swarna,FAQ,2026-08-01,2287,2910,2599,376
Maharashtra,Nashik,Manmad,Rice,Basmati,FAQ,2026-07-31,2261,2878,2570,335
Maharashtra,Nashik,Manmad,Rice,Paddy(Dpr),FAQ,2026-07-30,2253,2868,2561,724
Maharashtra,Nashik,Manmad,Rice,Paddy(Dpr),FAQ,2026-07-29,2232,2841,2537,232
Maharashtra,Nashik,Manmad,Rice,Paddy(Dpr),FAQ,2026-07-28,2214,2817,2516,559
Maharashtra,Nashik,Manmad,Potato,Jyoti,FAQ,2026-08-26,1210,1540,1375,651
Maharashtra,Nashik,Manmad,Potato,Jyoti,FAQ,2026-08-25,1268,1613,1441,300
Maharashtra,Nashik,Manmad,Potato,Kufri,FAQ,2026-08-24,1256,1599,1428,364
Maharashtra,Nashik,Manmad,Potato,Kufri,FAQ,2026-08-23,1271,1618,1445,159
Maharashtra,Nashik,Manmad,Potato,Jyoti,FAQ,2026-08-22,1286,1637,1462,617
Maharashtra,Nashik,Manmad,Potato,Jyoti,FAQ,2026-08-21,1342,1709,1526,220
Maharashtra,Nashik,Manmad,Potato,Kufri,FAQ,2026-08-20,1312,1671,1492,758
Maharashtra,Nashik,Manmad,Potato,Kufri,FAQ,2026-08-19,1334,1699,1517,195
Maharashtra,Nashik,Manmad,Potato,Jyoti,FAQ,2026-08-18,1367,1740,1554,180
Maharashtra,Nashik,Manmad,Potato,Kufri,FAQ,2026-08-17,1386,1765,1576,798
Maharashtra,Nashik,Manmad,Potato,Kufri,FAQ,2026-08-16,1367,1740,1554,410
Maharashtra,Nashik,Manmad,Potato,Kufri,FAQ,2026-08-15,1367,1740,1554,419
Maharashtra,Nashik,Manmad,Potato,Kufri,FAQ,2026-08-14,1414,1799,1607,161
Maharashtra,Nashik,Manmad,Potato,Jyoti,FAQ,2026-08-13,1397,1778,1588,611
Maharashtra,Nashik,Manmad,Potato,Kufri,FAQ,2026-08-12,1389,1768,1579,375
Maharashtra,Nashik,Manmad,Potato,Kufri,FAQ,2026-08-11,1405,1788,1597,305
Maharashtra,Nashik,Manmad,Potato,Jyoti,FAQ,2026-08-10,1409,1794,1602,209
Maharashtra,Nashik,Manmad,Potato,Jyoti,FAQ,2026-08-09,1428,1817,1623,414
Maharashtra,Nashik,Manmad,Potato,Kufri,FAQ,2026-08-08,1369,1742,1556,593
Maharashtra,Nashik,Manmad,Potato,Jyoti,FAQ,2026-08-07,1410,1795,1603,197
Maharashtra,Nashik,Manmad,Potato,Kufri,FAQ,2026-08-06,1370,1743,1557,173
Maharashtra,Nashik,Manmad,Potato,Kufri,FAQ,2026-08-05,1367,1740,1554,506
Maharashtra,Nashik,Manmad,Potato,Kufri,FAQ,2026-08-04,1364,1737,1551,349
Maharashtra,Nashik,Manmad,Potato,Kufri,FAQ,2026-08-03,1392,1771,1582,214
Maharashtra,Nashik,Manmad,Potato,Kufri,FAQ,2026-08-02,1345,1712,1529,433
Maharashtra,Nashik,Manmad,Potato,Kufri,FAQ,2026-08-01,1350,1719,1535,597
Maharashtra,Nashik,Manmad,Potato,Jyoti,FAQ,2026-07-31,1319,1678,1499,173
Maharashtra,Nashik,Manmad,Potato,Kufri,FAQ,2026-07-30,1320,1680,1500,419
Maharashtra,Nashik,Manmad,Potato,Kufri,FAQ,2026-07-29,1253,1594,1424,647
Maharashtra,Nashik,Manmad,Potato,Kufri,FAQ,2026-07-28,1239,1576,1408,792
Maharashtra,Nashik,Manmad,Soyabean,Yellow,FAQ,2026-08-26,3757,4782,4270,391
Maharashtra,Nashik,Manmad,Soyabean,Yellow,FAQ,2026-08-25,3826,4869,4348,719
Maharashtra,Nashik,Manmad,Soyabean,JS-335,FAQ,2026-08-24,3797,4832,4315,336
Maharashtra,Nashik,Manmad,Soyabean,Yellow,FAQ,2026-08-23,3873,4930,4402,309
Maharashtra,Nashik,Manmad,Soyabean,JS-335,FAQ,2026-08-22,3864,4917,4391,386
Maharashtra,Nashik,Manmad,Soyabean,Yellow,FAQ,2026-08-21,3850,4900,4375,725
Maharashtra,Nashik,Manmad,Soyabean,JS-335,FAQ,2026-08-20,3890,4951,4421,732
Maharashtra,Nashik,Manmad,Soyabean,JS-335,FAQ,2026-08-19,3894,4956,4425,474
Maharashtra,Nashik,Manmad,Soyabean,Yellow,FAQ,2026-08-18,3930,5003,4467,336
Maharashtra,Nashik,Manmad,Soyabean,Yellow,FAQ,2026-08-17,3921,4990,4456,499
Maharashtra,Nashik,Manmad,Soyabean,Yellow,FAQ,2026-08-16,3946,5023,4485,426
Maharashtra,Nashik,Manmad,Soyabean,Yellow,FAQ,2026-08-15,3980,5065,4523,751
Maharashtra,Nashik,Manmad,Soyabean,JS-335,FAQ,2026-08-14,3960,5041,4501,338
Maharashtra,Nashik,Manmad,Soyabean,Yellow,FAQ,2026-08-13,3977,5062,4520,258
Maharashtra,Nashik,Manmad,Soyabean,Yellow,FAQ,2026-08-12,3978,5063,4521,482
Maharashtra,Nashik,Manmad,Soyabean,JS-335,FAQ,2026-08-11,3935,5008,4472,130
Maharashtra,Nashik,Manmad,Soyabean,Yellow,FAQ,2026-08-10,3937,5010,4474,410
Maharashtra,Nashik,Manmad,Soyabean,Yellow,FAQ,2026-08-09,3943,5018,4481,546
Maharashtra,Nashik,Manmad,Soyabean,JS-335,FAQ,2026-08-08,3960,5041,4501,687
Maharashtra,Nashik,Manmad,Soyabean,Yellow,FAQ,2026-08-07,3962,5043,4503,565
Maharashtra,Nashik,Manmad,Soyabean,Yellow,FAQ,2026-08-06,3951,5028,4490,201
Maharashtra,Nashik,Manmad,Soyabean,JS-335,FAQ,2026-08-05,3904,4969,4437,419
Maharashtra,Nashik,Manmad,Soyabean,JS-335,FAQ,2026-08-04,3953,5032,4493,763
Maharashtra,Nashik,Manmad,Soyabean,Yellow,FAQ,2026-08-03,3891,4952,4422,290
Maharashtra,Nashik,Manmad,Soyabean,JS-335,FAQ,2026-08-02,3882,4941,4412,198
Maharashtra,Nashik,Manmad,Soyabean,JS-335,FAQ,2026-08-01,3905,4970,4438,586
Maharashtra,Nashik,Manmad,Soyabean,JS-335,FAQ,2026-07-31,3887,4948,4418,436
Maharashtra,Nashik,Manmad,Soyabean,Yellow,FAQ,2026-07-30,3849,4898,4374,171
Maharashtra,Nashik,Manmad,Soyabean,JS-335,FAQ,2026-07-29,3823,4866,4345,115
Maharashtra,Nashik,Manmad,Soyabean,Yellow,FAQ,2026-07-28,3797,4832,4315,695
Maharashtra,Nashik,Manmad,Maize,Hybrid,FAQ,2026-08-26,1633,2078,1856,316
Maharashtra,Nashik,Manmad,Maize,Hybrid,FAQ,2026-08-25,1674,2131,1903,380
Maharashtra,Nashik,Manmad,Maize,Yellow,FAQ,2026-08-24,1681,2140,1911,680
Maharashtra,Nashik,Manmad,Maize,Hybrid,FAQ,2026-08-23,1657,2110,1884,377
Maharashtra,Nashik,Manmad,Maize,Hybrid,FAQ,2026-08-22,1737,2210,1974,534
Maharashtra,Nashik,Manmad,Maize,Hybrid,FAQ,2026-08-21,1694,2157,1926,635
Maharashtra,Nashik,Manmad,Maize,Yellow,FAQ,2026-08-20,1732,2205,1969,154
Maharashtra,Nashik,Manmad,Maize,Yellow,FAQ,2026-08-19,1731,2204,1968,190
Maharashtra,Nashik,Manmad,Maize,Yellow,FAQ,2026-08-18,1773,2256,2015,515
Maharashtra,Nashik,Manmad,Maize,Hybrid,FAQ,2026-08-17,1787,2274,2031,486
Maharashtra,Nashik,Manmad,Maize,Yellow,FAQ,2026-08-16,1813,2308,2061,104
Maharashtra,Nashik,Manmad,Maize,Hybrid,FAQ,2026-08-15,1770,2253,2012,402
Maharashtra,Nashik,Manmad,Maize,Hybrid,FAQ,2026-08-14,1796,2287,2042,553
Maharashtra,Nashik,Manmad,Maize,Hybrid,FAQ,2026-08-13,1767,2248,2008,614
Maharashtra,Nashik,Manmad,Maize,Yellow,FAQ,2026-08-12,1789,2278,2034,279
Maharashtra,Nashik,Manmad,Maize,Hybrid,FAQ,2026-08-11,1795,2284,2040,679
Maharashtra,Nashik,Manmad,Maize,Hybrid,FAQ,2026-08-10,1809,2302,2056,752
Maharashtra,Nashik,Manmad,Maize,Hybrid,FAQ,2026-08-09,1767,2250,2009,766
Maharashtra,Nashik,Manmad,Maize,Yellow,FAQ,2026-08-08,1832,2331,2082,255
Maharashtra,Nashik,Manmad,Maize,Yellow,FAQ,2026-08-07,1796,2285,2041,321
Maharashtra,Nashik,Manmad,Maize,Hybrid,FAQ,2026-08-06,1810,2303,2057,538
Maharashtra,Nashik,Manmad,Maize,Yellow,FAQ,2026-08-05,1749,2226,1988,625
Maharashtra,Nashik,Manmad,Maize,Hybrid,FAQ,2026-08-04,1742,2217,1980,480
Maharashtra,Nashik,Manmad,Maize,Hybrid,FAQ,2026-08-03,1753,2232,1993,697
Maharashtra,Nashik,Manmad,Maize,Yellow,FAQ,2026-08-02,1763,2244,2004,634
Maharashtra,Nashik,Manmad,Maize,Yellow,FAQ,2026-08-01,1732,2205,1969,554
Maharashtra,Nashik,Manmad,Maize,Hybrid,FAQ,2026-07-31,1685,2144,1915,333
Maharashtra,Nashik,Manmad,Maize,Yellow,FAQ,2026-07-30,1707,2172,1940,688
Maharashtra,Nashik,Manmad,Maize,Yellow,FAQ,2026-07-29,1677,2134,1906,239
Maharashtra,Nashik,Manmad,Maize,Yellow,FAQ,2026-07-28,1663,2116,1890,441
Maharashtra,Nashik,Manmad,Cotton,Medium Staple,FAQ,2026-08-26,5705,7260,6483,745
Maharashtra,Nashik,Manmad,Cotton,Medium Staple,FAQ,2026-08-25,5715,7274,6495,561
Maharashtra,Nashik,Manmad,Cotton,Medium Staple,FAQ,2026-08-24,5731,7294,6513,602
Maharashtra,Nashik,Manmad,Cotton,Medium Staple,FAQ,2026-08-23,5812,7397,6605,265
Maharashtra,Nashik,Manmad,Cotton,Medium Staple,FAQ,2026-08-22,5811,7396,6604,761
Maharashtra,Nashik,Manmad,Cotton,Medium Staple,FAQ,2026-08-21,5842,7435,6639,348
Maharashtra,Nashik,Manmad,Cotton,Medium Staple,FAQ,2026-08-20,5800,7383,6592,359
Maharashtra,Nashik,Manmad,Cotton,Medium Staple,FAQ,2026-08-19,5862,7461,6662,740
Maharashtra,Nashik,Manmad,Cotton,Medium Staple,FAQ,2026-08-18,5880,7483,6682,503
Maharashtra,Nashik,Manmad,Cotton,Medium Staple,FAQ,2026-08-17,5897,7506,6702,129
Maharashtra,Nashik,Manmad,Cotton,Medium Staple,FAQ,2026-08-16,5889,7496,6693,735
Maharashtra,Nashik,Manmad,Cotton,Medium Staple,FAQ,2026-08-15,5881,7484,6683,695
Maharashtra,Nashik,Manmad,Cotton,Medium Staple,FAQ,2026-08-14,5875,7478,6677,666
Maharashtra,Nashik,Manmad,Cotton,Medium Staple,FAQ,2026-08-13,5859,7458,6659,694
Maharashtra,Nashik,Manmad,Cotton,Medium Staple,FAQ,2026-08-12,5866,7467,6667,606
Maharashtra,Nashik,Manmad,Cotton,Medium Staple,FAQ,2026-08-11,5900,7509,6705,587
Maharashtra,Nashik,Manmad,Cotton,Medium Staple,FAQ,2026-08-10,5891,7498,6695,739
Maharashtra,Nashik,Manmad,Cotton,Medium Staple,FAQ,2026-08-09,5896,7504,6700,619
Maharashtra,Nashik,Manmad,Cotton,Medium Staple,FAQ,2026-08-08,5874,7477,6676,464
Maharashtra,Nashik,Manmad,Cotton,Medium Staple,FAQ,2026-08-07,5911,7524,6718,335
Maharashtra,Nashik,Manmad,Cotton,Medium Staple,FAQ,2026-08-06,5897,7506,6702,279
Maharashtra,Nashik,Manmad,Cotton,Medium Staple,FAQ,2026-08-05,5837,7430,6634,379
Maharashtra,Nashik,Manmad,Cotton,Medium Staple,FAQ,2026-08-04,5860,7459,6660,793
Maharashtra,Nashik,Manmad,Cotton,Medium Staple,FAQ,2026-08-03,5820,7407,6614,475
Maharashtra,Nashik,Manmad,Cotton,Medium Staple,FAQ,2026-08-02,5801,7384,6593,131
Maharashtra,Nashik,Manmad,Cotton,Medium Staple,FAQ,2026-08-01,5794,7375,6585,254
Maharashtra,Nashik,Manmad,Cotton,Medium Staple,FAQ,2026-07-31,5800,7381,6591,330
Maharashtra,Nashik,Manmad,Cotton,Medium Staple,FAQ,2026-07-30,5770,7343,6557,560
Maharashtra,Nashik,Manmad,Cotton,Medium Staple,FAQ,2026-07-29,5774,7349,6562,317
Maharashtra,Nashik,Manmad,Cotton,Medium Staple,FAQ,2026-07-28,5775,7350,6563,760
Maharashtra,Nashik,Manmad,Sugarcane,Co-86032,FAQ,2026-08-26,264,336,300,745
Maharashtra,Nashik,Manmad,Sugarcane,Co-86032,FAQ,2026-08-25,264,336,300,427
Maharashtra,Nashik,Manmad,Sugarcane,Co-86032,FAQ,2026-08-24,264,336,300,613
Maharashtra,Nashik,Manmad,Sugarcane,Co-86032,FAQ,2026-08-23,264,336,300,223
Maharashtra,Nashik,Manmad,Sugarcane,Co-86032,FAQ,2026-08-22,279,356,318,209
Maharashtra,Nashik,Manmad,Sugarcane,Co-86032,FAQ,2026-08-21,264,336,300,610
Maharashtra,Nashik,Manmad,Sugarcane,Co-86032,FAQ,2026-08-20,276,351,314,334
Maharashtra,Nashik,Manmad,Sugarcane,Co-86032,FAQ,2026-08-19,335,426,381,409
Maharashtra,Nashik,Manmad,Sugarcane,Co-86032,FAQ,2026-08-18,349,444,397,186
Maharashtra,Nashik,Manmad,Sugarcane,Co-86032,FAQ,2026-08-17,311,396,354,150
Maharashtra,Nashik,Manmad,Sugarcane,Co-86032,FAQ,2026-08-16,333,424,379,388
Maharashtra,Nashik,Manmad,Sugarcane,Co-86032,FAQ,2026-08-15,345,440,393,491
Maharashtra,Nashik,Manmad,Sugarcane,Co-86032,FAQ,2026-08-14,367,468,418,121
Maharashtra,Nashik,Manmad,Sugarcane,Co-86032,FAQ,2026-08-13,391,498,445,498
Maharashtra,Nashik,Manmad,Sugarcane,Co-86032,FAQ,2026-08-12,359,456,408,636
Maharashtra,Nashik,Manmad,Sugarcane,Co-86032,FAQ,2026-08-11,359,456,408,754
Maharashtra,Nashik,Manmad,Sugarcane,Co-86032,FAQ,2026-08-10,347,442,395,162
Maharashtra,Nashik,Manmad,Sugarcane,Co-86032,FAQ,2026-08-09,362,461,412,433
Maharashtra,Nashik,Manmad,Sugarcane,Co-86032,FAQ,2026-08-08,331,422,377,526
Maharashtra,Nashik,Manmad,Sugarcane,Co-86032,FAQ,2026-08-07,356,453,405,506
Maharashtra,Nashik,Manmad,Sugarcane,Co-86032,FAQ,2026-08-06,340,433,387,397
Maharashtra,Nashik,Manmad,Sugarcane,Co-86032,FAQ,2026-08-05,334,425,380,667
Maharashtra,Nashik,Manmad,Sugarcane,Co-86032,FAQ,2026-08-04,324,413,369,424
Maharashtra,Nashik,Manmad,Sugarcane,Co-86032,FAQ,2026-08-03,290,369,330,238
Maharashtra,Nashik,Manmad,Sugarcane,Co-86032,FAQ,2026-08-02,312,397,355,669
Maharashtra,Nashik,Manmad,Sugarcane,Co-86032,FAQ,2026-08-01,316,403,360,284
Maharashtra,Nashik,Manmad,Sugarcane,Co-86032,FAQ,2026-07-31,264,336,300,429
Maharashtra,Nashik,Manmad,Sugarcane,Co-86032,FAQ,2026-07-30,286,365,326,305
Maharashtra,Nashik,Manmad,Sugarcane,Co-86032,FAQ,2026-07-29,264,336,300,376
Maharashtra,Nashik,Manmad,Sugarcane,Co-86032,FAQ,2026-07-28,264,336,300,270
Maharashtra,Nashik,Manmad,Mustard,Yellow,FAQ,2026-08-26,4706,5989,5348,133
Maharashtra,Nashik,Manmad,Mustard,Yellow,FAQ,2026-08-25,4722,6011,5367,795
Maharashtra,Nashik,Manmad,Mustard,Black,FAQ,2026-08-24,4745,6040,5393,771
Maharashtra,Nashik,Manmad,Mustard,Black,FAQ,2026-08-23,4781,6084,5433,704
Maharashtra,Nashik,Manmad,Mustard,Yellow,FAQ,2026-08-22,4790,6097,5444,721
Maharashtra,Nashik,Manmad,Mustard,Black,FAQ,2026-08-21,4797,6106,5452,581
Maharashtra,Nashik,Manmad,Mustard,Yellow,FAQ,2026-08-20,4821,6136,5479,504
Maharashtra,Nashik,Manmad,Mustard,Black,FAQ,2026-08-19,4858,6183,5521,779
Maharashtra,Nashik,Manmad,Mustard,Yellow,FAQ,2026-08-18,4819,6134,5477,402
Maharashtra,Nashik,Manmad,Mustard,Yellow,FAQ,2026-08-17,4876,6207,5542,529
Maharashtra,Nashik,Manmad,Mustard,Yellow,FAQ,2026-08-16,4842,6163,5503,112
Maharashtra,Nashik,Manmad,Mustard,Yellow,FAQ,2026-08-15,4901,6238,5570,392
Maharashtra,Nashik,Manmad,Mustard,Black,FAQ,2026-08-14,4876,6207,5542,785
Maharashtra,Nashik,Manmad,Mustard,Black,FAQ,2026-08-13,4904,6241,5573,644
Maharashtra,Nashik,Manmad,Mustard,Yellow,FAQ,2026-08-12,4859,6184,5522,787
Maharashtra,Nashik,Manmad,Mustard,Black,FAQ,2026-08-11,4914,6255,5585,433
Maharashtra,Nashik,Manmad,Mustard,Yellow,FAQ,2026-08-10,4891,6226,5559,528
Maharashtra,Nashik,Manmad,Mustard,Black,FAQ,2026-08-09,4909,6248,5579,344
Maharashtra,Nashik,Manmad,Mustard,Yellow,FAQ,2026-08-08,4848,6171,5510,401
Maharashtra,Nashik,Manmad,Mustard,Black,FAQ,2026-08-07,4876,6207,5542,453
Maharashtra,Nashik,Manmad,Mustard,Black,FAQ,2026-08-06,4834,6153,5494,587
Maharashtra,Nashik,Manmad,Mustard,Yellow,FAQ,2026-08-05,4831,6148,5490,358
Maharashtra,Nashik,Manmad,Mustard,Yellow,FAQ,2026-08-04,4847,6168,5508,249
Maharashtra,Nashik,Manmad,Mustard,Yellow,FAQ,2026-08-03,4820,6135,5478,610
Maharashtra,Nashik,Manmad,Mustard,Black,FAQ,2026-08-02,4799,6108,5454,169
Maharashtra,Nashik,Manmad,Mustard,Black,FAQ,2026-08-01,4832,6149,5491,563
Maharashtra,Nashik,Manmad,Mustard,Yellow,FAQ,2026-07-31,4802,6111,5457,519
Maharashtra,Nashik,Manmad,Mustard,Black,FAQ,2026-07-30,4781,6086,5434,798
Maharashtra,Nashik,Manmad,Mustard,Yellow,FAQ,2026-07-29,4786,6091,5439,696
Maharashtra,Nashik,Manmad,Mustard,Black,FAQ,2026-07-28,4695,5976,5336,416
Maharashtra,Nashik,Manmad,Grapes,Thompson Seedless,FAQ,2026-08-26,4319,5496,4908,272
Maharashtra,Nashik,Manmad,Grapes,Thompson Seedless,FAQ,2026-08-25,4323,5502,4913,271
Maharashtra,Nashik,Manmad,Grapes,Thompson Seedless,FAQ,2026-08-24,4370,5563,4967,114
Maharashtra,Nashik,Manmad,Grapes,Thompson Seedless,FAQ,2026-08-23,4379,5574,4977,281
Maharashtra,Nashik,Manmad,Grapes,Thompson Seedless,FAQ,2026-08-22,4424,5631,5028,710
Maharashtra,Nashik,Manmad,Grapes,Thompson Seedless,FAQ,2026-08-21,4380,5575,4978,499
Maharashtra,Nashik,Manmad,Grapes,Thompson Seedless,FAQ,2026-08-20,4414,5619,5017,702
Maharashtra,Nashik,Manmad,Grapes,Thompson Seedless,FAQ,2026-08-19,4466,5685,5076,107
Maharashtra,Nashik,Manmad,Grapes,Thompson Seedless,FAQ,2026-08-18,4420,5625,5023,516
Maharashtra,Nashik,Manmad,Grapes,Thompson Seedless,FAQ,2026-08-17,4474,5695,5085,560
Maharashtra,Nashik,Manmad,Grapes,Thompson Seedless,FAQ,2026-08-16,4436,5645,5041,244
Maharashtra,Nashik,Manmad,Grapes,Thompson Seedless,FAQ,2026-08-15,4439,5650,5045,408
Maharashtra,Nashik,Manmad,Grapes,Thompson Seedless,FAQ,2026-08-14,4492,5717,5105,128
Maharashtra,Nashik,Manmad,Grapes,Thompson Seedless,FAQ,2026-08-13,4507,5736,5122,503
Maharashtra,Nashik,Manmad,Grapes,Thompson Seedless,FAQ,2026-08-12,4506,5735,5121,488
Maharashtra,Nashik,Manmad,Grapes,Thompson Seedless,FAQ,2026-08-11,4521,5754,5138,358
Maharashtra,Nashik,Manmad,Grapes,Thompson Seedless,FAQ,2026-08-10,4517,5750,5134,671
Maharashtra,Nashik,Manmad,Grapes,Thompson Seedless,FAQ,2026-08-09,4460,5677,5069,125
Maharashtra,Nashik,Manmad,Grapes,Thompson Seedless,FAQ,2026-08-08,4483,5706,5095,262
Maharashtra,Nashik,Manmad,Grapes,Thompson Seedless,FAQ,2026-08-07,4505,5734,5120,288
Maharashtra,Nashik,Manmad,Grapes,Thompson Seedless,FAQ,2026-08-06,4466,5685,5076,544
Maharashtra,Nashik,Manmad,Grapes,Thompson Seedless,FAQ,2026-08-05,4471,5690,5081,540
Maharashtra,Nashik,Manmad,Grapes,Thompson Seedless,FAQ,2026-08-04,4477,5698,5088,613
Maharashtra,Nashik,Manmad,Grapes,Thompson Seedless,FAQ,2026-08-03,4436,5647,5042,746
Maharashtra,Nashik,Manmad,Grapes,Thompson Seedless,FAQ,2026-08-02,4434,5643,5039,601
Maharashtra,Nashik,Manmad,Grapes,Thompson Seedless,FAQ,2026-08-01,4435,5644,5040,218
Maharashtra,Nashik,Manmad,Grapes,Thompson Seedless,FAQ,2026-07-31,4370,5563,4967,711
Maharashtra,Nashik,Manmad,Grapes,Thompson Seedless,FAQ,2026-07-30,4361,5550,4956,272
Maharashtra,Nashik,Manmad,Grapes,Thompson Seedless,FAQ,2026-07-29,4388,5585,4987,190
Maharashtra,Nashik,Manmad,Grapes,Thompson Seedless,FAQ,2026-07-28,4357,5546,4952,232
Maharashtra,Nashik,Manmad,Pomegranate,Bhagwa,FAQ,2026-08-26,5610,7141,6376,129
Maharashtra,Nashik,Manmad,Pomegranate,Bhagwa,FAQ,2026-08-25,5654,7196,6425,464
Maharashtra,Nashik,Manmad,Pomegranate,Bhagwa,FAQ,2026-08-24,5654,7197,6426,631
Maharashtra,Nashik,Manmad,Pomegranate,Bhagwa,FAQ,2026-08-23,5681,7230,6456,553
Maharashtra,Nashik,Manmad,Pomegranate,Bhagwa,FAQ,2026-08-22,5678,7227,6453,441
Maharashtra,Nashik,Manmad,Pomegranate,Bhagwa,FAQ,2026-08-21,5744,7311,6528,619
Maharashtra,Nashik,Manmad,Pomegranate,Bhagwa,FAQ,2026-08-20,5772,7347,6560,417
Maharashtra,Nashik,Manmad,Pomegranate,Bhagwa,FAQ,2026-08-19,5773,7348,6561,134
Maharashtra,Nashik,Manmad,Pomegranate,Bhagwa,FAQ,2026-08-18,5792,7371,6582,524
Maharashtra,Nashik,Manmad,Pomegranate,Bhagwa,FAQ,2026-08-17,5754,7323,6539,390
Maharashtra,Nashik,Manmad,Pomegranate,Bhagwa,FAQ,2026-08-16,5762,7333,6548,209
Maharashtra,Nashik,Manmad,Pomegranate,Bhagwa,FAQ,2026-08-15,5810,7395,6603,660
Maharashtra,Nashik,Manmad,Pomegranate,Bhagwa,FAQ,2026-08-14,5776,7351,6564,309
Maharashtra,Nashik,Manmad,Pomegranate,Bhagwa,FAQ,2026-08-13,5817,7404,6611,571
Maharashtra,Nashik,Manmad,Pomegranate,Bhagwa,FAQ,2026-08-12,5788,7367,6578,272
Maharashtra,Nashik,Manmad,Pomegranate,Bhagwa,FAQ,2026-08-11,5784,7361,6573,164
Maharashtra,Nashik,Manmad,Pomegranate,Bhagwa,FAQ,2026-08-10,5800,7383,6592,582
Maharashtra,Nashik,Manmad,Pomegranate,Bhagwa,FAQ,2026-08-09,5771,7344,6558,564
Maharashtra,Nashik,Manmad,Pomegranate,Bhagwa,FAQ,2026-08-08,5780,7357,6569,177
Maharashtra,Nashik,Manmad,Pomegranate,Bhagwa,FAQ,2026-08-07,5775,7350,6563,102
Maharashtra,Nashik,Manmad,Pomegranate,Bhagwa,FAQ,2026-08-06,5822,7411,6617,349
Maharashtra,Nashik,Manmad,Pomegranate,Bhagwa,FAQ,2026-08-05,5775,7350,6563,401
Maharashtra,Nashik,Manmad,Pomegranate,Bhagwa,FAQ,2026-08-04,5788,7367,6578,754
Maharashtra,Nashik,Manmad,Pomegranate,Bhagwa,FAQ,2026-08-03,5747,7314,6531,616
Maharashtra,Nashik,Manmad,Pomegranate,Bhagwa,FAQ,2026-08-02,5775,7350,6563,650
Maharashtra,Nashik,Manmad,Pomegranate,Bhagwa,FAQ,2026-08-01,5706,7263,6485,516
Maharashtra,Nashik,Manmad,Pomegranate,Bhagwa,FAQ,2026-07-31,5726,7287,6507,698
Maharashtra,Nashik,Manmad,Pomegranate,Bhagwa,FAQ,2026-07-30,5676,7224,6450,172
Maharashtra,Nashik,Manmad,Pomegranate,Bhagwa,FAQ,2026-07-29,5685,7236,6461,448
Maharashtra,Nashik,Manmad,Pomegranate,Bhagwa,FAQ,2026-07-28,5653,7194,6424,543
Maharashtra,Nashik,Malegaon,Tomato,Hybrid,FAQ,2026-08-26,1871,2382,2127,258
Maharashtra,Nashik,Malegaon,Tomato,Local,FAQ,2026-08-25,1884,2397,2141,624
Maharashtra,Nashik,Malegaon,Tomato,Hybrid,FAQ,2026-08-24,1902,2421,2162,336
Maharashtra,Nashik,Malegaon,Tomato,Vaishali,FAQ,2026-08-23,1886,2401,2144,498
Maharashtra,Nashik,Malegaon,Tomato,Hybrid,FAQ,2026-08-22,1926,2451,2189,210
Maharashtra,Nashik,Malegaon,Tomato,Local,FAQ,2026-08-21,1924,2449,2187,316
Maharashtra,Nashik,Malegaon,Tomato,Vaishali,FAQ,2026-08-20,1930,2457,2194,691
Maharashtra,Nashik,Malegaon,Tomato,Local,FAQ,2026-08-19,2002,2548,2275,413
Maharashtra,Nashik,Malegaon,Tomato,Hybrid,FAQ,2026-08-18,1959,2494,2227,109
Maharashtra,Nashik,Malegaon,Tomato,Vaishali,FAQ,2026-08-17,2024,2577,2301,377
Maharashtra,Nashik,Malegaon,Tomato,Hybrid,FAQ,2026-08-16,1980,2520,2250,632
Maharashtra,Nashik,Malegaon,Tomato,Local,FAQ,2026-08-15,2042,2599,2321,187
Maharashtra,Nashik,Malegaon,Tomato,Local,FAQ,2026-08-14,2041,2598,2320,777
Maharashtra,Nashik,Malegaon,Tomato,Local,FAQ,2026-08-13,2012,2561,2287,660
Maharashtra,Nashik,Malegaon,Tomato,Hybrid,FAQ,2026-08-12,2045,2602,2324,554
Maharashtra,Nashik,Malegaon,Tomato,Local,FAQ,2026-08-11,2011,2560,2286,752
Maharashtra,Nashik,Malegaon,Tomato,Hybrid,FAQ,2026-08-10,2014,2563,2289,574
Maharashtra,Nashik,Malegaon,Tomato,Hybrid,FAQ,2026-08-09,2024,2576,2300,305
Maharashtra,Nashik,Malegaon,Tomato,Vaishali,FAQ,2026-08-08,1983,2524,2254,293
Maharashtra,Nashik,Malegaon,Tomato,Vaishali,FAQ,2026-08-07,2000,2545,2273,300
Maharashtra,Nashik,Malegaon,Tomato,Local,FAQ,2026-08-06,2014,2563,2289,507
Maharashtra,Nashik,Malegaon,Tomato,Hybrid,FAQ,2026-08-05,1988,2531,2260,501
Maharashtra,Nashik,Malegaon,Tomato,Hybrid,FAQ,2026-08-04,2008,2555,2282,442
Maharashtra,Nashik,Malegaon,Tomato,Vaishali,FAQ,2026-08-03,1983,2524,2254,498
Maharashtra,Nashik,Malegaon,Tomato,Local,FAQ,2026-08-02,1940,2469,2205,221
Maharashtra,Nashik,Malegaon,Tomato,Local,FAQ,2026-08-01,1966,2503,2235,253
Maharashtra,Nashik,Malegaon,Tomato,Vaishali,FAQ,2026-07-31,1929,2456,2193,342
Maharashtra,Nashik,Malegaon,Tomato,Hybrid,FAQ,2026-07-30,1907,2428,2168,370
Maharashtra,Nashik,Malegaon,Tomato,Vaishali,FAQ,2026-07-29,1914,2436,2175,535
Maharashtra,Nashik,Malegaon,Tomato,Local,FAQ,2026-07-28,1870,2380,2125,509
Maharashtra,Nashik,Malegaon,Onion,White,FAQ,2026-08-26,1513,1926,1720,736
Maharashtra,Nashik,Malegaon,Onion,Red,FAQ,2026-08-25,1588,2021,1805,414
Maharashtra,Nashik,Malegaon,Onion,White,FAQ,2026-08-24,1553,1976,1765,763
Maharashtra,Nashik,Malegaon,Onion,White,FAQ,2026-08-23,1599,2036,1818,183
Maharashtra,Nashik,Malegaon,Onion,White,FAQ,2026-08-22,1644,2093,1869,552
Maharashtra,Nashik,Malegaon,Onion,White,FAQ,2026-08-21,1651,2102,1877,511
Maharashtra,Nashik,Malegaon,Onion,White,FAQ,2026-08-20,1672,2128,1900,662
Maharashtra,Nashik,Malegaon,Onion,Garwa,FAQ,2026-08-19,1690,2151,1921,481
Maharashtra,Nashik,Malegaon,Onion,White,FAQ,2026-08-18,1642,2089,1866,406
Maharashtra,Nashik,Malegaon,Onion,White,FAQ,2026-08-17,1677,2134,1906,205
Maharashtra,Nashik,Malegaon,Onion,Garwa,FAQ,2026-08-16,1679,2138,1909,337
Maharashtra,Nashik,Malegaon,Onion,Red,FAQ,2026-08-15,1728,2199,1964,575
Maharashtra,Nashik,Malegaon,Onion,Red,FAQ,2026-08-14,1702,2167,1935,174
Maharashtra,Nashik,Malegaon,Onion,Red,FAQ,2026-08-13,1738,2212,1975,359
Maharashtra,Nashik,Malegaon,Onion,Garwa,FAQ,2026-08-12,1704,2169,1937,774
Maharashtra,Nashik,Malegaon,Onion,Garwa,FAQ,2026-08-11,1704,2169,1937,705
Maharashtra,Nashik,Malegaon,Onion,White,FAQ,2026-08-10,1708,2173,1941,176
Maharashtra,Nashik,Malegaon,Onion,White,FAQ,2026-08-09,1747,2224,1986,492
Maharashtra,Nashik,Malegaon,Onion,Garwa,FAQ,2026-08-08,1679,2138,1909,236
Maharashtra,Nashik,Malegaon,Onion,Garwa,FAQ,2026-08-07,1708,2175,1942,472
Maharashtra,Nashik,Malegaon,Onion,Garwa,FAQ,2026-08-06,1701,2166,1934,534
Maharashtra,Nashik,Malegaon,Onion,White,FAQ,2026-08-05,1671,2126,1899,708
Maharashtra,Nashik,Malegaon,Onion,Garwa,FAQ,2026-08-04,1701,2164,1933,317
Maharashtra,Nashik,Malegaon,Onion,White,FAQ,2026-08-03,1700,2163,1932,661
Maharashtra,Nashik,Malegaon,Onion,Red,FAQ,2026-08-02,1617,2058,1838,134
Maharashtra,Nashik,Malegaon,Onion,White,FAQ,2026-08-01,1615,2056,1836,300
Maharashtra,Nashik,Malegaon,Onion,Red,FAQ,2026-07-31,1604,2041,1823,492
Maharashtra,Nashik,Malegaon,Onion,White,FAQ,2026-07-30,1574,2003,1789,731
Maharashtra,Nashik,Malegaon,Onion,Red,FAQ,2026-07-29,1562,1989,1776,101
Maharashtra,Nashik,Malegaon,Onion,Red,FAQ,2026-07-28,1532,1949,1741,532
Maharashtra,Nashik,Malegaon,Wheat,Sharbati,FAQ,2026-08-26,2102,2675,2389,624
Maharashtra,Nashik,Malegaon,Wheat,Sharbati,FAQ,2026-08-25,2078,2645,2362,564
Maharashtra,Nashik,Malegaon,Wheat,Lok-1,FAQ,2026-08-24,2126,2707,2417,472
Maharashtra,Nashik,Malegaon,Wheat,Sharbati,FAQ,2026-08-23,2114,2691,2403,758
Maharashtra,Nashik,Malegaon,Wheat,FAQ,FAQ,2026-08-22,2179,2774,2477,425
Maharashtra,Nashik,Malegaon,Wheat,FAQ,FAQ,2026-08-21,2166,2757,2462,537
Maharashtra,Nashik,Malegaon,Wheat,Lok-1,FAQ,2026-08-20,2198,2797,2498,406
Maharashtra,Nashik,Malegaon,Wheat,Sharbati,FAQ,2026-08-19,2184,2779,2482,779
Maharashtra,Nashik,Malegaon,Wheat,Sharbati,FAQ,2026-08-18,2188,2785,2487,232
Maharashtra,Nashik,Malegaon,Wheat,FAQ,FAQ,2026-08-17,2249,2862,2556,128
Maharashtra,Nashik,Malegaon,Wheat,Lok-1,FAQ,2026-08-16,2232,2841,2537,486
Maharashtra,Nashik,Malegaon,Wheat,Lok-1,FAQ,2026-08-15,2228,2835,2532,704
Maharashtra,Nashik,Malegaon,Wheat,Sharbati,FAQ,2026-08-14,2222,2828,2525,436
Maharashtra,Nashik,Malegaon,Wheat,Sharbati,FAQ,2026-08-13,2236,2845,2541,585
Maharashtra,Nashik,Malegaon,Wheat,Sharbati,FAQ,2026-08-12,2244,2857,2551,699
Maharashtra,Nashik,Malegaon,Wheat,Lok-1,FAQ,2026-08-11,2220,2825,2523,744
Maharashtra,Nashik,Malegaon,Wheat,Sharbati,FAQ,2026-08-10,2231,2840,2536,706
Maharashtra,Nashik,Malegaon,Wheat,Lok-1,FAQ,2026-08-09,2265,2882,2574,407
Maharashtra,Nashik,Malegaon,Wheat,FAQ,FAQ,2026-08-08,2253,2868,2561,713
Maharashtra,Nashik,Malegaon,Wheat,Sharbati,FAQ,2026-08-07,2237,2848,2543,702
Maharashtra,Nashik,Malegaon,Wheat,FAQ,FAQ,2026-08-06,2233,2842,2538,441
Maharashtra,Nashik,Malegaon,Wheat,Lok-1,FAQ,2026-08-05,2198,2797,2498,321
Maharashtra,Nashik,Malegaon,Wheat,Sharbati,FAQ,2026-08-04,2223,2830,2527,288
Maharashtra,Nashik,Malegaon,Wheat,Lok-1,FAQ,2026-08-03,2190,2787,2489,316
Maharashtra,Nashik,Malegaon,Wheat,Lok-1,FAQ,2026-08-02,2173,2766,2470,141
Maharashtra,Nashik,Malegaon,Wheat,FAQ,FAQ,2026-08-01,2186,2783,2485,113
Maharashtra,Nashik,Malegaon,Wheat,Lok-1,FAQ,2026-07-31,2165,2756,2461,289
Maharashtra,Nashik,Malegaon,Wheat,FAQ,FAQ,2026-07-30,2132,2713,2423,159
Maharashtra,Nashik,Malegaon,Wheat,Lok-1,FAQ,2026-07-29,2118,2695,2407,133
Maharashtra,Nashik,Malegaon,Wheat,FAQ,FAQ,2026-07-28,2105,2680,2393,672
Maharashtra,Nashik,Malegaon,Rice,Paddy(Dpr),FAQ,2026-08-26,2179,2774,2477,491
Maharashtra,Nashik,Malegaon,Rice,Basmati,FAQ,2026-08-25,2215,2820,2518,339
Maharashtra,Nashik,Malegaon,Rice,Swarna,FAQ,2026-08-24,2264,2881,2573,465
Maharashtra,Nashik,Malegaon,Rice,Basmati,FAQ,2026-08-23,2263,2880,2572,347
Maharashtra,Nashik,Malegaon,Rice,Swarna,FAQ,2026-08-22,2310,2941,2626,434
Maharashtra,Nashik,Malegaon,Rice,Basmati,FAQ,2026-08-21,2297,2924,2611,675
Maharashtra,Nashik,Malegaon,Rice,Swarna,FAQ,2026-08-20,2339,2978,2659,226
Maharashtra,Nashik,Malegaon,Rice,Basmati,FAQ,2026-08-19,2302,2929,2616,298
Maharashtra,Nashik,Malegaon,Rice,Swarna,FAQ,2026-08-18,2303,2932,2618,701
Maharashtra,Nashik,Malegaon,Rice,Paddy(Dpr),FAQ,2026-08-17,2374,3021,2698,380
Maharashtra,Nashik,Malegaon,Rice,Swarna,FAQ,2026-08-16,2357,3000,2679,463
Maharashtra,Nashik,Malegaon,Rice,Swarna,FAQ,2026-08-15,2365,3010,2688,800
Maharashtra,Nashik,Malegaon,Rice,Basmati,FAQ,2026-08-14,2351,2992,2672,366
Maharashtra,Nashik,Malegaon,Rice,Paddy(Dpr),FAQ,2026-08-13,2369,3016,2693,777
Maharashtra,Nashik,Malegaon,Rice,Swarna,FAQ,2026-08-12,2386,3037,2712,782
Maharashtra,Nashik,Malegaon,Rice,Swarna,FAQ,2026-08-11,2390,3041,2716,215
Maharashtra,Nashik,Malegaon,Rice,Paddy(Dpr),FAQ,2026-08-10,2349,2990,2670,297
Maharashtra,Nashik,Malegaon,Rice,Paddy(Dpr),FAQ,2026-08-09,2352,2993,2673,116
Maharashtra,Nashik,Malegaon,Rice,Swarna,FAQ,2026-08-08,2368,3013,2691,774
Maharashtra,Nashik,Malegaon,Rice,Swarna,FAQ,2026-08-07,2374,3021,2698,422
Maharashtra,Nashik,Malegaon,Rice,Basmati,FAQ,2026-08-06,2350,2991,2671,602
Maharashtra,Nashik,Malegaon,Rice,Paddy(Dpr),FAQ,2026-08-05,2323,2956,2640,564
Maharashtra,Nashik,Malegaon,Rice,Swarna,FAQ,2026-08-04,2353,2994,2674,397
Maharashtra,Nashik,Malegaon,Rice,Swarna,FAQ,2026-08-03,2341,2980,2661,679
Maharashtra,Nashik,Malegaon,Rice,Paddy(Dpr),FAQ,2026-08-02,2286,2909,2598,356
Maharashtra,Nashik,Malegaon,Rice,Paddy(Dpr),FAQ,2026-08-01,2326,2961,2644,542
Maharashtra,Nashik,Malegaon,Rice,Swarna,FAQ,2026-07-31,2286,2909,2598,280
Maharashtra,Nashik,Malegaon,Rice,Swarna,FAQ,2026-07-30,2277,2898,2588,379
Maharashtra,Nashik,Malegaon,Rice,Swarna,FAQ,2026-07-29,2257,2872,2565,103
Maharashtra,Nashik,Malegaon,Rice,Paddy(Dpr),FAQ,2026-07-28,2232,2841,2537,127
Maharashtra,Nashik,Malegaon,Potato,Kufri,FAQ,2026-08-26,1202,1529,1366,561
Maharashtra,Nashik,Malegaon,Potato,Kufri,FAQ,2026-08-25,1256,1599,1428,560
Maharashtra,Nashik,Malegaon,Potato,Kufri,FAQ,2026-08-24,1278,1627,1453,409
Maharashtra,Nashik,Malegaon,Potato,Kufri,FAQ,2026-08-23,1285,1636,1461,326
Maharashtra,Nashik,Malegaon,Potato,Jyoti,FAQ,2026-08-22,1325,1686,1506,730
Maharashtra,Nashik,Malegaon,Potato,Kufri,FAQ,2026-08-21,1295,1648,1472,105
Maharashtra,Nashik,Malegaon,Potato,Jyoti,FAQ,2026-08-20,1350,1719,1535,795
Maharashtra,Nashik,Malegaon,Potato,Kufri,FAQ,2026-08-19,1356,1727,1542,717
Maharashtra,Nashik,Malegaon,Potato,Jyoti,FAQ,2026-08-18,1347,1714,1531,359
Maharashtra,Nashik,Malegaon,Potato,Kufri,FAQ,2026-08-17,1348,1715,1532,530
Maharashtra,Nashik,Malegaon,Potato,Kufri,FAQ,2026-08-16,1362,1733,1548,526
Maharashtra,Nashik,Malegaon,Potato,Kufri,FAQ,2026-08-15,1412,1797,1605,340
Maharashtra,Nashik,Malegaon,Potato,Jyoti,FAQ,2026-08-14,1401,1784,1593,454
Maharashtra,Nashik,Malegaon,Potato,Kufri,FAQ,2026-08-13,1416,1803,1610,685
Maharashtra,Nashik,Malegaon,Potato,Jyoti,FAQ,2026-08-12,1371,1746,1559,603
Maharashtra,Nashik,Malegaon,Potato,Kufri,FAQ,2026-08-11,1394,1775,1585,631
Maharashtra,Nashik,Malegaon,Potato,Jyoti,FAQ,2026-08-10,1400,1781,1591,611
Maharashtra,Nashik,Malegaon,Potato,Kufri,FAQ,2026-08-09,1381,1758,1570,461
Maharashtra,Nashik,Malegaon,Potato,Jyoti,FAQ,2026-08-08,1395,1776,1586,166
Maharashtra,Nashik,Malegaon,Potato,Jyoti,FAQ,2026-08-07,1375,1750,1563,191
Maharashtra,Nashik,Malegaon,Potato,Jyoti,FAQ,2026-08-06,1395,1776,1586,731
Maharashtra,Nashik,Malegaon,Potato,Jyoti,FAQ,2026-08-05,1378,1755,1567,375
Maharashtra,Nashik,Malegaon,Potato,Jyoti,FAQ,2026-08-04,1400,1781,1591,152
Maharashtra,Nashik,Malegaon,Potato,Kufri,FAQ,2026-08-03,1323,1684,1504,436
Maharashtra,Nashik,Malegaon,Potato,Kufri,FAQ,2026-08-02,1356,1725,1541,289
Maharashtra,Nashik,Malegaon,Potato,Jyoti,FAQ,2026-08-01,1339,1704,1522,355
Maharashtra,Nashik,Malegaon,Potato,Jyoti,FAQ,2026-07-31,1302,1657,1480,186
Maharashtra,Nashik,Malegaon,Potato,Jyoti,FAQ,2026-07-30,1274,1621,1448,571
Maharashtra,Nashik,Malegaon,Potato,Kufri,FAQ,2026-07-29,1302,1657,1480,737
Maharashtra,Nashik,Malegaon,Potato,Kufri,FAQ,2026-07-28,1243,1582,1413,152
Maharashtra,Nashik,Malegaon,Soyabean,Yellow,FAQ,2026-08-26,3796,4831,4314,318
Maharashtra,Nashik,Malegaon,Soyabean,Yellow,FAQ,2026-08-25,3813,4854,4334,458
Maharashtra,Nashik,Malegaon,Soyabean,JS-335,FAQ,2026-08-24,3808,4847,4328,795
Maharashtra,Nashik,Malegaon,Soyabean,Yellow,FAQ,2026-08-23,3829,4874,4352,312
Maharashtra,Nashik,Malegaon,Soyabean,Yellow,FAQ,2026-08-22,3873,4930,4402,372
Maharashtra,Nashik,Malegaon,Soyabean,JS-335,FAQ,2026-08-21,3861,4914,4388,749
Maharashtra,Nashik,Malegaon,Soyabean,JS-335,FAQ,2026-08-20,3898,4961,4430,423
Maharashtra,Nashik,Malegaon,Soyabean,Yellow,FAQ,2026-08-19,3934,5007,4471,448
Maharashtra,Nashik,Malegaon,Soyabean,JS-335,FAQ,2026-08-18,3938,5013,4476,151
Maharashtra,Nashik,Malegaon,Soyabean,JS-335,FAQ,2026-08-17,3945,5020,4483,534
Maharashtra,Nashik,Malegaon,Soyabean,JS-335,FAQ,2026-08-16,3928,4999,4464,413
Maharashtra,Nashik,Malegaon,Soyabean,JS-335,FAQ,2026-08-15,3970,5053,4512,628
Maharashtra,Nashik,Malegaon,Soyabean,JS-335,FAQ,2026-08-14,3972,5055,4514,549
Maharashtra,Nashik,Malegaon,Soyabean,JS-335,FAQ,2026-08-13,3987,5074,4531,324
Maharashtra,Nashik,Malegaon,Soyabean,Yellow,FAQ,2026-08-12,3938,5012,4475,776
Maharashtra,Nashik,Malegaon,Soyabean,Yellow,FAQ,2026-08-11,3925,4996,4461,136
Maharashtra,Nashik,Malegaon,Soyabean,Yellow,FAQ,2026-08-10,3979,5064,4522,625
Maharashtra,Nashik,Malegaon,Soyabean,Yellow,FAQ,2026-08-09,3954,5033,4494,712
Maharashtra,Nashik,Malegaon,Soyabean,JS-335,FAQ,2026-08-08,3968,5051,4510,783
Maharashtra,Nashik,Malegaon,Soyabean,Yellow,FAQ,2026-08-07,3971,5054,4513,335
Maharashtra,Nashik,Malegaon,Soyabean,JS-335,FAQ,2026-08-06,3910,4977,4444,288
Maharashtra,Nashik,Malegaon,Soyabean,JS-335,FAQ,2026-08-05,3967,5048,4508,503
Maharashtra,Nashik,Malegaon,Soyabean,Yellow,FAQ,2026-08-04,3929,5000,4465,325
Maharashtra,Nashik,Malegaon,Soyabean,JS-335,FAQ,2026-08-03,3892,4953,4423,488
Maharashtra,Nashik,Malegaon,Soyabean,Yellow,FAQ,2026-08-02,3874,4931,4403,738
Maharashtra,Nashik,Malegaon,Soyabean,Yellow,FAQ,2026-08-01,3897,4960,4429,230
Maharashtra,Nashik,Malegaon,Soyabean,JS-335,FAQ,2026-07-31,3848,4897,4373,356
Maharashtra,Nashik,Malegaon,Soyabean,Yellow,FAQ,2026-07-30,3881,4940,4411,112
Maharashtra,Nashik,Malegaon,Soyabean,Yellow,FAQ,2026-07-29,3856,4907,4382,636
Maharashtra,Nashik,Malegaon,Soyabean,Yellow,FAQ,2026-07-28,3820,4863,4342,526
Maharashtra,Nashik,Malegaon,Maize,Yellow,FAQ,2026-08-26,1634,2079,1857,694
Maharashtra,Nashik,Malegaon,Maize,Yellow,FAQ,2026-08-25,1629,2074,1852,589
Maharashtra,Nashik,Malegaon,Maize,Yellow,FAQ,2026-08-24,1677,2134,1906,501
Maharashtra,Nashik,Malegaon,Maize,Yellow,FAQ,2026-08-23,1661,2114,1888,697
Maharashtra,Nashik,Malegaon,Maize,Yellow,FAQ,2026-08-22,1744,2219,1982,125
Maharashtra,Nashik,Malegaon,Maize,Yellow,FAQ,2026-08-21,1707,2172,1940,601
Maharashtra,Nashik,Malegaon,Maize,Hybrid,FAQ,2026-08-20,1727,2198,1963,332
Maharashtra,Nashik,Malegaon,Maize,Yellow,FAQ,2026-08-19,1758,2237,1998,428
Maharashtra,Nashik,Malegaon,Maize,Yellow,FAQ,2026-08-18,1777,2262,2020,537
Maharashtra,Nashik,Malegaon,Maize,Hybrid,FAQ,2026-08-17,1790,2279,2035,581
Maharashtra,Nashik,Malegaon,Maize,Yellow,FAQ,2026-08-16,1760,2240,2000,337
Maharashtra,Nashik,Malegaon,Maize,Hybrid,FAQ,2026-08-15,1803,2294,2049,740
Maharashtra,Nashik,Malegaon,Maize,Yellow,FAQ,2026-08-14,1809,2302,2056,748
Maharashtra,Nashik,Malegaon,Maize,Yellow,FAQ,2026-08-13,1820,2317,2069,739
Maharashtra,Nashik,Malegaon,Maize,Hybrid,FAQ,2026-08-12,1793,2282,2038,658
Maharashtra,Nashik,Malegaon,Maize,Yellow,FAQ,2026-08-11,1796,2285,2041,306
Maharashtra,Nashik,Malegaon,Maize,Yellow,FAQ,2026-08-10,1767,2250,2009,319
Maharashtra,Nashik,Malegaon,Maize,Hybrid,FAQ,2026-08-09,1835,2336,2086,742
Maharashtra,Nashik,Malegaon,Maize,Hybrid,FAQ,2026-08-08,1777,2262,2020,197
Maharashtra,Nashik,Malegaon,Maize,Hybrid,FAQ,2026-08-07,1779,2264,2022,133
Maharashtra,Nashik,Malegaon,Maize,Hybrid,FAQ,2026-08-06,1775,2260,2018,166
Maharashtra,Nashik,Malegaon,Maize,Hybrid,FAQ,2026-08-05,1774,2257,2016,669
Maharashtra,Nashik,Malegaon,Maize,Yellow,FAQ,2026-08-04,1769,2252,2011,282
Maharashtra,Nashik,Malegaon,Maize,Hybrid,FAQ,2026-08-03,1729,2200,1965,245
Maharashtra,Nashik,Malegaon,Maize,Yellow,FAQ,2026-08-02,1761,2242,2002,354
Maharashtra,Nashik,Malegaon,Maize,Hybrid,FAQ,2026-08-01,1760,2241,2001,448
Maharashtra,Nashik,Malegaon,Maize,Yellow,FAQ,2026-07-31,1713,2180,1947,392
Maharashtra,Nashik,Malegaon,Maize,Yellow,FAQ,2026-07-30,1664,2117,1891,354
Maharashtra,Nashik,Malegaon,Maize,Yellow,FAQ,2026-07-29,1637,2084,1861,118
Maharashtra,Nashik,Malegaon,Maize,Hybrid,FAQ,2026-07-28,1627,2070,1849,187
Maharashtra,Nashik,Malegaon,Cotton,Medium Staple,FAQ,2026-08-26,5745,7312,6529,626
Maharashtra,Nashik,Malegaon,Cotton,Medium Staple,FAQ,2026-08-25,5746,7313,6530,149
Maharashtra,Nashik,Malegaon,Cotton,Medium Staple,FAQ,2026-08-24,5778,7353,6566,245
Maharashtra,Nashik,Malegaon,Cotton,Medium Staple,FAQ,2026-08-23,5782,7359,6571,339
Maharashtra,Nashik,Malegaon,Cotton,Medium Staple,FAQ,2026-08-22,5797,7378,6588,324
Maharashtra,Nashik,Malegaon,Cotton,Medium Staple,FAQ,2026-08-21,5827,7416,6622,671
Maharashtra,Nashik,Malegaon,Cotton,Medium Staple,FAQ,2026-08-20,5830,7420,6625,382
Maharashtra,Nashik,Malegaon,Cotton,Medium Staple,FAQ,2026-08-19,5819,7406,6613,331
Maharashtra,Nashik,Malegaon,Cotton,Medium Staple,FAQ,2026-08-18,5848,7443,6646,677
Maharashtra,Nashik,Malegaon,Cotton,Medium Staple,FAQ,2026-08-17,5849,7444,6647,360
Maharashtra,Nashik,Malegaon,Cotton,Medium Staple,FAQ,2026-08-16,5894,7501,6698,360
Maharashtra,Nashik,Malegaon,Cotton,Medium Staple,FAQ,2026-08-15,5865,7464,6665,128
Maharashtra,Nashik,Malegaon,Cotton,Medium Staple,FAQ,2026-08-14,5921,7536,6729,533
Maharashtra,Nashik,Malegaon,Cotton,Medium Staple,FAQ,2026-08-13,5858,7455,6657,584
Maharashtra,Nashik,Malegaon,Cotton,Medium Staple,FAQ,2026-08-12,5884,7489,6687,316
Maharashtra,Nashik,Malegaon,Cotton,Medium Staple,FAQ,2026-08-11,5921,7536,6729,489
Maharashtra,Nashik,Malegaon,Cotton,Medium Staple,FAQ,2026-08-10,5921,7536,6729,215
Maharashtra,Nashik,Malegaon,Cotton,Medium Staple,FAQ,2026-08-09,5889,7496,6693,704
Maharashtra,Nashik,Malegaon,Cotton,Medium Staple,FAQ,2026-08-08,5896,7504,6700,192
Maharashtra,Nashik,Malegaon,Cotton,Medium Staple,FAQ,2026-08-07,5878,7481,6680,553
Maharashtra,Nashik,Malegaon,Cotton,Medium Staple,FAQ,2026-08-06,5857,7454,6656,398
Maharashtra,Nashik,Malegaon,Cotton,Medium Staple,FAQ,2026-08-05,5861,7460,6661,579
Maharashtra,Nashik,Malegaon,Cotton,Medium Staple,FAQ,2026-08-04,5846,7441,6644,698
Maharashtra,Nashik,Malegaon,Cotton,Medium Staple,FAQ,2026-08-03,5856,7453,6655,728
Maharashtra,Nashik,Malegaon,Cotton,Medium Staple,FAQ,2026-08-02,5805,7388,6597,477
Maharashtra,Nashik,Malegaon,Cotton,Medium Staple,FAQ,2026-08-01,5819,7406,6613,731
Maharashtra,Nashik,Malegaon,Cotton,Medium Staple,FAQ,2026-07-31,5816,7403,6610,107
Maharashtra,Nashik,Malegaon,Cotton,Medium Staple,FAQ,2026-07-30,5764,7337,6551,753
Maharashtra,Nashik,Malegaon,Cotton,Medium Staple,FAQ,2026-07-29,5758,7329,6544,334
Maharashtra,Nashik,Malegaon,Cotton,Medium Staple,FAQ,2026-07-28,5739,7304,6522,355
Maharashtra,Nashik,Malegaon,Sugarcane,Co-86032,FAQ,2026-08-26,264,336,300,774
Maharashtra,Nashik,Malegaon,Sugarcane,Co-86032,FAQ,2026-08-25,264,336,300,656
Maharashtra,Nashik,Malegaon,Sugarcane,Co-86032,FAQ,2026-08-24,264,336,300,618
Maharashtra,Nashik,Malegaon,Sugarcane,Co-86032,FAQ,2026-08-23,264,336,300,797
Maharashtra,Nashik,Malegaon,Sugarcane,Co-86032,FAQ,2026-08-22,264,336,300,330
Maharashtra,Nashik,Malegaon,Sugarcane,Co-86032,FAQ,2026-08-21,313,398,356,774
Maharashtra,Nashik,Malegaon,Sugarcane,Co-86032,FAQ,2026-08-20,291,370,331,592
Maharashtra,Nashik,Malegaon,Sugarcane,Co-86032,FAQ,2026-08-19,308,393,351,470
Maharashtra,Nashik,Malegaon,Sugarcane,Co-86032,FAQ,2026-08-18,358,455,407,277
Maharashtra,Nashik,Malegaon,Sugarcane,Co-86032,FAQ,2026-08-17,310,395,353,396
Maharashtra,Nashik,Malegaon,Sugarcane,Co-86032,FAQ,2026-08-16,343,436,390,740
Maharashtra,Nashik,Malegaon,Sugarcane,Co-86032,FAQ,2026-08-15,370,471,421,205
Maharashtra,Nashik,Malegaon,Sugarcane,Co-86032,FAQ,2026-08-14,371,472,422,772
Maharashtra,Nashik,Malegaon,Sugarcane,Co-86032,FAQ,2026-08-13,374,477,426,552
Maharashtra,Nashik,Malegaon,Sugarcane,Co-86032,FAQ,2026-08-12,393,500,447,314
Maharashtra,Nashik,Malegaon,Sugarcane,Co-86032,FAQ,2026-08-11,384,489,437,245
Maharashtra,Nashik,Malegaon,Sugarcane,Co-86032,FAQ,2026-08-10,380,483,432,175
Maharashtra,Nashik,Malegaon,Sugarcane,Co-86032,FAQ,2026-08-09,388,493,441,203
Maharashtra,Nashik,Malegaon,Sugarcane,Co-86032,FAQ,2026-08-08,344,439,392,408
Maharashtra,Nashik,Malegaon,Sugarcane,Co-86032,FAQ,2026-08-07,348,443,396,229
Maharashtra,Nashik,Malegaon,Sugarcane,Co-86032,FAQ,2026-08-06,376,479,428,634
Maharashtra,Nashik,Malegaon,Sugarcane,Co-86032,FAQ,2026-08-05,361,460,411,308
Maharashtra,Nashik,Malegaon,Sugarcane,Co-86032,FAQ,2026-08-04,315,402,359,412
Maharashtra,Nashik,Malegaon,Sugarcane,Co-86032,FAQ,2026-08-03,333,424,379,342
Maharashtra,Nashik,Malegaon,Sugarcane,Co-86032,FAQ,2026-08-02,332,423,378,563
Maharashtra,Nashik,Malegaon,Sugarcane,Co-86032,FAQ,2026-08-01,310,395,353,769
Maharashtra,Nashik,Malegaon,Sugarcane,Co-86032,FAQ,2026-07-31,289,368,329,566
Maharashtra,Nashik,Malegaon,Sugarcane,Co-86032,FAQ,2026-07-30,264,336,300,782
Maharashtra,Nashik,Malegaon,Sugarcane,Co-86032,FAQ,2026-07-29,264,337,301,481
Maharashtra,Nashik,Malegaon,Sugarcane,Co-86032,FAQ,2026-07-28,264,336,300,222
Maharashtra,Nashik,Malegaon,Mustard,Black,FAQ,2026-08-26,4690,5969,5330,315
Maharashtra,Nashik,Malegaon,Mustard,Black,FAQ,2026-08-25,4697,5978,5338,322
Maharashtra,Nashik,Malegaon,Mustard,Black,FAQ,2026-08-24,4773,6074,5424,294
Maharashtra,Nashik,Malegaon,Mustard,Yellow,FAQ,2026-08-23,4773,6074,5424,259
Maharashtra,Nashik,Malegaon,Mustard,Yellow,FAQ,2026-08-22,4797,6106,5452,357
Maharashtra,Nashik,Malegaon,Mustard,Black,FAQ,2026-08-21,4787,6092,5440,649
Maharashtra,Nashik,Malegaon,Mustard,Yellow,FAQ,2026-08-20,4831,6148,5490,257
Maharashtra,Nashik,Malegaon,Mustard,Black,FAQ,2026-08-19,4810,6121,5466,217
Maharashtra,Nashik,Malegaon,Mustard,Yellow,FAQ,2026-08-18,4868,6195,5532,406
Maharashtra,Nashik,Malegaon,Mustard,Yellow,FAQ,2026-08-17,4874,6203,5539,585
Maharashtra,Nashik,Malegaon,Mustard,Black,FAQ,2026-08-16,4882,6213,5548,524
Maharashtra,Nashik,Malegaon,Mustard,Yellow,FAQ,2026-08-15,4840,6160,5500,223
Maharashtra,Nashik,Malegaon,Mustard,Black,FAQ,2026-08-14,4868,6195,5532,502
Maharashtra,Nashik,Malegaon,Mustard,Black,FAQ,2026-08-13,4853,6176,5515,580
Maharashtra,Nashik,Malegaon,Mustard,Yellow,FAQ,2026-08-12,4876,6207,5542,336
Maharashtra,Nashik,Malegaon,Mustard,Black,FAQ,2026-08-11,4888,6221,5555,683
Maharashtra,Nashik,Malegaon,Mustard,Yellow,FAQ,2026-08-10,4893,6228,5561,124
Maharashtra,Nashik,Malegaon,Mustard,Yellow,FAQ,2026-08-09,4883,6214,5549,258
Maharashtra,Nashik,Malegaon,Mustard,Yellow,FAQ,2026-08-08,4906,6245,5576,570
Maharashtra,Nashik,Malegaon,Mustard,Yellow,FAQ,2026-08-07,4862,6189,5526,507
Maharashtra,Nashik,Malegaon,Mustard,Black,FAQ,2026-08-06,4893,6228,5561,705
Maharashtra,Nashik,Malegaon,Mustard,Yellow,FAQ,2026-08-05,4858,6183,5521,223
Maharashtra,Nashik,Malegaon,Mustard,Black,FAQ,2026-08-04,4855,6180,5518,279
Maharashtra,Nashik,Malegaon,Mustard,Black,FAQ,2026-08-03,4845,6166,5506,246
Maharashtra,Nashik,Malegaon,Mustard,Yellow,FAQ,2026-08-02,4795,6102,5449,217
Maharashtra,Nashik,Malegaon,Mustard,Yellow,FAQ,2026-08-01,4832,6149,5491,734
Maharashtra,Nashik,Malegaon,Mustard,Black,FAQ,2026-07-31,4774,6076,5425,619
Maharashtra,Nashik,Malegaon,Mustard,Black,FAQ,2026-07-30,4747,6042,5395,233
Maharashtra,Nashik,Malegaon,Mustard,Yellow,FAQ,2026-07-29,4784,6089,5437,688
Maharashtra,Nashik,Malegaon,Mustard,Black,FAQ,2026-07-28,4702,5985,5344,328
Maharashtra,Nashik,Malegaon,Grapes,Thompson Seedless,FAQ,2026-08-26,4343,5528,4936,748
Maharashtra,Nashik,Malegaon,Grapes,Thompson Seedless,FAQ,2026-08-25,4338,5521,4930,190
Maharashtra,Nashik,Malegaon,Grapes,Thompson Seedless,FAQ,2026-08-24,4391,5588,4990,779
Maharashtra,Nashik,Malegaon,Grapes,Thompson Seedless,FAQ,2026-08-23,4384,5579,4982,742
Maharashtra,Nashik,Malegaon,Grapes,Thompson Seedless,FAQ,2026-08-22,4407,5610,5009,154
Maharashtra,Nashik,Malegaon,Grapes,Thompson Seedless,FAQ,2026-08-21,4378,5572,4975,564
Maharashtra,Nashik,Malegaon,Grapes,Thompson Seedless,FAQ,2026-08-20,4445,5658,5052,592
Maharashtra,Nashik,Malegaon,Grapes,Thompson Seedless,FAQ,2026-08-19,4451,5664,5058,481
Maharashtra,Nashik,Malegaon,Grapes,Thompson Seedless,FAQ,2026-08-18,4446,5659,5053,516
Maharashtra,Nashik,Malegaon,Grapes,Thompson Seedless,FAQ,2026-08-17,4489,5714,5102,183
Maharashtra,Nashik,Malegaon,Grapes,Thompson Seedless,FAQ,2026-08-16,4441,5652,5047,235
Maharashtra,Nashik,Malegaon,Grapes,Thompson Seedless,FAQ,2026-08-15,4486,5709,5098,631
Maharashtra,Nashik,Malegaon,Grapes,Thompson Seedless,FAQ,2026-08-14,4450,5663,5057,558
Maharashtra,Nashik,Malegaon,Grapes,Thompson Seedless,FAQ,2026-08-13,4497,5724,5111,126
Maharashtra,Nashik,Malegaon,Grapes,Thompson Seedless,FAQ,2026-08-12,4521,5754,5138,607
Maharashtra,Nashik,Malegaon,Grapes,Thompson Seedless,FAQ,2026-08-11,4482,5705,5094,187
Maharashtra,Nashik,Malegaon,Grapes,Thompson Seedless,FAQ,2026-08-10,4495,5722,5109,139
Maharashtra,Nashik,Malegaon,Grapes,Thompson Seedless,FAQ,2026-08-09,4517,5748,5133,795
Maharashtra,Nashik,Malegaon,Grapes,Thompson Seedless,FAQ,2026-08-08,4468,5687,5078,656
Maharashtra,Nashik,Malegaon,Grapes,Thompson Seedless,FAQ,2026-08-07,4489,5714,5102,561
Maharashtra,Nashik,Malegaon,Grapes,Thompson Seedless,FAQ,2026-08-06,4433,5642,5038,456
Maharashtra,Nashik,Malegaon,Grapes,Thompson Seedless,FAQ,2026-08-05,4481,5704,5093,300
Maharashtra,Nashik,Malegaon,Grapes,Thompson Seedless,FAQ,2026-08-04,4426,5633,5030,788
Maharashtra,Nashik,Malegaon,Grapes,Thompson Seedless,FAQ,2026-08-03,4446,5659,5053,101
Maharashtra,Nashik,Malegaon,Grapes,Thompson Seedless,FAQ,2026-08-02,4449,5662,5056,536
Maharashtra,Nashik,Malegaon,Grapes,Thompson Seedless,FAQ,2026-08-01,4382,5577,4980,758
Maharashtra,Nashik,Malegaon,Grapes,Thompson Seedless,FAQ,2026-07-31,4425,5632,5029,331
Maharashtra,Nashik,Malegaon,Grapes,Thompson Seedless,FAQ,2026-07-30,4368,5559,4964,204
Maharashtra,Nashik,Malegaon,Grapes,Thompson Seedless,FAQ,2026-07-29,4368,5559,4964,718
Maharashtra,Nashik,Malegaon,Grapes,Thompson Seedless,FAQ,2026-07-28,4314,5491,4903,675
Maharashtra,Nashik,Malegaon,Pomegranate,Bhagwa,FAQ,2026-08-26,5598,7125,6362,632
Maharashtra,Nashik,Malegaon,Pomegranate,Bhagwa,FAQ,2026-08-25,5683,7232,6458,299
Maharashtra,Nashik,Malegaon,Pomegranate,Bhagwa,FAQ,2026-08-24,5681,7230,6456,482
Maharashtra,Nashik,Malegaon,Pomegranate,Bhagwa,FAQ,2026-08-23,5692,7245,6469,229
Maharashtra,Nashik,Malegaon,Pomegranate,Bhagwa,FAQ,2026-08-22,5744,7311,6528,386
Maharashtra,Nashik,Malegaon,Pomegranate,Bhagwa,FAQ,2026-08-21,5749,7316,6533,290
Maharashtra,Nashik,Malegaon,Pomegranate,Bhagwa,FAQ,2026-08-20,5754,7323,6539,543
Maharashtra,Nashik,Malegaon,Pomegranate,Bhagwa,FAQ,2026-08-19,5742,7308,6525,251
Maharashtra,Nashik,Malegaon,Pomegranate,Bhagwa,FAQ,2026-08-18,5739,7304,6522,145
Maharashtra,Nashik,Malegaon,Pomegranate,Bhagwa,FAQ,2026-08-17,5748,7315,6532,232
Maharashtra,Nashik,Malegaon,Pomegranate,Bhagwa,FAQ,2026-08-16,5763,7334,6549,707
Maharashtra,Nashik,Malegaon,Pomegranate,Bhagwa,FAQ,2026-08-15,5787,7366,6577,304
Maharashtra,Nashik,Malegaon,Pomegranate,Bhagwa,FAQ,2026-08-14,5834,7425,6630,372
Maharashtra,Nashik,Malegaon,Pomegranate,Bhagwa,FAQ,2026-08-13,5805,7388,6597,483
Maharashtra,Nashik,Malegaon,Pomegranate,Bhagwa,FAQ,2026-08-12,5803,7386,6595,422
Maharashtra,Nashik,Malegaon,Pomegranate,Bhagwa,FAQ,2026-08-11,5792,7371,6582,740
Maharashtra,Nashik,Malegaon,Pomegranate,Bhagwa,FAQ,2026-08-10,5836,7427,6632,316
Maharashtra,Nashik,Malegaon,Pomegranate,Bhagwa,FAQ,2026-08-09,5785,7362,6574,271
Maharashtra,Nashik,Malegaon,Pomegranate,Bhagwa,FAQ,2026-08-08,5800,7383,6592,742
Maharashtra,Nashik,Malegaon,Pomegranate,Bhagwa,FAQ,2026-08-07,5793,7374,6584,559
Maharashtra,Nashik,Malegaon,Pomegranate,Bhagwa,FAQ,2026-08-06,5771,7344,6558,583
Maharashtra,Nashik,Malegaon,Pomegranate,Bhagwa,FAQ,2026-08-05,5745,7312,6529,183
Maharashtra,Nashik,Malegaon,Pomegranate,Bhagwa,FAQ,2026-08-04,5772,7347,6560,718
Maharashtra,Nashik,Malegaon,Pomegranate,Bhagwa,FAQ,2026-08-03,5771,7344,6558,786
Maharashtra,Nashik,Malegaon,Pomegranate,Bhagwa,FAQ,2026-08-02,5722,7283,6503,394
Maharashtra,Nashik,Malegaon,Pomegranate,Bhagwa,FAQ,2026-08-01,5763,7334,6549,694
Maharashtra,Nashik,Malegaon,Pomegranate,Bhagwa,FAQ,2026-07-31,5716,7275,6496,343
Maharashtra,Nashik,Malegaon,Pomegranate,Bhagwa,FAQ,2026-07-30,5697,7250,6474,205
Maharashtra,Nashik,Malegaon,Pomegranate,Bhagwa,FAQ,2026-07-29,5692,7245,6469,755
Maharashtra,Nashik,Malegaon,Pomegranate,Bhagwa,FAQ,2026-07-28,5657,7200,6429,383
Maharashtra,Nashik,Satana,Tomato,Local,FAQ,2026-08-26,1847,2350,2099,580
Maharashtra,Nashik,Satana,Tomato,Local,FAQ,2026-08-25,1904,2423,2164,111
Maharashtra,Nashik,Satana,Tomato,Hybrid,FAQ,2026-08-24,1906,2427,2167,257
Maharashtra,Nashik,Satana,Tomato,Vaishali,FAQ,2026-08-23,1928,2455,2192,554
Maharashtra,Nashik,Satana,Tomato,Vaishali,FAQ,2026-08-22,1952,2485,2219,301
Maharashtra,Nashik,Satana,Tomato,Local,FAQ,2026-08-21,1943,2472,2208,339
Maharashtra,Nashik,Satana,Tomato,Hybrid,FAQ,2026-08-20,1979,2518,2249,583
Maharashtra,Nashik,Satana,Tomato,Local,FAQ,2026-08-19,2006,2553,2280,157
Maharashtra,Nashik,Satana,Tomato,Local,FAQ,2026-08-18,2010,2559,2285,500
Maharashtra,Nashik,Satana,Tomato,Hybrid,FAQ,2026-08-17,2008,2555,2282,289
Maharashtra,Nashik,Satana,Tomato,Vaishali,FAQ,2026-08-16,2020,2571,2296,441
Maharashtra,Nashik,Satana,Tomato,Hybrid,FAQ,2026-08-15,1990,2533,2262,602
Maharashtra,Nashik,Satana,Tomato,Hybrid,FAQ,2026-08-14,2016,2565,2291,472
Maharashtra,Nashik,Satana,Tomato,Hybrid,FAQ,2026-08-13,2000,2545,2273,267
Maharashtra,Nashik,Satana,Tomato,Hybrid,FAQ,2026-08-12,2000,2545,2273,641
Maharashtra,Nashik,Satana,Tomato,Vaishali,FAQ,2026-08-11,2008,2555,2282,565
Maharashtra,Nashik,Satana,Tomato,Hybrid,FAQ,2026-08-10,2027,2580,2304,361
Maharashtra,Nashik,Satana,Tomato,Vaishali,FAQ,2026-08-09,2042,2599,2321,102
Maharashtra,Nashik,Satana,Tomato,Hybrid,FAQ,2026-08-08,2006,2553,2280,154
Maharashtra,Nashik,Satana,Tomato,Hybrid,FAQ,2026-08-07,2023,2574,2299,118
Maharashtra,Nashik,Satana,Tomato,Vaishali,FAQ,2026-08-06,2022,2573,2298,655
Maharashtra,Nashik,Satana,Tomato,Hybrid,FAQ,2026-08-05,2028,2581,2305,299
Maharashtra,Nashik,Satana,Tomato,Local,FAQ,2026-08-04,1955,2488,2222,671
Maharashtra,Nashik,Satana,Tomato,Hybrid,FAQ,2026-08-03,2005,2552,2279,369
Maharashtra,Nashik,Satana,Tomato,Vaishali,FAQ,2026-08-02,1944,2475,2210,708
Maharashtra,Nashik,Satana,Tomato,Local,FAQ,2026-08-01,1965,2502,2234,248
Maharashtra,Nashik,Satana,Tomato,Hybrid,FAQ,2026-07-31,1915,2438,2177,359
Maharashtra,Nashik,Satana,Tomato,Local,FAQ,2026-07-30,1931,2458,2195,329
Maharashtra,Nashik,Satana,Tomato,Local,FAQ,2026-07-29,1888,2403,2146,624
Maharashtra,Nashik,Satana,Tomato,Vaishali,FAQ,2026-07-28,1861,2368,2115,692
Maharashtra,Nashik,Satana,Onion,White,FAQ,2026-08-26,1546,1967,1757,237
Maharashtra,Nashik,Satana,Onion,Red,FAQ,2026-08-25,1568,1995,1782,519
Maharashtra,Nashik,Satana,Onion,White,FAQ,2026-08-24,1576,2005,1791,619
Maharashtra,Nashik,Satana,Onion,Red,FAQ,2026-08-23,1606,2044,1825,291
Maharashtra,Nashik,Satana,Onion,White,FAQ,2026-08-22,1628,2073,1851,219
Maharashtra,Nashik,Satana,Onion,Red,FAQ,2026-08-21,1653,2104,1879,167
Maharashtra,Nashik,Satana,Onion,White,FAQ,2026-08-20,1650,2100,1875,110
Maharashtra,Nashik,Satana,Onion,Garwa,FAQ,2026-08-19,1663,2116,1890,460
Maharashtra,Nashik,Satana,Onion,White,FAQ,2026-08-18,1658,2111,1885,155
Maharashtra,Nashik,Satana,Onion,White,FAQ,2026-08-17,1679,2138,1909,653
Maharashtra,Nashik,Satana,Onion,White,FAQ,2026-08-16,1661,2114,1888,477
Maharashtra,Nashik,Satana,Onion,White,FAQ,2026-08-15,1692,2153,1923,494
Maharashtra,Nashik,Satana,Onion,Red,FAQ,2026-08-14,1710,2177,1944,410
Maharashtra,Nashik,Satana,Onion,Garwa,FAQ,2026-08-13,1704,2169,1937,458
Maharashtra,Nashik,Satana,Onion,Red,FAQ,2026-08-12,1725,2196,1961,339
Maharashtra,Nashik,Satana,Onion,Red,FAQ,2026-08-11,1693,2154,1924,217
Maharashtra,Nashik,Satana,Onion,White,FAQ,2026-08-10,1741,2216,1979,724
Maharashtra,Nashik,Satana,Onion,Garwa,FAQ,2026-08-09,1706,2171,1939,693
Maharashtra,Nashik,Satana,Onion,White,FAQ,2026-08-08,1709,2176,1943,788
Maharashtra,Nashik,Satana,Onion,Garwa,FAQ,2026-08-07,1696,2159,1928,765
Maharashtra,Nashik,Satana,Onion,Garwa,FAQ,2026-08-06,1672,2128,1900,541
Maharashtra,Nashik,Satana,Onion,Garwa,FAQ,2026-08-05,1657,2110,1884,615
Maharashtra,Nashik,Satana,Onion,White,FAQ,2026-08-04,1701,2164,1933,335
Maharashtra,Nashik,Satana,Onion,Garwa,FAQ,2026-08-03,1671,2126,1899,270
Maharashtra,Nashik,Satana,Onion,Garwa,FAQ,2026-08-02,1632,2077,1855,734
Maharashtra,Nashik,Satana,Onion,Garwa,FAQ,2026-08-01,1656,2107,1882,645
Maharashtra,Nashik,Satana,Onion,White,FAQ,2026-07-31,1589,2022,1806,197
Maharashtra,Nashik,Satana,Onion,Garwa,FAQ,2026-07-30,1591,2026,1809,438
Maharashtra,Nashik,Satana,Onion,White,FAQ,2026-07-29,1588,2021,1805,555
Maharashtra,Nashik,Satana,Onion,White,FAQ,2026-07-28,1535,1954,1745,738
Maharashtra,Nashik,Satana,Wheat,FAQ,FAQ,2026-08-26,2054,2615,2335,212
Maharashtra,Nashik,Satana,Wheat,Lok-1,FAQ,2026-08-25,2123,2702,2413,152
Maharashtra,Nashik,Satana,Wheat,Sharbati,FAQ,2026-08-24,2097,2668,2383,447
Maharashtra,Nashik,Satana,Wheat,Sharbati,FAQ,2026-08-23,2103,2676,2390,755
Maharashtra,Nashik,Satana,Wheat,FAQ,FAQ,2026-08-22,2119,2696,2408,146
Maharashtra,Nashik,Satana,Wheat,FAQ,FAQ,2026-08-21,2156,2744,2450,683
Maharashtra,Nashik,Satana,Wheat,Lok-1,FAQ,2026-08-20,2175,2768,2472,628
Maharashtra,Nashik,Satana,Wheat,Sharbati,FAQ,2026-08-19,2188,2785,2487,366
Maharashtra,Nashik,Satana,Wheat,Sharbati,FAQ,2026-08-18,2197,2796,2497,564
Maharashtra,Nashik,Satana,Wheat,Lok-1,FAQ,2026-08-17,2187,2784,2486,627
Maharashtra,Nashik,Satana,Wheat,FAQ,FAQ,2026-08-16,2251,2864,2558,451
Maharashtra,Nashik,Satana,Wheat,Sharbati,FAQ,2026-08-15,2222,2829,2526,639
Maharashtra,Nashik,Satana,Wheat,Sharbati,FAQ,2026-08-14,2237,2848,2543,660
Maharashtra,Nashik,Satana,Wheat,Lok-1,FAQ,2026-08-13,2258,2873,2566,352
Maharashtra,Nashik,Satana,Wheat,Sharbati,FAQ,2026-08-12,2210,2813,2512,691
Maharashtra,Nashik,Satana,Wheat,Sharbati,FAQ,2026-08-11,2255,2870,2563,298
Maharashtra,Nashik,Satana,Wheat,Lok-1,FAQ,2026-08-10,2235,2844,2540,728
Maharashtra,Nashik,Satana,Wheat,Lok-1,FAQ,2026-08-09,2252,2867,2560,422
Maharashtra,Nashik,Satana,Wheat,Sharbati,FAQ,2026-08-08,2264,2881,2573,330
Maharashtra,Nashik,Satana,Wheat,Sharbati,FAQ,2026-08-07,2251,2864,2558,678
Maharashtra,Nashik,Satana,Wheat,Lok-1,FAQ,2026-08-06,2232,2841,2537,596
Maharashtra,Nashik,Satana,Wheat,Sharbati,FAQ,2026-08-05,2199,2798,2499,791
Maharashtra,Nashik,Satana,Wheat,Lok-1,FAQ,2026-08-04,2228,2835,2532,187
Maharashtra,Nashik,Satana,Wheat,Sharbati,FAQ,2026-08-03,2209,2812,2511,106
Maharashtra,Nashik,Satana,Wheat,FAQ,FAQ,2026-08-02,2215,2820,2518,691
Maharashtra,Nashik,Satana,Wheat,Sharbati,FAQ,2026-08-01,2180,2775,2478,587
Maharashtra,Nashik,Satana,Wheat,FAQ,FAQ,2026-07-31,2171,2764,2468,294
Maharashtra,Nashik,Satana,Wheat,Sharbati,FAQ,2026-07-30,2164,2755,2460,513
Maharashtra,Nashik,Satana,Wheat,Lok-1,FAQ,2026-07-29,2120,2699,2410,706
Maharashtra,Nashik,Satana,Wheat,Lok-1,FAQ,2026-07-28,2075,2640,2358,525
Maharashtra,Nashik,Satana,Rice,Paddy(Dpr),FAQ,2026-08-26,2233,2842,2538,336
Maharashtra,Nashik,Satana,Rice,Paddy(Dpr),FAQ,2026-08-25,2217,2822,2520,570
Maharashtra,Nashik,Satana,Rice,Basmati,FAQ,2026-08-24,2263,2880,2572,185
Maharashtra,Nashik,Satana,Rice,Paddy(Dpr),FAQ,2026-08-23,2258,2875,2567,309
Maharashtra,Nashik,Satana,Rice,Paddy(Dpr),FAQ,2026-08-22,2310,2940,2625,556
Maharashtra,Nashik,Satana,Rice,Swarna,FAQ,2026-08-21,2271,2890,2581,390
Maharashtra,Nashik,Satana,Rice,Swarna,FAQ,2026-08-20,2326,2961,2644,473
Maharashtra,Nashik,Satana,Rice,Basmati,FAQ,2026-08-19,2304,2933,2619,254
Maharashtra,Nashik,Satana,Rice,Paddy(Dpr),FAQ,2026-08-18,2345,2984,2665,781
Maharashtra,Nashik,Satana,Rice,Swarna,FAQ,2026-08-17,2359,3002,2681,153
Maharashtra,Nashik,Satana,Rice,Basmati,FAQ,2026-08-16,2372,3019,2696,459
Maharashtra,Nashik,Satana,Rice,Basmati,FAQ,2026-08-15,2345,2984,2665,702
Maharashtra,Nashik,Satana,Rice,Paddy(Dpr),FAQ,2026-08-14,2399,3054,2727,584
Maharashtra,Nashik,Satana,Rice,Basmati,FAQ,2026-08-13,2360,3003,2682,654
Maharashtra,Nashik,Satana,Rice,Paddy(Dpr),FAQ,2026-08-12,2397,3050,2724,670
Maharashtra,Nashik,Satana,Rice,Swarna,FAQ,2026-08-11,2354,2997,2676,191
Maharashtra,Nashik,Satana,Rice,Paddy(Dpr),FAQ,2026-08-10,2346,2985,2666,100
Maharashtra,Nashik,Satana,Rice,Basmati,FAQ,2026-08-09,2381,3030,2706,457
Maharashtra,Nashik,Satana,Rice,Basmati,FAQ,2026-08-08,2389,3040,2715,276
Maharashtra,Nashik,Satana,Rice,Swarna,FAQ,2026-08-07,2363,3008,2686,247
Maharashtra,Nashik,Satana,Rice,Basmati,FAQ,2026-08-06,2351,2992,2672,549
Maharashtra,Nashik,Satana,Rice,Basmati,FAQ,2026-08-05,2370,3017,2694,501
Maharashtra,Nashik,Satana,Rice,Basmati,FAQ,2026-08-04,2340,2979,2660,655
Maharashtra,Nashik,Satana,Rice,Swarna,FAQ,2026-08-03,2294,2919,2607,343
Maharashtra,Nashik,Satana,Rice,Swarna,FAQ,2026-08-02,2315,2946,2631,612
Maharashtra,Nashik,Satana,Rice,Basmati,FAQ,2026-08-01,2316,2947,2632,623
Maharashtra,Nashik,Satana,Rice,Swarna,FAQ,2026-07-31,2282,2905,2594,403
Maharashtra,Nashik,Satana,Rice,Basmati,FAQ,2026-07-30,2243,2854,2549,574
Maharashtra,Nashik,Satana,Rice,Swarna,FAQ,2026-07-29,2214,2817,2516,714
Maharashtra,Nashik,Satana,Rice,Swarna,FAQ,2026-07-28,2246,2859,2553,412
Maharashtra,Nashik,Satana,Potato,Kufri,FAQ,2026-08-26,1257,1600,1429,605
Maharashtra,Nashik,Satana,Potato,Kufri,FAQ,2026-08-25,1258,1601,1430,714
Maharashtra,Nashik,Satana,Potato,Kufri,FAQ,2026-08-24,1308,1665,1487,406
Maharashtra,Nashik,Satana,Potato,Jyoti,FAQ,2026-08-23,1280,1629,1455,621
Maharashtra,Nashik,Satana,Potato,Kufri,FAQ,2026-08-22,1297,1650,1474,799
Maharashtra,Nashik,Satana,Potato,Jyoti,FAQ,2026-08-21,1319,1678,1499,761
Maharashtra,Nashik,Satana,Potato,Jyoti,FAQ,2026-08-20,1359,1730,1545,494
Maharashtra,Nashik,Satana,Potato,Kufri,FAQ,2026-08-19,1340,1705,1523,336
Maharashtra,Nashik,Satana,Potato,Kufri,FAQ,2026-08-18,1364,1736,1550,371
Maharashtra,Nashik,Satana,Potato,Kufri,FAQ,2026-08-17,1346,1713,1530,748
Maharashtra,Nashik,Satana,Potato,Kufri,FAQ,2026-08-16,1356,1727,1542,145
Maharashtra,Nashik,Satana,Potato,Jyoti,FAQ,2026-08-15,1366,1739,1553,191
Maharashtra,Nashik,Satana,Potato,Jyoti,FAQ,2026-08-14,1411,1796,1604,195
Maharashtra,Nashik,Satana,Potato,Kufri,FAQ,2026-08-13,1400,1783,1592,593
Maharashtra,Nashik,Satana,Potato,Jyoti,FAQ,2026-08-12,1387,1766,1577,219
Maharashtra,Nashik,Satana,Potato,Jyoti,FAQ,2026-08-11,1438,1831,1635,254
Maharashtra,Nashik,Satana,Potato,Jyoti,FAQ,2026-08-10,1433,1824,1629,694
Maharashtra,Nashik,Satana,Potato,Jyoti,FAQ,2026-08-09,1416,1803,1610,700
Maharashtra,Nashik,Satana,Potato,Kufri,FAQ,2026-08-08,1406,1789,1598,234
Maharashtra,Nashik,Satana,Potato,Kufri,FAQ,2026-08-07,1406,1789,1598,491
Maharashtra,Nashik,Satana,Potato,Jyoti,FAQ,2026-08-06,1422,1809,1616,460
Maharashtra,Nashik,Satana,Potato,Kufri,FAQ,2026-08-05,1403,1786,1595,716
Maharashtra,Nashik,Satana,Potato,Kufri,FAQ,2026-08-04,1371,1746,1559,357
Maharashtra,Nashik,Satana,Potato,Jyoti,FAQ,2026-08-03,1342,1708,1525,597
Maharashtra,Nashik,Satana,Potato,Jyoti,FAQ,2026-08-02,1341,1706,1524,711
Maharashtra,Nashik,Satana,Potato,Jyoti,FAQ,2026-08-01,1327,1688,1508,549
Maharashtra,Nashik,Satana,Potato,Jyoti,FAQ,2026-07-31,1290,1641,1466,475
Maharashtra,Nashik,Satana,Potato,Jyoti,FAQ,2026-07-30,1307,1664,1486,515
Maharashtra,Nashik,Satana,Potato,Jyoti,FAQ,2026-07-29,1275,1622,1449,298
Maharashtra,Nashik,Satana,Potato,Jyoti,FAQ,2026-07-28,1273,1620,1447,408
Maharashtra,Nashik,Satana,Soyabean,Yellow,FAQ,2026-08-26,3756,4781,4269,652
Maharashtra,Nashik,Satana,Soyabean,JS-335,FAQ,2026-08-25,3836,4883,4360,556
Maharashtra,Nashik,Satana,Soyabean,JS-335,FAQ,2026-08-24,3820,4863,4342,387
Maharashtra,Nashik,Satana,Soyabean,Yellow,FAQ,2026-08-23,3858,4911,4385,236
Maharashtra,Nashik,Satana,Soyabean,Yellow,FAQ,2026-08-22,3869,4924,4397,711
Maharashtra,Nashik,Satana,Soyabean,Yellow,FAQ,2026-08-21,3901,4966,4434,257
Maharashtra,Nashik,Satana,Soyabean,Yellow,FAQ,2026-08-20,3906,4971,4439,512
Maharashtra,Nashik,Satana,Soyabean,Yellow,FAQ,2026-08-19,3933,5006,4470,631
Maharashtra,Nashik,Satana,Soyabean,Yellow,FAQ,2026-08-18,3907,4972,4440,139
Maharashtra,Nashik,Satana,Soyabean,Yellow,FAQ,2026-08-17,3920,4989,4455,730
Maharashtra,Nashik,Satana,Soyabean,JS-335,FAQ,2026-08-16,3917,4986,4452,434
Maharashtra,Nashik,Satana,Soyabean,JS-335,FAQ,2026-08-15,3956,5035,4496,427
Maharashtra,Nashik,Satana,Soyabean,JS-335,FAQ,2026-08-14,3933,5006,4470,139
Maharashtra,Nashik,Satana,Soyabean,Yellow,FAQ,2026-08-13,3979,5064,4522,598
Maharashtra,Nashik,Satana,Soyabean,Yellow,FAQ,2026-08-12,3993,5082,4538,202
Maharashtra,Nashik,Satana,Soyabean,Yellow,FAQ,2026-08-11,3956,5035,4496,361
Maharashtra,Nashik,Satana,Soyabean,JS-335,FAQ,2026-08-10,3951,5028,4490,781
Maharashtra,Nashik,Satana,Soyabean,Yellow,FAQ,2026-08-09,3978,5063,4521,795
Maharashtra,Nashik,Satana,Soyabean,JS-335,FAQ,2026-08-08,3917,4986,4452,185
Maharashtra,Nashik,Satana,Soyabean,Yellow,FAQ,2026-08-07,3974,5057,4516,565
Maharashtra,Nashik,Satana,Soyabean,JS-335,FAQ,2026-08-06,3920,4989,4455,175
Maharashtra,Nashik,Satana,Soyabean,JS-335,FAQ,2026-08-05,3902,4967,4435,129
Maharashtra,Nashik,Satana,Soyabean,Yellow,FAQ,2026-08-04,3928,4999,4464,111
Maharashtra,Nashik,Satana,Soyabean,JS-335,FAQ,2026-08-03,3909,4976,4443,241
Maharashtra,Nashik,Satana,Soyabean,Yellow,FAQ,2026-08-02,3930,5003,4467,784
Maharashtra,Nashik,Satana,Soyabean,Yellow,FAQ,2026-08-01,3855,4906,4381,622
Maharashtra,Nashik,Satana,Soyabean,JS-335,FAQ,2026-07-31,3846,4895,4371,770
Maharashtra,Nashik,Satana,Soyabean,JS-335,FAQ,2026-07-30,3847,4896,4372,709
Maharashtra,Nashik,Satana,Soyabean,JS-335,FAQ,2026-07-29,3843,4892,4368,620
Maharashtra,Nashik,Satana,Soyabean,Yellow,FAQ,2026-07-28,3821,4864,4343,581
Maharashtra,Nashik,Satana,Maize,Yellow,FAQ,2026-08-26,1660,2113,1887,407
Maharashtra,Nashik,Satana,Maize,Yellow,FAQ,2026-08-25,1654,2105,1880,327
Maharashtra,Nashik,Satana,Maize,Hybrid,FAQ,2026-08-24,1637,2084,1861,314
Maharashtra,Nashik,Satana,Maize,Hybrid,FAQ,2026-08-23,1674,2131,1903,771
Maharashtra,Nashik,Satana,Maize,Hybrid,FAQ,2026-08-22,1706,2171,1939,670
Maharashtra,Nashik,Satana,Maize,Hybrid,FAQ,2026-08-21,1745,2220,1983,371
Maharashtra,Nashik,Satana,Maize,Hybrid,FAQ,2026-08-20,1736,2209,1973,274
Maharashtra,Nashik,Satana,Maize,Yellow,FAQ,2026-08-19,1787,2274,2031,273
Maharashtra,Nashik,Satana,Maize,Hybrid,FAQ,2026-08-18,1753,2232,1993,417
Maharashtra,Nashik,Satana,Maize,Yellow,FAQ,2026-08-17,1779,2264,2022,129
Maharashtra,Nashik,Satana,Maize,Yellow,FAQ,2026-08-16,1811,2304,2058,204
Maharashtra,Nashik,Satana,Maize,Yellow,FAQ,2026-08-15,1767,2248,2008,462
Maharashtra,Nashik,Satana,Maize,Yellow,FAQ,2026-08-14,1789,2276,2033,123
Maharashtra,Nashik,Satana,Maize,Yellow,FAQ,2026-08-13,1814,2309,2062,727
Maharashtra,Nashik,Satana,Maize,Hybrid,FAQ,2026-08-12,1800,2291,2046,693
Maharashtra,Nashik,Satana,Maize,Yellow,FAQ,2026-08-11,1835,2336,2086,112
Maharashtra,Nashik,Satana,Maize,Hybrid,FAQ,2026-08-10,1833,2334,2084,250
Maharashtra,Nashik,Satana,Maize,Hybrid,FAQ,2026-08-09,1816,2311,2064,169
Maharashtra,Nashik,Satana,Maize,Hybrid,FAQ,2026-08-08,1824,2321,2073,783
Maharashtra,Nashik,Satana,Maize,Hybrid,FAQ,2026-08-07,1819,2316,2068,385
Maharashtra,Nashik,Satana,Maize,Yellow,FAQ,2026-08-06,1796,2287,2042,501
Maharashtra,Nashik,Satana,Maize,Yellow,FAQ,2026-08-05,1753,2232,1993,455
Maharashtra,Nashik,Satana,Maize,Hybrid,FAQ,2026-08-04,1766,2247,2007,418
Maharashtra,Nashik,Satana,Maize,Yellow,FAQ,2026-08-03,1771,2254,2013,654
Maharashtra,Nashik,Satana,Maize,Yellow,FAQ,2026-08-02,1730,2201,1966,106
Maharashtra,Nashik,Satana,Maize,Hybrid,FAQ,2026-08-01,1760,2240,2000,775
Maharashtra,Nashik,Satana,Maize,Hybrid,FAQ,2026-07-31,1738,2213,1976,629
Maharashtra,Nashik,Satana,Maize,Yellow,FAQ,2026-07-30,1661,2114,1888,375
Maharashtra,Nashik,Satana,Maize,Yellow,FAQ,2026-07-29,1679,2136,1908,184
Maharashtra,Nashik,Satana,Maize,Hybrid,FAQ,2026-07-28,1659,2112,1886,514
Maharashtra,Nashik,Satana,Cotton,Medium Staple,FAQ,2026-08-26,5731,7294,6513,268
Maharashtra,Nashik,Satana,Cotton,Medium Staple,FAQ,2026-08-25,5752,7321,6537,380
Maharashtra,Nashik,Satana,Cotton,Medium Staple,FAQ,2026-08-24,5751,7320,6536,431
Maharashtra,Nashik,Satana,Cotton,Medium Staple,FAQ,2026-08-23,5797,7378,6588,503
Maharashtra,Nashik,Satana,Cotton,Medium Staple,FAQ,2026-08-22,5803,7386,6595,525
Maharashtra,Nashik,Satana,Cotton,Medium Staple,FAQ,2026-08-21,5786,7364,6575,409
Maharashtra,Nashik,Satana,Cotton,Medium Staple,FAQ,2026-08-20,5825,7414,6620,182
Maharashtra,Nashik,Satana,Cotton,Medium Staple,FAQ,2026-08-19,5853,7450,6652,152
Maharashtra,Nashik,Satana,Cotton,Medium Staple,FAQ,2026-08-18,5874,7476,6675,131
Maharashtra,Nashik,Satana,Cotton,Medium Staple,FAQ,2026-08-17,5888,7495,6692,369
Maharashtra,Nashik,Satana,Cotton,Medium Staple,FAQ,2026-08-16,5849,7444,6647,428
Maharashtra,Nashik,Satana,Cotton,Medium Staple,FAQ,2026-08-15,5906,7517,6712,199
Maharashtra,Nashik,Satana,Cotton,Medium Staple,FAQ,2026-08-14,5859,7456,6658,111
Maharashtra,Nashik,Satana,Cotton,Medium Staple,FAQ,2026-08-13,5890,7497,6694,465
Maharashtra,Nashik,Satana,Cotton,Medium Staple,FAQ,2026-08-12,5894,7501,6698,326
Maharashtra,Nashik,Satana,Cotton,Medium Staple,FAQ,2026-08-11,5918,7532,6725,439
Maharashtra,Nashik,Satana,Cotton,Medium Staple,FAQ,2026-08-10,5917,7530,6724,221
Maharashtra,Nashik,Satana,Cotton,Medium Staple,FAQ,2026-08-09,5893,7500,6697,740
Maharashtra,Nashik,Satana,Cotton,Medium Staple,FAQ,2026-08-08,5915,7528,6722,575
Maharashtra,Nashik,Satana,Cotton,Medium Staple,FAQ,2026-08-07,5864,7463,6664,167
Maharashtra,Nashik,Satana,Cotton,Medium Staple,FAQ,2026-08-06,5843,7436,6640,133
Maharashtra,Nashik,Satana,Cotton,Medium Staple,FAQ,2026-08-05,5897,7506,6702,453
Maharashtra,Nashik,Satana,Cotton,Medium Staple,FAQ,2026-08-04,5850,7445,6648,574
Maharashtra,Nashik,Satana,Cotton,Medium Staple,FAQ,2026-08-03,5811,7396,6604,230
Maharashtra,Nashik,Satana,Cotton,Medium Staple,FAQ,2026-08-02,5827,7416,6622,355
Maharashtra,Nashik,Satana,Cotton,Medium Staple,FAQ,2026-08-01,5813,7398,6606,419
Maharashtra,Nashik,Satana,Cotton,Medium Staple,FAQ,2026-07-31,5774,7349,6562,189
Maharashtra,Nashik,Satana,Cotton,Medium Staple,FAQ,2026-07-30,5806,7389,6598,235
Maharashtra,Nashik,Satana,Cotton,Medium Staple,FAQ,2026-07-29,5796,7377,6587,361
Maharashtra,Nashik,Satana,Cotton,Medium Staple,FAQ,2026-07-28,5764,7337,6551,257
Maharashtra,Nashik,Satana,Sugarcane,Co-86032,FAQ,2026-08-26,264,336,300,359
Maharashtra,Nashik,Satana,Sugarcane,Co-86032,FAQ,2026-08-25,264,336,300,698
Maharashtra,Nashik,Satana,Sugarcane,Co-86032,FAQ,2026-08-24,264,336,300,482
Maharashtra,Nashik,Satana,Sugarcane,Co-86032,FAQ,2026-08-23,264,336,300,683
Maharashtra,Nashik,Satana,Sugarcane,Co-86032,FAQ,2026-08-22,264,336,300,384
Maharashtra,Nashik,Satana,Sugarcane,Co-86032,FAQ,2026-08-21,271,346,309,705
Maharashtra,Nashik,Satana,Sugarcane,Co-86032,FAQ,2026-08-20,291,370,331,484
Maharashtra,Nashik,Satana,Sugarcane,Co-86032,FAQ,2026-08-19,312,397,355,617
Maharashtra,Nashik,Satana,Sugarcane,Co-86032,FAQ,2026-08-18,348,443,396,741
Maharashtra,Nashik,Satana,Sugarcane,Co-86032,FAQ,2026-08-17,361,460,411,314
Maharashtra,Nashik,Satana,Sugarcane,Co-86032,FAQ,2026-08-16,332,423,378,234
Maharashtra,Nashik,Satana,Sugarcane,Co-86032,FAQ,2026-08-15,329,418,374,691
Maharashtra,Nashik,Satana,Sugarcane,Co-86032,FAQ,2026-08-14,359,456,408,526
Maharashtra,Nashik,Satana,Sugarcane,Co-86032,FAQ,2026-08-13,401,510,456,323
Maharashtra,Nashik,Satana,Sugarcane,Co-86032,FAQ,2026-08-12,348,443,396,795
Maharashtra,Nashik,Satana,Sugarcane,Co-86032,FAQ,2026-08-11,363,462,413,707
Maharashtra,Nashik,Satana,Sugarcane,Co-86032,FAQ,2026-08-10,371,472,422,647
Maharashtra,Nashik,Satana,Sugarcane,Co-86032,FAQ,2026-08-09,352,449,401,463
Maharashtra,Nashik,Satana,Sugarcane,Co-86032,FAQ,2026-08-08,370,471,421,690
Maharashtra,Nashik,Satana,Sugarcane,Co-86032,FAQ,2026-08-07,352,448,400,734
Maharashtra,Nashik,Satana,Sugarcane,Co-86032,FAQ,2026-08-06,318,405,362,267
Maharashtra,Nashik,Satana,Sugarcane,Co-86032,FAQ,2026-08-05,359,456,408,134
Maharashtra,Nashik,Satana,Sugarcane,Co-86032,FAQ,2026-08-04,316,403,360,686
Maharashtra,Nashik,Satana,Sugarcane,Co-86032,FAQ,2026-08-03,323,412,368,552
Maharashtra,Nashik,Satana,Sugarcane,Co-86032,FAQ,2026-08-02,282,359,321,302
Maharashtra,Nashik,Satana,Sugarcane,Co-86032,FAQ,2026-08-01,284,361,323,653
Maharashtra,Nashik,Satana,Sugarcane,Co-86032,FAQ,2026-07-31,286,364,325,513
Maharashtra,Nashik,Satana,Sugarcane,Co-86032,FAQ,2026-07-30,285,362,324,770
Maharashtra,Nashik,Satana,Sugarcane,Co-86032,FAQ,2026-07-29,264,336,300,765
Maharashtra,Nashik,Satana,Sugarcane,Co-86032,FAQ,2026-07-28,264,336,300,248
Maharashtra,Nashik,Satana,Mustard,Yellow,FAQ,2026-08-26,4715,6000,5358,653
Maharashtra,Nashik,Satana,Mustard,Yellow,FAQ,2026-08-25,4746,6041,5394,694
Maharashtra,Nashik,Satana,Mustard,Yellow,FAQ,2026-08-24,4772,6073,5423,585
Maharashtra,Nashik,Satana,Mustard,Black,FAQ,2026-08-23,4771,6072,5422,286
Maharashtra,Nashik,Satana,Mustard,Yellow,FAQ,2026-08-22,4758,6055,5407,621
Maharashtra,Nashik,Satana,Mustard,Black,FAQ,2026-08-21,4822,6137,5480,137
Maharashtra,Nashik,Satana,Mustard,Yellow,FAQ,2026-08-20,4854,6177,5516,122
Maharashtra,Nashik,Satana,Mustard,Black,FAQ,2026-08-19,4862,6189,5526,530
Maharashtra,Nashik,Satana,Mustard,Yellow,FAQ,2026-08-18,4828,6145,5487,205
Maharashtra,Nashik,Satana,Mustard,Black,FAQ,2026-08-17,4890,6223,5557,667
Maharashtra,Nashik,Satana,Mustard,Yellow,FAQ,2026-08-16,4846,6167,5507,392
Maharashtra,Nashik,Satana,Mustard,Yellow,FAQ,2026-08-15,4844,6165,5505,589
Maharashtra,Nashik,Satana,Mustard,Black,FAQ,2026-08-14,4881,6212,5547,406
Maharashtra,Nashik,Satana,Mustard,Yellow,FAQ,2026-08-13,4856,6181,5519,589
Maharashtra,Nashik,Satana,Mustard,Black,FAQ,2026-08-12,4893,6228,5561,448
Maharashtra,Nashik,Satana,Mustard,Yellow,FAQ,2026-08-11,4891,6224,5558,704
Maharashtra,Nashik,Satana,Mustard,Yellow,FAQ,2026-08-10,4857,6182,5520,215
Maharashtra,Nashik,Satana,Mustard,Yellow,FAQ,2026-08-09,4914,6255,5585,423
Maharashtra,Nashik,Satana,Mustard,Yellow,FAQ,2026-08-08,4911,6250,5581,589
Maharashtra,Nashik,Satana,Mustard,Black,FAQ,2026-08-07,4840,6160,5500,524
Maharashtra,Nashik,Satana,Mustard,Black,FAQ,2026-08-06,4891,6224,5558,744
Maharashtra,Nashik,Satana,Mustard,Yellow,FAQ,2026-08-05,4860,6185,5523,549
Maharashtra,Nashik,Satana,Mustard,Black,FAQ,2026-08-04,4855,6180,5518,337
Maharashtra,Nashik,Satana,Mustard,Yellow,FAQ,2026-08-03,4855,6180,5518,463
Maharashtra,Nashik,Satana,Mustard,Black,FAQ,2026-08-02,4804,6115,5460,130
Maharashtra,Nashik,Satana,Mustard,Black,FAQ,2026-08-01,4795,6102,5449,119
Maharashtra,Nashik,Satana,Mustard,Yellow,FAQ,2026-07-31,4762,6061,5412,767
Maharashtra,Nashik,Satana,Mustard,Yellow,FAQ,2026-07-30,4759,6058,5409,284
Maharashtra,Nashik,Satana,Mustard,Black,FAQ,2026-07-29,4752,6049,5401,715
Maharashtra,Nashik,Satana,Mustard,Black,FAQ,2026-07-28,4738,6031,5385,444
Maharashtra,Nashik,Satana,Grapes,Thompson Seedless,FAQ,2026-08-26,4327,5508,4918,315
Maharashtra,Nashik,Satana,Grapes,Thompson Seedless,FAQ,2026-08-25,4299,5472,4886,370
Maharashtra,Nashik,Satana,Grapes,Thompson Seedless,FAQ,2026-08-24,4354,5541,4948,449
Maharashtra,Nashik,Satana,Grapes,Thompson Seedless,FAQ,2026-08-23,4396,5595,4996,469
Maharashtra,Nashik,Satana,Grapes,Thompson Seedless,FAQ,2026-08-22,4387,5584,4986,347
Maharashtra,Nashik,Satana,Grapes,Thompson Seedless,FAQ,2026-08-21,4412,5615,5014,285
Maharashtra,Nashik,Satana,Grapes,Thompson Seedless,FAQ,2026-08-20,4431,5640,5036,346
Maharashtra,Nashik,Satana,Grapes,Thompson Seedless,FAQ,2026-08-19,4435,5644,5040,138
Maharashtra,Nashik,Satana,Grapes,Thompson Seedless,FAQ,2026-08-18,4456,5671,5064,685
Maharashtra,Nashik,Satana,Grapes,Thompson Seedless,FAQ,2026-08-17,4482,5705,5094,429
Maharashtra,Nashik,Satana,Grapes,Thompson Seedless,FAQ,2026-08-16,4460,5677,5069,499
Maharashtra,Nashik,Satana,Grapes,Thompson Seedless,FAQ,2026-08-15,4494,5719,5107,151
Maharashtra,Nashik,Satana,Grapes,Thompson Seedless,FAQ,2026-08-14,4464,5681,5073,150
Maharashtra,Nashik,Satana,Grapes,Thompson Seedless,FAQ,2026-08-13,4477,5698,5088,385
Maharashtra,Nashik,Satana,Grapes,Thompson Seedless,FAQ,2026-08-12,4495,5720,5108,362
Maharashtra,Nashik,Satana,Grapes,Thompson Seedless,FAQ,2026-08-11,4502,5731,5117,617
Maharashtra,Nashik,Satana,Grapes,Thompson Seedless,FAQ,2026-08-10,4454,5669,5062,373
Maharashtra,Nashik,Satana,Grapes,Thompson Seedless,FAQ,2026-08-09,4503,5732,5118,384
Maharashtra,Nashik,Satana,Grapes,Thompson Seedless,FAQ,2026-08-08,4510,5741,5126,545
Maharashtra,Nashik,Satana,Grapes,Thompson Seedless,FAQ,2026-08-07,4488,5712,5100,572
Maharashtra,Nashik,Satana,Grapes,Thompson Seedless,FAQ,2026-08-06,4480,5703,5092,489
Maharashtra,Nashik,Satana,Grapes,Thompson Seedless,FAQ,2026-08-05,4437,5648,5043,560
Maharashtra,Nashik,Satana,Grapes,Thompson Seedless,FAQ,2026-08-04,4465,5682,5074,563
Maharashtra,Nashik,Satana,Grapes,Thompson Seedless,FAQ,2026-08-03,4422,5629,5026,581
Maharashtra,Nashik,Satana,Grapes,Thompson Seedless,FAQ,2026-08-02,4440,5651,5046,270
Maharashtra,Nashik,Satana,Grapes,Thompson Seedless,FAQ,2026-08-01,4431,5640,5036,193
Maharashtra,Nashik,Satana,Grapes,Thompson Seedless,FAQ,2026-07-31,4368,5559,4964,349
Maharashtra,Nashik,Satana,Grapes,Thompson Seedless,FAQ,2026-07-30,4354,5541,4948,742
Maharashtra,Nashik,Satana,Grapes,Thompson Seedless,FAQ,2026-07-29,4383,5578,4981,526
Maharashtra,Nashik,Satana,Grapes,Thompson Seedless,FAQ,2026-07-28,4316,5493,4905,550
Maharashtra,Nashik,Satana,Pomegranate,Bhagwa,FAQ,2026-08-26,5646,7185,6416,759
Maharashtra,Nashik,Satana,Pomegranate,Bhagwa,FAQ,2026-08-25,5632,7168,6400,464
Maharashtra,Nashik,Satana,Pomegranate,Bhagwa,FAQ,2026-08-24,5692,7245,6469,621
Maharashtra,Nashik,Satana,Pomegranate,Bhagwa,FAQ,2026-08-23,5661,7206,6434,118
Maharashtra,Nashik,Satana,Pomegranate,Bhagwa,FAQ,2026-08-22,5680,7229,6455,236
Maharashtra,Nashik,Satana,Pomegranate,Bhagwa,FAQ,2026-08-21,5716,7275,6496,176
Maharashtra,Nashik,Satana,Pomegranate,Bhagwa,FAQ,2026-08-20,5717,7276,6497,215
Maharashtra,Nashik,Satana,Pomegranate,Bhagwa,FAQ,2026-08-19,5744,7311,6528,344
Maharashtra,Nashik,Satana,Pomegranate,Bhagwa,FAQ,2026-08-18,5783,7360,6572,640
Maharashtra,Nashik,Satana,Pomegranate,Bhagwa,FAQ,2026-08-17,5810,7395,6603,105
Maharashtra,Nashik,Satana,Pomegranate,Bhagwa,FAQ,2026-08-16,5770,7343,6557,277
Maharashtra,Nashik,Satana,Pomegranate,Bhagwa,FAQ,2026-08-15,5786,7364,6575,101
Maharashtra,Nashik,Satana,Pomegranate,Bhagwa,FAQ,2026-08-14,5779,7356,6568,545
Maharashtra,Nashik,Satana,Pomegranate,Bhagwa,FAQ,2026-08-13,5815,7400,6608,244
Maharashtra,Nashik,Satana,Pomegranate,Bhagwa,FAQ,2026-08-12,5814,7399,6607,172
Maharashtra,Nashik,Satana,Pomegranate,Bhagwa,FAQ,2026-08-11,5838,7431,6635,564
Maharashtra,Nashik,Satana,Pomegranate,Bhagwa,FAQ,2026-08-10,5826,7415,6621,151
Maharashtra,Nashik,Satana,Pomegranate,Bhagwa,FAQ,2026-08-09,5810,7395,6603,753
Maharashtra,Nashik,Satana,Pomegranate,Bhagwa,FAQ,2026-08-08,5819,7406,6613,316
Maharashtra,Nashik,Satana,Pomegranate,Bhagwa,FAQ,2026-08-07,5815,7402,6609,556
Maharashtra,Nashik,Satana,Pomegranate,Bhagwa,FAQ,2026-08-06,5822,7409,6616,633
Maharashtra,Nashik,Satana,Pomegranate,Bhagwa,FAQ,2026-08-05,5805,7388,6597,159
Maharashtra,Nashik,Satana,Pomegranate,Bhagwa,FAQ,2026-08-04,5762,7333,6548,210
Maharashtra,Nashik,Satana,Pomegranate,Bhagwa,FAQ,2026-08-03,5730,7293,6512,104
Maharashtra,Nashik,Satana,Pomegranate,Bhagwa,FAQ,2026-08-02,5734,7299,6517,270
Maharashtra,Nashik,Satana,Pomegranate,Bhagwa,FAQ,2026-08-01,5718,7277,6498,281
Maharashtra,Nashik,Satana,Pomegranate,Bhagwa,FAQ,2026-07-31,5737,7302,6520,455
Maharashtra,Nashik,Satana,Pomegranate,Bhagwa,FAQ,2026-07-30,5709,7266,6488,142
Maharashtra,Nashik,Satana,Pomegranate,Bhagwa,FAQ,2026-07-29,5698,7252,6475,146
Maharashtra,Nashik,Satana,Pomegranate,Bhagwa,FAQ,2026-07-28,5664,7209,6437,644
Maharashtra,Nashik,Kalwan,Tomato,Vaishali,FAQ,2026-08-26,1829,2328,2079,636
Maharashtra,Nashik,Kalwan,Tomato,Vaishali,FAQ,2026-08-25,1902,2421,2162,363
Maharashtra,Nashik,Kalwan,Tomato,Vaishali,FAQ,2026-08-24,1896,2413,2155,657
Maharashtra,Nashik,Kalwan,Tomato,Hybrid,FAQ,2026-08-23,1910,2431,2171,301
Maharashtra,Nashik,Kalwan,Tomato,Vaishali,FAQ,2026-08-22,1915,2438,2177,747
Maharashtra,Nashik,Kalwan,Tomato,Local,FAQ,2026-08-21,1964,2499,2232,194
Maharashtra,Nashik,Kalwan,Tomato,Vaishali,FAQ,2026-08-20,1927,2452,2190,517
Maharashtra,Nashik,Kalwan,Tomato,Local,FAQ,2026-08-19,1938,2467,2203,796
Maharashtra,Nashik,Kalwan,Tomato,Vaishali,FAQ,2026-08-18,1989,2532,2261,200
Maharashtra,Nashik,Kalwan,Tomato,Hybrid,FAQ,2026-08-17,1992,2535,2264,408
Maharashtra,Nashik,Kalwan,Tomato,Local,FAQ,2026-08-16,2016,2565,2291,786
Maharashtra,Nashik,Kalwan,Tomato,Vaishali,FAQ,2026-08-15,1987,2528,2258,274
Maharashtra,Nashik,Kalwan,Tomato,Hybrid,FAQ,2026-08-14,2015,2564,2290,170
Maharashtra,Nashik,Kalwan,Tomato,Local,FAQ,2026-08-13,2001,2546,2274,101
Maharashtra,Nashik,Kalwan,Tomato,Local,FAQ,2026-08-12,2006,2553,2280,207
Maharashtra,Nashik,Kalwan,Tomato,Local,FAQ,2026-08-11,2059,2620,2340,244
Maharashtra,Nashik,Kalwan,Tomato,Hybrid,FAQ,2026-08-10,2035,2590,2313,374
Maharashtra,Nashik,Kalwan,Tomato,Local,FAQ,2026-08-09,2044,2601,2323,772
Maharashtra,Nashik,Kalwan,Tomato,Vaishali,FAQ,2026-08-08,2047,2606,2327,280
Maharashtra,Nashik,Kalwan,Tomato,Local,FAQ,2026-08-07,1989,2532,2261,179
Maharashtra,Nashik,Kalwan,Tomato,Local,FAQ,2026-08-06,2002,2548,2275,673
Maharashtra,Nashik,Kalwan,Tomato,Local,FAQ,2026-08-05,1974,2513,2244,697
Maharashtra,Nashik,Kalwan,Tomato,Vaishali,FAQ,2026-08-04,1968,2505,2237,424
Maharashtra,Nashik,Kalwan,Tomato,Vaishali,FAQ,2026-08-03,1976,2515,2246,782
Maharashtra,Nashik,Kalwan,Tomato,Hybrid,FAQ,2026-08-02,1974,2513,2244,240
Maharashtra,Nashik,Kalwan,Tomato,Local,FAQ,2026-08-01,1977,2516,2247,649
Maharashtra,Nashik,Kalwan,Tomato,Hybrid,FAQ,2026-07-31,1921,2446,2184,771
Maharashtra,Nashik,Kalwan,Tomato,Local,FAQ,2026-07-30,1878,2391,2135,194
Maharashtra,Nashik,Kalwan,Tomato,Hybrid,FAQ,2026-07-29,1914,2437,2176,609
Maharashtra,Nashik,Kalwan,Tomato,Hybrid,FAQ,2026-07-28,1855,2360,2108,696
Maharashtra,Nashik,Kalwan,Onion,White,FAQ,2026-08-26,1532,1951,1742,422
Maharashtra,Nashik,Kalwan,Onion,Red,FAQ,2026-08-25,1597,2032,1815,590
Maharashtra,Nashik,Kalwan,Onion,White,FAQ,2026-08-24,1607,2046,1827,353
Maharashtra,Nashik,Kalwan,Onion,Red,FAQ,2026-08-23,1596,2031,1814,367
Maharashtra,Nashik,Kalwan,Onion,Red,FAQ,2026-08-22,1633,2078,1856,657
Maharashtra,Nashik,Kalwan,Onion,Red,FAQ,2026-08-21,1644,2093,1869,778
Maharashtra,Nashik,Kalwan,Onion,White,FAQ,2026-08-20,1660,2113,1887,478
Maharashtra,Nashik,Kalwan,Onion,Red,FAQ,2026-08-19,1675,2132,1904,714
Maharashtra,Nashik,Kalwan,Onion,Red,FAQ,2026-08-18,1648,2097,1873,602
Maharashtra,Nashik,Kalwan,Onion,Garwa,FAQ,2026-08-17,1721,2190,1956,799
Maharashtra,Nashik,Kalwan,Onion,White,FAQ,2026-08-16,1680,2139,1910,586
Maharashtra,Nashik,Kalwan,Onion,Red,FAQ,2026-08-15,1737,2210,1974,314
Maharashtra,Nashik,Kalwan,Onion,Red,FAQ,2026-08-14,1682,2141,1912,153
Maharashtra,Nashik,Kalwan,Onion,Red,FAQ,2026-08-13,1705,2170,1938,723
Maharashtra,Nashik,Kalwan,Onion,Garwa,FAQ,2026-08-12,1708,2175,1942,736
Maharashtra,Nashik,Kalwan,Onion,Red,FAQ,2026-08-11,1745,2220,1983,706
Maharashtra,Nashik,Kalwan,Onion,Red,FAQ,2026-08-10,1712,2179,1946,463
Maharashtra,Nashik,Kalwan,Onion,White,FAQ,2026-08-09,1695,2158,1927,335
Maharashtra,Nashik,Kalwan,Onion,Garwa,FAQ,2026-08-08,1728,2199,1964,109
Maharashtra,Nashik,Kalwan,Onion,Red,FAQ,2026-08-07,1707,2172,1940,254
Maharashtra,Nashik,Kalwan,Onion,Red,FAQ,2026-08-06,1678,2135,1907,711
Maharashtra,Nashik,Kalwan,Onion,Red,FAQ,2026-08-05,1716,2184,1950,466
Maharashtra,Nashik,Kalwan,Onion,Garwa,FAQ,2026-08-04,1665,2120,1893,565
Maharashtra,Nashik,Kalwan,Onion,Garwa,FAQ,2026-08-03,1653,2104,1879,192
Maharashtra,Nashik,Kalwan,Onion,Garwa,FAQ,2026-08-02,1682,2141,1912,720
Maharashtra,Nashik,Kalwan,Onion,White,FAQ,2026-08-01,1638,2085,1862,155
Maharashtra,Nashik,Kalwan,Onion,White,FAQ,2026-07-31,1622,2065,1844,623
Maharashtra,Nashik,Kalwan,Onion,Red,FAQ,2026-07-30,1582,2013,1798,641
Maharashtra,Nashik,Kalwan,Onion,White,FAQ,2026-07-29,1607,2046,1827,296
Maharashtra,Nashik,Kalwan,Onion,Garwa,FAQ,2026-07-28,1565,1992,1779,631
Maharashtra,Nashik,Kalwan,Wheat,FAQ,FAQ,2026-08-26,2073,2638,2356,180
Maharashtra,Nashik,Kalwan,Wheat,Lok-1,FAQ,2026-08-25,2097,2670,2384,203
Maharashtra,Nashik,Kalwan,Wheat,Sharbati,FAQ,2026-08-24,2097,2668,2383,221
Maharashtra,Nashik,Kalwan,Wheat,FAQ,FAQ,2026-08-23,2149,2736,2443,460
Maharashtra,Nashik,Kalwan,Wheat,FAQ,FAQ,2026-08-22,2131,2712,2422,272
Maharashtra,Nashik,Kalwan,Wheat,Sharbati,FAQ,2026-08-21,2144,2729,2437,221
Maharashtra,Nashik,Kalwan,Wheat,Sharbati,FAQ,2026-08-20,2211,2814,2513,475
Maharashtra,Nashik,Kalwan,Wheat,Sharbati,FAQ,2026-08-19,2158,2747,2453,797
Maharashtra,Nashik,Kalwan,Wheat,FAQ,FAQ,2026-08-18,2178,2773,2476,789
Maharashtra,Nashik,Kalwan,Wheat,FAQ,FAQ,2026-08-17,2202,2803,2503,388
Maharashtra,Nashik,Kalwan,Wheat,Lok-1,FAQ,2026-08-16,2227,2834,2531,625
Maharashtra,Nashik,Kalwan,Wheat,Lok-1,FAQ,2026-08-15,2244,2856,2550,267
Maharashtra,Nashik,Kalwan,Wheat,Sharbati,FAQ,2026-08-14,2238,2849,2544,594
Maharashtra,Nashik,Kalwan,Wheat,FAQ,FAQ,2026-08-13,2272,2891,2582,587
Maharashtra,Nashik,Kalwan,Wheat,Lok-1,FAQ,2026-08-12,2278,2899,2589,660
Maharashtra,Nashik,Kalwan,Wheat,Lok-1,FAQ,2026-08-11,2249,2862,2556,645
Maharashtra,Nashik,Kalwan,Wheat,Lok-1,FAQ,2026-08-10,2211,2814,2513,349
Maharashtra,Nashik,Kalwan,Wheat,Lok-1,FAQ,2026-08-09,2207,2808,2508,538
Maharashtra,Nashik,Kalwan,Wheat,Lok-1,FAQ,2026-08-08,2222,2829,2526,590
Maharashtra,Nashik,Kalwan,Wheat,Sharbati,FAQ,2026-08-07,2207,2810,2509,480
Maharashtra,Nashik,Kalwan,Wheat,Lok-1,FAQ,2026-08-06,2244,2856,2550,319
Maharashtra,Nashik,Kalwan,Wheat,Lok-1,FAQ,2026-08-05,2215,2820,2518,603
Maharashtra,Nashik,Kalwan,Wheat,Sharbati,FAQ,2026-08-04,2170,2761,2466,226
Maharashtra,Nashik,Kalwan,Wheat,Lok-1,FAQ,2026-08-03,2212,2815,2514,233
Maharashtra,Nashik,Kalwan,Wheat,Sharbati,FAQ,2026-08-02,2204,2805,2505,133
Maharashtra,Nashik,Kalwan,Wheat,Sharbati,FAQ,2026-08-01,2165,2756,2461,675
Maharashtra,Nashik,Kalwan,Wheat,Sharbati,FAQ,2026-07-31,2120,2699,2410,228
Maharashtra,Nashik,Kalwan,Wheat,FAQ,FAQ,2026-07-30,2123,2702,2413,393
Maharashtra,Nashik,Kalwan,Wheat,Sharbati,FAQ,2026-07-29,2145,2730,2438,632
Maharashtra,Nashik,Kalwan,Wheat,FAQ,FAQ,2026-07-28,2083,2652,2368,590
Maharashtra,Nashik,Kalwan,Rice,Paddy(Dpr),FAQ,2026-08-26,2220,2825,2523,533
Maharashtra,Nashik,Kalwan,Rice,Basmati,FAQ,2026-08-25,2228,2835,2532,403
Maharashtra,Nashik,Kalwan,Rice,Basmati,FAQ,2026-08-24,2225,2832,2529,293
Maharashtra,Nashik,Kalwan,Rice,Swarna,FAQ,2026-08-23,2283,2906,2595,623
Maharashtra,Nashik,Kalwan,Rice,Paddy(Dpr),FAQ,2026-08-22,2293,2918,2606,683
Maharashtra,Nashik,Kalwan,Rice,Swarna,FAQ,2026-08-21,2289,2914,2602,611
Maharashtra,Nashik,Kalwan,Rice,Swarna,FAQ,2026-08-20,2338,2975,2657,196
Maharashtra,Nashik,Kalwan,Rice,Swarna,FAQ,2026-08-19,2293,2918,2606,316
Maharashtra,Nashik,Kalwan,Rice,Paddy(Dpr),FAQ,2026-08-18,2322,2955,2639,338
Maharashtra,Nashik,Kalwan,Rice,Paddy(Dpr),FAQ,2026-08-17,2339,2976,2658,347
Maharashtra,Nashik,Kalwan,Rice,Swarna,FAQ,2026-08-16,2385,3036,2711,548
Maharashtra,Nashik,Kalwan,Rice,Swarna,FAQ,2026-08-15,2339,2978,2659,460
Maharashtra,Nashik,Kalwan,Rice,Swarna,FAQ,2026-08-14,2346,2985,2666,418
Maharashtra,Nashik,Kalwan,Rice,Swarna,FAQ,2026-08-13,2395,3048,2722,294
Maharashtra,Nashik,Kalwan,Rice,Swarna,FAQ,2026-08-12,2407,3064,2736,560
Maharashtra,Nashik,Kalwan,Rice,Basmati,FAQ,2026-08-11,2409,3066,2738,798
Maharashtra,Nashik,Kalwan,Rice,Swarna,FAQ,2026-08-10,2344,2983,2664,237
Maharashtra,Nashik,Kalwan,Rice,Basmati,FAQ,2026-08-09,2363,3008,2686,159
Maharashtra,Nashik,Kalwan,Rice,Swarna,FAQ,2026-08-08,2342,2981,2662,259
Maharashtra,Nashik,Kalwan,Rice,Basmati,FAQ,2026-08-07,2383,3032,2708,592
Maharashtra,Nashik,Kalwan,Rice,Basmati,FAQ,2026-08-06,2385,3036,2711,117
Maharashtra,Nashik,Kalwan,Rice,Paddy(Dpr),FAQ,2026-08-05,2377,3026,2702,492
Maharashtra,Nashik,Kalwan,Rice,Basmati,FAQ,2026-08-04,2347,2988,2668,356
Maharashtra,Nashik,Kalwan,Rice,Paddy(Dpr),FAQ,2026-08-03,2310,2940,2625,799
Maharashtra,Nashik,Kalwan,Rice,Basmati,FAQ,2026-08-02,2331,2966,2649,522
Maharashtra,Nashik,Kalwan,Rice,Swarna,FAQ,2026-08-01,2309,2938,2624,427
Maharashtra,Nashik,Kalwan,Rice,Basmati,FAQ,2026-07-31,2275,2896,2586,354
Maharashtra,Nashik,Kalwan,Rice,Swarna,FAQ,2026-07-30,2234,2843,2539,588
Maharashtra,Nashik,Kalwan,Rice,Basmati,FAQ,2026-07-29,2245,2858,2552,128
Maharashtra,Nashik,Kalwan,Rice,Swarna,FAQ,2026-07-28,2192,2791,2492,783
Maharashtra,Nashik,Kalwan,Potato,Jyoti,FAQ,2026-08-26,1211,1542,1377,550
Maharashtra,Nashik,Kalwan,Potato,Kufri,FAQ,2026-08-25,1249,1590,1420,723
Maharashtra,Nashik,Kalwan,Potato,Kufri,FAQ,2026-08-24,1269,1616,1443,164
Maharashtra,Nashik,Kalwan,Potato,Kufri,FAQ,2026-08-23,1295,1648,1472,294
Maharashtra,Nashik,Kalwan,Potato,Kufri,FAQ,2026-08-22,1349,1716,1533,183
Maharashtra,Nashik,Kalwan,Potato,Jyoti,FAQ,2026-08-21,1362,1733,1548,764
Maharashtra,Nashik,Kalwan,Potato,Kufri,FAQ,2026-08-20,1333,1696,1515,703
Maharashtra,Nashik,Kalwan,Potato,Kufri,FAQ,2026-08-19,1369,1742,1556,234
Maharashtra,Nashik,Kalwan,Potato,Jyoti,FAQ,2026-08-18,1353,1722,1538,604
Maharashtra,Nashik,Kalwan,Potato,Jyoti,FAQ,2026-08-17,1397,1778,1588,342
Maharashtra,Nashik,Kalwan,Potato,Jyoti,FAQ,2026-08-16,1405,1788,1597,402
Maharashtra,Nashik,Kalwan,Potato,Jyoti,FAQ,2026-08-15,1390,1769,1580,132
Maharashtra,Nashik,Kalwan,Potato,Jyoti,FAQ,2026-08-14,1428,1817,1623,590
Maharashtra,Nashik,Kalwan,Potato,Jyoti,FAQ,2026-08-13,1369,1742,1556,274
Maharashtra,Nashik,Kalwan,Potato,Jyoti,FAQ,2026-08-12,1423,1812,1618,196
Maharashtra,Nashik,Kalwan,Potato,Jyoti,FAQ,2026-08-11,1428,1817,1623,689
Maharashtra,Nashik,Kalwan,Potato,Jyoti,FAQ,2026-08-10,1403,1786,1595,573
Maharashtra,Nashik,Kalwan,Potato,Kufri,FAQ,2026-08-09,1426,1815,1621,121
Maharashtra,Nashik,Kalwan,Potato,Jyoti,FAQ,2026-08-08,1423,1812,1618,160
Maharashtra,Nashik,Kalwan,Potato,Kufri,FAQ,2026-08-07,1408,1792,1600,349
Maharashtra,Nashik,Kalwan,Potato,Kufri,FAQ,2026-08-06,1372,1747,1560,621
Maharashtra,Nashik,Kalwan,Potato,Jyoti,FAQ,2026-08-05,1366,1739,1553,384
Maharashtra,Nashik,Kalwan,Potato,Jyoti,FAQ,2026-08-04,1381,1758,1570,408
Maharashtra,Nashik,Kalwan,Potato,Jyoti,FAQ,2026-08-03,1350,1719,1535,563
Maharashtra,Nashik,Kalwan,Potato,Jyoti,FAQ,2026-08-02,1353,1722,1538,108
Maharashtra,Nashik,Kalwan,Potato,Jyoti,FAQ,2026-08-01,1312,1671,1492,556
Maharashtra,Nashik,Kalwan,Potato,Kufri,FAQ,2026-07-31,1287,1638,1463,540
Maharashtra,Nashik,Kalwan,Potato,Kufri,FAQ,2026-07-30,1303,1658,1481,297
Maharashtra,Nashik,Kalwan,Potato,Jyoti,FAQ,2026-07-29,1256,1599,1428,586
Maharashtra,Nashik,Kalwan,Potato,Kufri,FAQ,2026-07-28,1234,1571,1403,187
Maharashtra,Nashik,Kalwan,Soyabean,JS-335,FAQ,2026-08-26,3761,4786,4274,149
Maharashtra,Nashik,Kalwan,Soyabean,JS-335,FAQ,2026-08-25,3788,4821,4305,751
Maharashtra,Nashik,Kalwan,Soyabean,Yellow,FAQ,2026-08-24,3806,4845,4326,655
Maharashtra,Nashik,Kalwan,Soyabean,JS-335,FAQ,2026-08-23,3868,4923,4396,204
Maharashtra,Nashik,Kalwan,Soyabean,Yellow,FAQ,2026-08-22,3871,4926,4399,184
Maharashtra,Nashik,Kalwan,Soyabean,JS-335,FAQ,2026-08-21,3866,4921,4394,494
Maharashtra,Nashik,Kalwan,Soyabean,JS-335,FAQ,2026-08-20,3863,4916,4390,590
Maharashtra,Nashik,Kalwan,Soyabean,JS-335,FAQ,2026-08-19,3890,4951,4421,248
Maharashtra,Nashik,Kalwan,Soyabean,Yellow,FAQ,2026-08-18,3945,5020,4483,149
Maharashtra,Nashik,Kalwan,Soyabean,Yellow,FAQ,2026-08-17,3946,5023,4485,272
Maharashtra,Nashik,Kalwan,Soyabean,JS-335,FAQ,2026-08-16,3958,5037,4498,454
Maharashtra,Nashik,Kalwan,Soyabean,Yellow,FAQ,2026-08-15,3943,5018,4481,475
Maharashtra,Nashik,Kalwan,Soyabean,JS-335,FAQ,2026-08-14,3926,4997,4462,203
Maharashtra,Nashik,Kalwan,Soyabean,Yellow,FAQ,2026-08-13,3923,4994,4459,404
Maharashtra,Nashik,Kalwan,Soyabean,Yellow,FAQ,2026-08-12,3956,5035,4496,332
Maharashtra,Nashik,Kalwan,Soyabean,JS-335,FAQ,2026-08-11,3932,5005,4469,781
Maharashtra,Nashik,Kalwan,Soyabean,JS-335,FAQ,2026-08-10,3931,5004,4468,357
Maharashtra,Nashik,Kalwan,Soyabean,Yellow,FAQ,2026-08-09,3945,5020,4483,443
Maharashtra,Nashik,Kalwan,Soyabean,JS-335,FAQ,2026-08-08,3923,4994,4459,794
Maharashtra,Nashik,Kalwan,Soyabean,JS-335,FAQ,2026-08-07,3957,5036,4497,422
Maharashtra,Nashik,Kalwan,Soyabean,JS-335,FAQ,2026-08-06,3962,5043,4503,475
Maharashtra,Nashik,Kalwan,Soyabean,JS-335,FAQ,2026-08-05,3943,5018,4481,631
Maharashtra,Nashik,Kalwan,Soyabean,Yellow,FAQ,2026-08-04,3931,5004,4468,532
Maharashtra,Nashik,Kalwan,Soyabean,JS-335,FAQ,2026-08-03,3911,4978,4445,149
Maharashtra,Nashik,Kalwan,Soyabean,Yellow,FAQ,2026-08-02,3902,4967,4435,255
Maharashtra,Nashik,Kalwan,Soyabean,JS-335,FAQ,2026-08-01,3879,4936,4408,655
Maharashtra,Nashik,Kalwan,Soyabean,JS-335,FAQ,2026-07-31,3861,4914,4388,406
Maharashtra,Nashik,Kalwan,Soyabean,Yellow,FAQ,2026-07-30,3866,4921,4394,197
Maharashtra,Nashik,Kalwan,Soyabean,JS-335,FAQ,2026-07-29,3827,4870,4349,642
Maharashtra,Nashik,Kalwan,Soyabean,Yellow,FAQ,2026-07-28,3824,4867,4346,143
Maharashtra,Nashik,Kalwan,Maize,Hybrid,FAQ,2026-08-26,1657,2108,1883,758
Maharashtra,Nashik,Kalwan,Maize,Hybrid,FAQ,2026-08-25,1623,2066,1845,572
Maharashtra,Nashik,Kalwan,Maize,Yellow,FAQ,2026-08-24,1667,2122,1895,458
Maharashtra,Nashik,Kalwan,Maize,Yellow,FAQ,2026-08-23,1690,2151,1921,771
Maharashtra,Nashik,Kalwan,Maize,Hybrid,FAQ,2026-08-22,1701,2164,1933,649
Maharashtra,Nashik,Kalwan,Maize,Yellow,FAQ,2026-08-21,1724,2195,1960,789
Maharashtra,Nashik,Kalwan,Maize,Hybrid,FAQ,2026-08-20,1766,2247,2007,328
Maharashtra,Nashik,Kalwan,Maize,Hybrid,FAQ,2026-08-19,1759,2238,1999,629
Maharashtra,Nashik,Kalwan,Maize,Hybrid,FAQ,2026-08-18,1761,2242,2002,252
Maharashtra,Nashik,Kalwan,Maize,Yellow,FAQ,2026-08-17,1789,2276,2033,485
Maharashtra,Nashik,Kalwan,Maize,Yellow,FAQ,2026-08-16,1771,2254,2013,555
Maharashtra,Nashik,Kalwan,Maize,Yellow,FAQ,2026-08-15,1818,2315,2067,596
Maharashtra,Nashik,Kalwan,Maize,Yellow,FAQ,2026-08-14,1819,2316,2068,659
Maharashtra,Nashik,Kalwan,Maize,Hybrid,FAQ,2026-08-13,1810,2303,2057,787
Maharashtra,Nashik,Kalwan,Maize,Yellow,FAQ,2026-08-12,1833,2332,2083,539
Maharashtra,Nashik,Kalwan,Maize,Hybrid,FAQ,2026-08-11,1799,2290,2045,682
Maharashtra,Nashik,Kalwan,Maize,Yellow,FAQ,2026-08-10,1836,2337,2087,178
Maharashtra,Nashik,Kalwan,Maize,Hybrid,FAQ,2026-08-09,1804,2297,2051,212
Maharashtra,Nashik,Kalwan,Maize,Yellow,FAQ,2026-08-08,1768,2251,2010,146
Maharashtra,Nashik,Kalwan,Maize,Hybrid,FAQ,2026-08-07,1781,2266,2024,274
Maharashtra,Nashik,Kalwan,Maize,Hybrid,FAQ,2026-08-06,1780,2265,2023,412
Maharashtra,Nashik,Kalwan,Maize,Yellow,FAQ,2026-08-05,1808,2301,2055,277
Maharashtra,Nashik,Kalwan,Maize,Hybrid,FAQ,2026-08-04,1758,2237,1998,474
Maharashtra,Nashik,Kalwan,Maize,Yellow,FAQ,2026-08-03,1761,2242,2002,359
Maharashtra,Nashik,Kalwan,Maize,Yellow,FAQ,2026-08-02,1775,2260,2018,316
Maharashtra,Nashik,Kalwan,Maize,Yellow,FAQ,2026-08-01,1700,2163,1932,783
Maharashtra,Nashik,Kalwan,Maize,Hybrid,FAQ,2026-07-31,1675,2132,1904,755
Maharashtra,Nashik,Kalwan,Maize,Yellow,FAQ,2026-07-30,1666,2121,1894,421
Maharashtra,Nashik,Kalwan,Maize,Hybrid,FAQ,2026-07-29,1678,2135,1907,347
Maharashtra,Nashik,Kalwan,Maize,Yellow,FAQ,2026-07-28,1615,2056,1836,328
Maharashtra,Nashik,Kalwan,Cotton,Medium Staple,FAQ,2026-08-26,5737,7302,6520,184
Maharashtra,Nashik,Kalwan,Cotton,Medium Staple,FAQ,2026-08-25,5727,7290,6509,357
Maharashtra,Nashik,Kalwan,Cotton,Medium Staple,FAQ,2026-08-24,5728,7291,6510,604
Maharashtra,Nashik,Kalwan,Cotton,Medium Staple,FAQ,2026-08-23,5793,7372,6583,117
Maharashtra,Nashik,Kalwan,Cotton,Medium Staple,FAQ,2026-08-22,5815,7400,6608,770
Maharashtra,Nashik,Kalwan,Cotton,Medium Staple,FAQ,2026-08-21,5849,7444,6647,795
Maharashtra,Nashik,Kalwan,Cotton,Medium Staple,FAQ,2026-08-20,5821,7408,6615,418
Maharashtra,Nashik,Kalwan,Cotton,Medium Staple,FAQ,2026-08-19,5835,7426,6631,550
Maharashtra,Nashik,Kalwan,Cotton,Medium Staple,FAQ,2026-08-18,5890,7497,6694,437
Maharashtra,Nashik,Kalwan,Cotton,Medium Staple,FAQ,2026-08-17,5852,7449,6651,140
Maharashtra,Nashik,Kalwan,Cotton,Medium Staple,FAQ,2026-08-16,5886,7491,6689,119
Maharashtra,Nashik,Kalwan,Cotton,Medium Staple,FAQ,2026-08-15,5889,7496,6693,304
Maharashtra,Nashik,Kalwan,Cotton,Medium Staple,FAQ,2026-08-14,5890,7497,6694,500
Maharashtra,Nashik,Kalwan,Cotton,Medium Staple,FAQ,2026-08-13,5884,7489,6687,583
Maharashtra,Nashik,Kalwan,Cotton,Medium Staple,FAQ,2026-08-12,5925,7542,6734,162
Maharashtra,Nashik,Kalwan,Cotton,Medium Staple,FAQ,2026-08-11,5904,7515,6710,532
Maharashtra,Nashik,Kalwan,Cotton,Medium Staple,FAQ,2026-08-10,5918,7532,6725,577
Maharashtra,Nashik,Kalwan,Cotton,Medium Staple,FAQ,2026-08-09,5916,7529,6723,712
Maharashtra,Nashik,Kalwan,Cotton,Medium Staple,FAQ,2026-08-08,5869,7470,6670,261
Maharashtra,Nashik,Kalwan,Cotton,Medium Staple,FAQ,2026-08-07,5862,7461,6662,259
Maharashtra,Nashik,Kalwan,Cotton,Medium Staple,FAQ,2026-08-06,5874,7476,6675,318
Maharashtra,Nashik,Kalwan,Cotton,Medium Staple,FAQ,2026-08-05,5844,7439,6642,312
Maharashtra,Nashik,Kalwan,Cotton,Medium Staple,FAQ,2026-08-04,5865,7464,6665,554
Maharashtra,Nashik,Kalwan,Cotton,Medium Staple,FAQ,2026-08-03,5851,7446,6649,337
Maharashtra,Nashik,Kalwan,Cotton,Medium Staple,FAQ,2026-08-02,5821,7408,6615,313
Maharashtra,Nashik,Kalwan,Cotton,Medium Staple,FAQ,2026-08-01,5815,7402,6609,238
Maharashtra,Nashik,Kalwan,Cotton,Medium Staple,FAQ,2026-07-31,5830,7420,6625,429
Maharashtra,Nashik,Kalwan,Cotton,Medium Staple,FAQ,2026-07-30,5758,7329,6544,419
Maharashtra,Nashik,Kalwan,Cotton,Medium Staple,FAQ,2026-07-29,5732,7295,6514,594
Maharashtra,Nashik,Kalwan,Cotton,Medium Staple,FAQ,2026-07-28,5725,7286,6506,255
Maharashtra,Nashik,Kalwan,Sugarcane,Co-86032,FAQ,2026-08-26,264,336,300,394
Maharashtra,Nashik,Kalwan,Sugarcane,Co-86032,FAQ,2026-08-25,264,336,300,752
Maharashtra,Nashik,Kalwan,Sugarcane,Co-86032,FAQ,2026-08-24,264,336,300,754
Maharashtra,Nashik,Kalwan,Sugarcane,Co-86032,FAQ,2026-08-23,264,336,300,287
Maharashtra,Nashik,Kalwan,Sugarcane,Co-86032,FAQ,2026-08-22,277,352,315,303
Maharashtra,Nashik,Kalwan,Sugarcane,Co-86032,FAQ,2026-08-21,282,359,321,440
Maharashtra,Nashik,Kalwan,Sugarcane,Co-86032,FAQ,2026-08-20,302,385,344,278
Maharashtra,Nashik,Kalwan,Sugarcane,Co-86032,FAQ,2026-08-19,337,430,384,180
Maharashtra,Nashik,Kalwan,Sugarcane,Co-86032,FAQ,2026-08-18,336,427,382,496
Maharashtra,Nashik,Kalwan,Sugarcane,Co-86032,FAQ,2026-08-17,336,427,382,233
Maharashtra,Nashik,Kalwan,Sugarcane,Co-86032,FAQ,2026-08-16,374,476,425,143
Maharashtra,Nashik,Kalwan,Sugarcane,Co-86032,FAQ,2026-08-15,333,424,379,610
Maharashtra,Nashik,Kalwan,Sugarcane,Co-86032,FAQ,2026-08-14,374,476,425,747
Maharashtra,Nashik,Kalwan,Sugarcane,Co-86032,FAQ,2026-08-13,388,495,442,118
Maharashtra,Nashik,Kalwan,Sugarcane,Co-86032,FAQ,2026-08-12,344,439,392,264
Maharashtra,Nashik,Kalwan,Sugarcane,Co-86032,FAQ,2026-08-11,362,461,412,622
Maharashtra,Nashik,Kalwan,Sugarcane,Co-86032,FAQ,2026-08-10,384,489,437,590
Maharashtra,Nashik,Kalwan,Sugarcane,Co-86032,FAQ,2026-08-09,381,486,434,388
Maharashtra,Nashik,Kalwan,Sugarcane,Co-86032,FAQ,2026-08-08,348,443,396,738
Maharashtra,Nashik,Kalwan,Sugarcane,Co-86032,FAQ,2026-08-07,329,418,374,728
Maharashtra,Nashik,Kalwan,Sugarcane,Co-86032,FAQ,2026-08-06,374,476,425,731
Maharashtra,Nashik,Kalwan,Sugarcane,Co-86032,FAQ,2026-08-05,347,442,395,625
Maharashtra,Nashik,Kalwan,Sugarcane,Co-86032,FAQ,2026-08-04,297,378,338,263
Maharashtra,Nashik,Kalwan,Sugarcane,Co-86032,FAQ,2026-08-03,330,420,375,103
Maharashtra,Nashik,Kalwan,Sugarcane,Co-86032,FAQ,2026-08-02,285,362,324,303
Maharashtra,Nashik,Kalwan,Sugarcane,Co-86032,FAQ,2026-08-01,285,362,324,587
Maharashtra,Nashik,Kalwan,Sugarcane,Co-86032,FAQ,2026-07-31,267,340,304,354
Maharashtra,Nashik,Kalwan,Sugarcane,Co-86032,FAQ,2026-07-30,264,336,300,361
Maharashtra,Nashik,Kalwan,Sugarcane,Co-86032,FAQ,2026-07-29,264,336,300,332
Maharashtra,Nashik,Kalwan,Sugarcane,Co-86032,FAQ,2026-07-28,264,336,300,334
Maharashtra,Nashik,Kalwan,Mustard,Yellow,FAQ,2026-08-26,4742,6035,5389,158
Maharashtra,Nashik,Kalwan,Mustard,Yellow,FAQ,2026-08-25,4764,6063,5414,777
Maharashtra,Nashik,Kalwan,Mustard,Black,FAQ,2026-08-24,4770,6071,5421,675
Maharashtra,Nashik,Kalwan,Mustard,Black,FAQ,2026-08-23,4740,6033,5387,221
Maharashtra,Nashik,Kalwan,Mustard,Yellow,FAQ,2026-08-22,4780,6083,5432,625
Maharashtra,Nashik,Kalwan,Mustard,Black,FAQ,2026-08-21,4790,6097,5444,226
Maharashtra,Nashik,Kalwan,Mustard,Yellow,FAQ,2026-08-20,4802,6111,5457,792
Maharashtra,Nashik,Kalwan,Mustard,Black,FAQ,2026-08-19,4803,6114,5459,646
Maharashtra,Nashik,Kalwan,Mustard,Yellow,FAQ,2026-08-18,4852,6175,5514,411
Maharashtra,Nashik,Kalwan,Mustard,Black,FAQ,2026-08-17,4862,6189,5526,539
Maharashtra,Nashik,Kalwan,Mustard,Black,FAQ,2026-08-16,4840,6161,5501,503
Maharashtra,Nashik,Kalwan,Mustard,Black,FAQ,2026-08-15,4864,6191,5528,551
Maharashtra,Nashik,Kalwan,Mustard,Yellow,FAQ,2026-08-14,4890,6223,5557,511
Maharashtra,Nashik,Kalwan,Mustard,Yellow,FAQ,2026-08-13,4847,6168,5508,517
Maharashtra,Nashik,Kalwan,Mustard,Yellow,FAQ,2026-08-12,4914,6255,5585,719
Maharashtra,Nashik,Kalwan,Mustard,Black,FAQ,2026-08-11,4898,6235,5567,319
Maharashtra,Nashik,Kalwan,Mustard,Yellow,FAQ,2026-08-10,4851,6174,5513,690
Maharashtra,Nashik,Kalwan,Mustard,Yellow,FAQ,2026-08-09,4875,6204,5540,543
Maharashtra,Nashik,Kalwan,Mustard,Black,FAQ,2026-08-08,4867,6194,5531,157
Maharashtra,Nashik,Kalwan,Mustard,Black,FAQ,2026-08-07,4846,6167,5507,257
Maharashtra,Nashik,Kalwan,Mustard,Black,FAQ,2026-08-06,4879,6210,5545,253
Maharashtra,Nashik,Kalwan,Mustard,Black,FAQ,2026-08-05,4890,6223,5557,724
Maharashtra,Nashik,Kalwan,Mustard,Yellow,FAQ,2026-08-04,4841,6162,5502,456
Maharashtra,Nashik,Kalwan,Mustard,Yellow,FAQ,2026-08-03,4813,6126,5470,681
Maharashtra,Nashik,Kalwan,Mustard,Yellow,FAQ,2026-08-02,4818,6133,5476,669
Maharashtra,Nashik,Kalwan,Mustard,Yellow,FAQ,2026-08-01,4772,6073,5423,677
Maharashtra,Nashik,Kalwan,Mustard,Yellow,FAQ,2026-07-31,4794,6101,5448,633
Maharashtra,Nashik,Kalwan,Mustard,Black,FAQ,2026-07-30,4756,6053,5405,502
Maharashtra,Nashik,Kalwan,Mustard,Yellow,FAQ,2026-07-29,4746,6041,5394,760
Maharashtra,Nashik,Kalwan,Mustard,Black,FAQ,2026-07-28,4695,5976,5336,211
Maharashtra,Nashik,Kalwan,Grapes,Thompson Seedless,FAQ,2026-08-26,4327,5508,4918,552
Maharashtra,Nashik,Kalwan,Grapes,Thompson Seedless,FAQ,2026-08-25,4363,5552,4958,131
Maharashtra,Nashik,Kalwan,Grapes,Thompson Seedless,FAQ,2026-08-24,4363,5554,4959,689
Maharashtra,Nashik,Kalwan,Grapes,Thompson Seedless,FAQ,2026-08-23,4393,5592,4993,763
Maharashtra,Nashik,Kalwan,Grapes,Thompson Seedless,FAQ,2026-08-22,4375,5568,4972,372
Maharashtra,Nashik,Kalwan,Grapes,Thompson Seedless,FAQ,2026-08-21,4407,5610,5009,605
Maharashtra,Nashik,Kalwan,Grapes,Thompson Seedless,FAQ,2026-08-20,4449,5662,5056,549
Maharashtra,Nashik,Kalwan,Grapes,Thompson Seedless,FAQ,2026-08-19,4436,5645,5041,212
Maharashtra,Nashik,Kalwan,Grapes,Thompson Seedless,FAQ,2026-08-18,4444,5657,5051,665
Maharashtra,Nashik,Kalwan,Grapes,Thompson Seedless,FAQ,2026-08-17,4470,5689,5080,173
Maharashtra,Nashik,Kalwan,Grapes,Thompson Seedless,FAQ,2026-08-16,4464,5681,5073,121
Maharashtra,Nashik,Kalwan,Grapes,Thompson Seedless,FAQ,2026-08-15,4444,5656,5050,579
Maharashtra,Nashik,Kalwan,Grapes,Thompson Seedless,FAQ,2026-08-14,4469,5688,5079,660
Maharashtra,Nashik,Kalwan,Grapes,Thompson Seedless,FAQ,2026-08-13,4506,5735,5121,655
Maharashtra,Nashik,Kalwan,Grapes,Thompson Seedless,FAQ,2026-08-12,4490,5715,5103,573
Maharashtra,Nashik,Kalwan,Grapes,Thompson Seedless,FAQ,2026-08-11,4457,5672,5065,125
Maharashtra,Nashik,Kalwan,Grapes,Thompson Seedless,FAQ,2026-08-10,4482,5705,5094,756
Maharashtra,Nashik,Kalwan,Grapes,Thompson Seedless,FAQ,2026-08-09,4496,5723,5110,363
Maharashtra,Nashik,Kalwan,Grapes,Thompson Seedless,FAQ,2026-08-08,4450,5663,5057,334
Maharashtra,Nashik,Kalwan,Grapes,Thompson Seedless,FAQ,2026-08-07,4465,5682,5074,109
Maharashtra,Nashik,Kalwan,Grapes,Thompson Seedless,FAQ,2026-08-06,4467,5686,5077,654
Maharashtra,Nashik,Kalwan,Grapes,Thompson Seedless,FAQ,2026-08-05,4463,5680,5072,462
Maharashtra,Nashik,Kalwan,Grapes,Thompson Seedless,FAQ,2026-08-04,4440,5651,5046,332
Maharashtra,Nashik,Kalwan,Grapes,Thompson Seedless,FAQ,2026-08-03,4422,5628,5025,605
Maharashtra,Nashik,Kalwan,Grapes,Thompson Seedless,FAQ,2026-08-02,4455,5670,5063,716
Maharashtra,Nashik,Kalwan,Grapes,Thompson Seedless,FAQ,2026-08-01,4393,5592,4993,502
Maharashtra,Nashik,Kalwan,Grapes,Thompson Seedless,FAQ,2026-07-31,4370,5561,4966,495
Maharashtra,Nashik,Kalwan,Grapes,Thompson Seedless,FAQ,2026-07-30,4356,5545,4951,396
Maharashtra,Nashik,Kalwan,Grapes,Thompson Seedless,FAQ,2026-07-29,4364,5555,4960,220
Maharashtra,Nashik,Kalwan,Grapes,Thompson Seedless,FAQ,2026-07-28,4308,5483,4896,421
Maharashtra,Nashik,Kalwan,Pomegranate,Bhagwa,FAQ,2026-08-26,5647,7188,6418,368
Maharashtra,Nashik,Kalwan,Pomegranate,Bhagwa,FAQ,2026-08-25,5648,7189,6419,428
Maharashtra,Nashik,Kalwan,Pomegranate,Bhagwa,FAQ,2026-08-24,5651,7192,6422,428
Maharashtra,Nashik,Kalwan,Pomegranate,Bhagwa,FAQ,2026-08-23,5712,7271,6492,498
Maharashtra,Nashik,Kalwan,Pomegranate,Bhagwa,FAQ,2026-08-22,5701,7256,6479,412
Maharashtra,Nashik,Kalwan,Pomegranate,Bhagwa,FAQ,2026-08-21,5707,7264,6486,510
Maharashtra,Nashik,Kalwan,Pomegranate,Bhagwa,FAQ,2026-08-20,5757,7328,6543,532
Maharashtra,Nashik,Kalwan,Pomegranate,Bhagwa,FAQ,2026-08-19,5785,7362,6574,187
Maharashtra,Nashik,Kalwan,Pomegranate,Bhagwa,FAQ,2026-08-18,5778,7355,6567,682
Maharashtra,Nashik,Kalwan,Pomegranate,Bhagwa,FAQ,2026-08-17,5759,7330,6545,267
Maharashtra,Nashik,Kalwan,Pomegranate,Bhagwa,FAQ,2026-08-16,5784,7361,6573,687
Maharashtra,Nashik,Kalwan,Pomegranate,Bhagwa,FAQ,2026-08-15,5793,7374,6584,261
Maharashtra,Nashik,Kalwan,Pomegranate,Bhagwa,FAQ,2026-08-14,5780,7357,6569,123
Maharashtra,Nashik,Kalwan,Pomegranate,Bhagwa,FAQ,2026-08-13,5800,7383,6592,228
Maharashtra,Nashik,Kalwan,Pomegranate,Bhagwa,FAQ,2026-08-12,5776,7351,6564,245
Maharashtra,Nashik,Kalwan,Pomegranate,Bhagwa,FAQ,2026-08-11,5837,7428,6633,251
Maharashtra,Nashik,Kalwan,Pomegranate,Bhagwa,FAQ,2026-08-10,5778,7355,6567,365
Maharashtra,Nashik,Kalwan,Pomegranate,Bhagwa,FAQ,2026-08-09,5825,7414,6620,603
Maharashtra,Nashik,Kalwan,Pomegranate,Bhagwa,FAQ,2026-08-08,5832,7423,6628,302
Maharashtra,Nashik,Kalwan,Pomegranate,Bhagwa,FAQ,2026-08-07,5807,7390,6599,409
Maharashtra,Nashik,Kalwan,Pomegranate,Bhagwa,FAQ,2026-08-06,5777,7352,6565,159
Maharashtra,Nashik,Kalwan,Pomegranate,Bhagwa,FAQ,2026-08-05,5770,7343,6557,140
Maharashtra,Nashik,Kalwan,Pomegranate,Bhagwa,FAQ,2026-08-04,5746,7313,6530,188
Maharashtra,Nashik,Kalwan,Pomegranate,Bhagwa,FAQ,2026-08-03,5727,7290,6509,664
Maharashtra,Nashik,Kalwan,Pomegranate,Bhagwa,FAQ,2026-08-02,5771,7344,6558,229
Maharashtra,Nashik,Kalwan,Pomegranate,Bhagwa,FAQ,2026-08-01,5727,7290,6509,395
Maharashtra,Nashik,Kalwan,Pomegranate,Bhagwa,FAQ,2026-07-31,5733,7296,6515,108
Maharashtra,Nashik,Kalwan,Pomegranate,Bhagwa,FAQ,2026-07-30,5729,7292,6511,692
Maharashtra,Nashik,Kalwan,Pomegranate,Bhagwa,FAQ,2026-07-29,5676,7224,6450,770
Maharashtra,Nashik,Kalwan,Pomegranate,Bhagwa,FAQ,2026-07-28,5658,7201,6430,353
Maharashtra,Nashik,Yeola,Tomato,Local,FAQ,2026-08-26,1848,2352,2100,161
Maharashtra,Nashik,Yeola,Tomato,Hybrid,FAQ,2026-08-25,1840,2341,2091,207
Maharashtra,Nashik,Yeola,Tomato,Vaishali,FAQ,2026-08-24,1860,2367,2114,759
Maharashtra,Nashik,Yeola,Tomato,Hybrid,FAQ,2026-08-23,1936,2464,2200,669
Maharashtra,Nashik,Yeola,Tomato,Vaishali,FAQ,2026-08-22,1963,2498,2231,120
Maharashtra,Nashik,Yeola,Tomato,Local,FAQ,2026-08-21,1980,2520,2250,781
Maharashtra,Nashik,Yeola,Tomato,Local,FAQ,2026-08-20,1987,2528,2258,202
Maharashtra,Nashik,Yeola,Tomato,Local,FAQ,2026-08-19,1965,2500,2233,522
Maharashtra,Nashik,Yeola,Tomato,Hybrid,FAQ,2026-08-18,2014,2563,2289,778
Maharashtra,Nashik,Yeola,Tomato,Hybrid,FAQ,2026-08-17,1989,2532,2261,389
Maharashtra,Nashik,Yeola,Tomato,Vaishali,FAQ,2026-08-16,2033,2588,2311,235
Maharashtra,Nashik,Yeola,Tomato,Local,FAQ,2026-08-15,1997,2542,2270,401
Maharashtra,Nashik,Yeola,Tomato,Hybrid,FAQ,2026-08-14,1986,2527,2257,355
Maharashtra,Nashik,Yeola,Tomato,Vaishali,FAQ,2026-08-13,2030,2583,2307,173
Maharashtra,Nashik,Yeola,Tomato,Hybrid,FAQ,2026-08-12,2037,2592,2315,273
Maharashtra,Nashik,Yeola,Tomato,Vaishali,FAQ,2026-08-11,2014,2563,2289,231
Maharashtra,Nashik,Yeola,Tomato,Local,FAQ,2026-08-10,1998,2543,2271,254
Maharashtra,Nashik,Yeola,Tomato,Hybrid,FAQ,2026-08-09,2046,2604,2325,642
Maharashtra,Nashik,Yeola,Tomato,Vaishali,FAQ,2026-08-08,2049,2608,2329,298
Maharashtra,Nashik,Yeola,Tomato,Hybrid,FAQ,2026-08-07,2009,2556,2283,599
Maharashtra,Nashik,Yeola,Tomato,Vaishali,FAQ,2026-08-06,1974,2513,2244,315
Maharashtra,Nashik,Yeola,Tomato,Vaishali,FAQ,2026-08-05,1997,2542,2270,196
Maharashtra,Nashik,Yeola,Tomato,Vaishali,FAQ,2026-08-04,1978,2517,2248,557
Maharashtra,Nashik,Yeola,Tomato,Local,FAQ,2026-08-03,1978,2517,2248,747
Maharashtra,Nashik,Yeola,Tomato,Hybrid,FAQ,2026-08-02,1973,2512,2243,558
Maharashtra,Nashik,Yeola,Tomato,Hybrid,FAQ,2026-08-01,1913,2434,2174,464
Maharashtra,Nashik,Yeola,Tomato,Hybrid,FAQ,2026-07-31,1924,2449,2187,540
Maharashtra,Nashik,Yeola,Tomato,Local,FAQ,2026-07-30,1941,2470,2206,765
Maharashtra,Nashik,Yeola,Tomato,Local,FAQ,2026-07-29,1864,2373,2119,317
Maharashtra,Nashik,Yeola,Tomato,Hybrid,FAQ,2026-07-28,1854,2359,2107,446
Maharashtra,Nashik,Yeola,Onion,Red,FAQ,2026-08-26,1508,1919,1714,368
Maharashtra,Nashik,Yeola,Onion,White,FAQ,2026-08-25,1556,1981,1769,783
Maharashtra,Nashik,Yeola,Onion,White,FAQ,2026-08-24,1565,1992,1779,320
Maharashtra,Nashik,Yeola,Onion,White,FAQ,2026-08-23,1593,2028,1811,621
Maharashtra,Nashik,Yeola,Onion,Garwa,FAQ,2026-08-22,1642,2091,1867,493
Maharashtra,Nashik,Yeola,Onion,Garwa,FAQ,2026-08-21,1650,2101,1876,657
Maharashtra,Nashik,Yeola,Onion,Red,FAQ,2026-08-20,1649,2098,1874,150
Maharashtra,Nashik,Yeola,Onion,Red,FAQ,2026-08-19,1656,2107,1882,581
Maharashtra,Nashik,Yeola,Onion,Garwa,FAQ,2026-08-18,1650,2100,1875,167
Maharashtra,Nashik,Yeola,Onion,Garwa,FAQ,2026-08-17,1662,2115,1889,739
Maharashtra,Nashik,Yeola,Onion,Red,FAQ,2026-08-16,1694,2157,1926,405
Maharashtra,Nashik,Yeola,Onion,White,FAQ,2026-08-15,1736,2209,1973,289
Maharashtra,Nashik,Yeola,Onion,White,FAQ,2026-08-14,1700,2163,1932,638
Maharashtra,Nashik,Yeola,Onion,Garwa,FAQ,2026-08-13,1685,2144,1915,362
Maharashtra,Nashik,Yeola,Onion,Red,FAQ,2026-08-12,1686,2145,1916,361
Maharashtra,Nashik,Yeola,Onion,Garwa,FAQ,2026-08-11,1736,2209,1973,123
Maharashtra,Nashik,Yeola,Onion,White,FAQ,2026-08-10,1682,2141,1912,769
Maharashtra,Nashik,Yeola,Onion,Red,FAQ,2026-08-09,1730,2201,1966,723
Maharashtra,Nashik,Yeola,Onion,White,FAQ,2026-08-08,1742,2217,1980,346
Maharashtra,Nashik,Yeola,Onion,Red,FAQ,2026-08-07,1694,2156,1925,233
Maharashtra,Nashik,Yeola,Onion,White,FAQ,2026-08-06,1694,2156,1925,602
Maharashtra,Nashik,Yeola,Onion,White,FAQ,2026-08-05,1654,2105,1880,236
Maharashtra,Nashik,Yeola,Onion,Red,FAQ,2026-08-04,1651,2102,1877,680
Maharashtra,Nashik,Yeola,Onion,Garwa,FAQ,2026-08-03,1685,2144,1915,492
Maharashtra,Nashik,Yeola,Onion,White,FAQ,2026-08-02,1673,2130,1902,402
Maharashtra,Nashik,Yeola,Onion,Red,FAQ,2026-08-01,1663,2116,1890,715
Maharashtra,Nashik,Yeola,Onion,Red,FAQ,2026-07-31,1634,2079,1857,545
Maharashtra,Nashik,Yeola,Onion,White,FAQ,2026-07-30,1638,2085,1862,540
Maharashtra,Nashik,Yeola,Onion,Garwa,FAQ,2026-07-29,1567,1994,1781,336
Maharashtra,Nashik,Yeola,Onion,White,FAQ,2026-07-28,1596,2031,1814,398
Maharashtra,Nashik,Yeola,Wheat,Sharbati,FAQ,2026-08-26,2069,2634,2352,162
Maharashtra,Nashik,Yeola,Wheat,FAQ,FAQ,2026-08-25,2103,2676,2390,602
Maharashtra,Nashik,Yeola,Wheat,Sharbati,FAQ,2026-08-24,2085,2654,2370,251
Maharashtra,Nashik,Yeola,Wheat,Lok-1,FAQ,2026-08-23,2096,2667,2382,583
Maharashtra,Nashik,Yeola,Wheat,Sharbati,FAQ,2026-08-22,2139,2722,2431,608
Maharashtra,Nashik,Yeola,Wheat,Lok-1,FAQ,2026-08-21,2143,2728,2436,554
Maharashtra,Nashik,Yeola,Wheat,FAQ,FAQ,2026-08-20,2179,2774,2477,797
Maharashtra,Nashik,Yeola,Wheat,Sharbati,FAQ,2026-08-19,2160,2749,2455,731
Maharashtra,Nashik,Yeola,Wheat,Lok-1,FAQ,2026-08-18,2177,2770,2474,772
Maharashtra,Nashik,Yeola,Wheat,Sharbati,FAQ,2026-08-17,2221,2826,2524,416
Maharashtra,Nashik,Yeola,Wheat,Lok-1,FAQ,2026-08-16,2206,2807,2507,790
Maharashtra,Nashik,Yeola,Wheat,Lok-1,FAQ,2026-08-15,2215,2820,2518,129
Maharashtra,Nashik,Yeola,Wheat,Lok-1,FAQ,2026-08-14,2257,2872,2565,447
Maharashtra,Nashik,Yeola,Wheat,Lok-1,FAQ,2026-08-13,2270,2889,2580,608
Maharashtra,Nashik,Yeola,Wheat,Lok-1,FAQ,2026-08-12,2240,2851,2546,642
Maharashtra,Nashik,Yeola,Wheat,FAQ,FAQ,2026-08-11,2214,2817,2516,687
Maharashtra,Nashik,Yeola,Wheat,FAQ,FAQ,2026-08-10,2262,2879,2571,775
Maharashtra,Nashik,Yeola,Wheat,FAQ,FAQ,2026-08-09,2207,2808,2508,760
Maharashtra,Nashik,Yeola,Wheat,FAQ,FAQ,2026-08-08,2218,2823,2521,257
Maharashtra,Nashik,Yeola,Wheat,Sharbati,FAQ,2026-08-07,2217,2822,2520,472
Maharashtra,Nashik,Yeola,Wheat,FAQ,FAQ,2026-08-06,2193,2792,2493,378
Maharashtra,Nashik,Yeola,Wheat,Lok-1,FAQ,2026-08-05,2202,2803,2503,515
Maharashtra,Nashik,Yeola,Wheat,FAQ,FAQ,2026-08-04,2231,2840,2536,545
Maharashtra,Nashik,Yeola,Wheat,Lok-1,FAQ,2026-08-03,2180,2775,2478,560
Maharashtra,Nashik,Yeola,Wheat,Sharbati,FAQ,2026-08-02,2187,2784,2486,437
Maharashtra,Nashik,Yeola,Wheat,Sharbati,FAQ,2026-08-01,2191,2788,2490,590
Maharashtra,Nashik,Yeola,Wheat,FAQ,FAQ,2026-07-31,2185,2780,2483,634
Maharashtra,Nashik,Yeola,Wheat,Sharbati,FAQ,2026-07-30,2113,2690,2402,397
Maharashtra,Nashik,Yeola,Wheat,Lok-1,FAQ,2026-07-29,2078,2645,2362,431
Maharashtra,Nashik,Yeola,Wheat,Sharbati,FAQ,2026-07-28,2114,2691,2403,759
Maharashtra,Nashik,Yeola,Rice,Swarna,FAQ,2026-08-26,2183,2778,2481,387
Maharashtra,Nashik,Yeola,Rice,Swarna,FAQ,2026-08-25,2236,2847,2542,771
Maharashtra,Nashik,Yeola,Rice,Swarna,FAQ,2026-08-24,2260,2877,2569,538
Maharashtra,Nashik,Yeola,Rice,Paddy(Dpr),FAQ,2026-08-23,2231,2840,2536,145
Maharashtra,Nashik,Yeola,Rice,Basmati,FAQ,2026-08-22,2300,2927,2614,406
Maharashtra,Nashik,Yeola,Rice,Basmati,FAQ,2026-08-21,2311,2942,2627,256
Maharashtra,Nashik,Yeola,Rice,Paddy(Dpr),FAQ,2026-08-20,2287,2910,2599,732
Maharashtra,Nashik,Yeola,Rice,Paddy(Dpr),FAQ,2026-08-19,2360,3003,2682,790
Maharashtra,Nashik,Yeola,Rice,Swarna,FAQ,2026-08-18,2307,2936,2622,242
Maharashtra,Nashik,Yeola,Rice,Swarna,FAQ,2026-08-17,2374,3021,2698,326
Maharashtra,Nashik,Yeola,Rice,Swarna,FAQ,2026-08-16,2373,3020,2697,745
Maharashtra,Nashik,Yeola,Rice,Basmati,FAQ,2026-08-15,2397,3050,2724,610
Maharashtra,Nashik,Yeola,Rice,Paddy(Dpr),FAQ,2026-08-14,2390,3043,2717,306
Maharashtra,Nashik,Yeola,Rice,Paddy(Dpr),FAQ,2026-08-13,2402,3057,2730,581
Maharashtra,Nashik,Yeola,Rice,Basmati,FAQ,2026-08-12,2393,3046,2720,447
Maharashtra,Nashik,Yeola,Rice,Paddy(Dpr),FAQ,2026-08-11,2374,3021,2698,777
Maharashtra,Nashik,Yeola,Rice,Basmati,FAQ,2026-08-10,2399,3054,2727,310
Maharashtra,Nashik,Yeola,Rice,Paddy(Dpr),FAQ,2026-08-09,2358,3001,2680,118
Maharashtra,Nashik,Yeola,Rice,Basmati,FAQ,2026-08-08,2342,2981,2662,238
Maharashtra,Nashik,Yeola,Rice,Swarna,FAQ,2026-08-07,2337,2974,2656,626
Maharashtra,Nashik,Yeola,Rice,Paddy(Dpr),FAQ,2026-08-06,2378,3027,2703,557
Maharashtra,Nashik,Yeola,Rice,Paddy(Dpr),FAQ,2026-08-05,2355,2998,2677,750
Maharashtra,Nashik,Yeola,Rice,Paddy(Dpr),FAQ,2026-08-04,2352,2993,2673,117
Maharashtra,Nashik,Yeola,Rice,Paddy(Dpr),FAQ,2026-08-03,2299,2926,2613,430
Maharashtra,Nashik,Yeola,Rice,Paddy(Dpr),FAQ,2026-08-02,2314,2945,2630,792
Maharashtra,Nashik,Yeola,Rice,Paddy(Dpr),FAQ,2026-08-01,2271,2890,2581,763
Maharashtra,Nashik,Yeola,Rice,Basmati,FAQ,2026-07-31,2290,2915,2603,180
Maharashtra,Nashik,Yeola,Rice,Basmati,FAQ,2026-07-30,2273,2894,2584,357
Maharashtra,Nashik,Yeola,Rice,Basmati,FAQ,2026-07-29,2240,2851,2546,532
Maharashtra,Nashik,Yeola,Rice,Swarna,FAQ,2026-07-28,2207,2810,2509,318
Maharashtra,Nashik,Yeola,Potato,Jyoti,FAQ,2026-08-26,1250,1591,1421,474
Maharashtra,Nashik,Yeola,Potato,Jyoti,FAQ,2026-08-25,1243,1582,1413,284
Maharashtra,Nashik,Yeola,Potato,Kufri,FAQ,2026-08-24,1270,1617,1444,727
Maharashtra,Nashik,Yeola,Potato,Jyoti,FAQ,2026-08-23,1273,1620,1447,255
Maharashtra,Nashik,Yeola,Potato,Jyoti,FAQ,2026-08-22,1286,1637,1462,186
Maharashtra,Nashik,Yeola,Potato,Kufri,FAQ,2026-08-21,1360,1731,1546,185
Maharashtra,Nashik,Yeola,Potato,Kufri,FAQ,2026-08-20,1374,1749,1562,149
Maharashtra,Nashik,Yeola,Potato,Kufri,FAQ,2026-08-19,1378,1753,1566,549
Maharashtra,Nashik,Yeola,Potato,Kufri,FAQ,2026-08-18,1374,1749,1562,339
Maharashtra,Nashik,Yeola,Potato,Jyoti,FAQ,2026-08-17,1411,1796,1604,408
Maharashtra,Nashik,Yeola,Potato,Jyoti,FAQ,2026-08-16,1354,1723,1539,451
Maharashtra,Nashik,Yeola,Potato,Kufri,FAQ,2026-08-15,1374,1749,1562,629
Maharashtra,Nashik,Yeola,Potato,Kufri,FAQ,2026-08-14,1413,1798,1606,476
Maharashtra,Nashik,Yeola,Potato,Kufri,FAQ,2026-08-13,1391,1770,1581,413
Maharashtra,Nashik,Yeola,Potato,Kufri,FAQ,2026-08-12,1407,1790,1599,177
Maharashtra,Nashik,Yeola,Potato,Kufri,FAQ,2026-08-11,1438,1831,1635,317
Maharashtra,Nashik,Yeola,Potato,Jyoti,FAQ,2026-08-10,1417,1804,1611,670
Maharashtra,Nashik,Yeola,Potato,Jyoti,FAQ,2026-08-09,1391,1770,1581,500
Maharashtra,Nashik,Yeola,Potato,Kufri,FAQ,2026-08-08,1367,1740,1554,536
Maharashtra,Nashik,Yeola,Potato,Jyoti,FAQ,2026-08-07,1411,1796,1604,372
Maharashtra,Nashik,Yeola,Potato,Kufri,FAQ,2026-08-06,1400,1781,1591,726
Maharashtra,Nashik,Yeola,Potato,Jyoti,FAQ,2026-08-05,1357,1728,1543,577
Maharashtra,Nashik,Yeola,Potato,Kufri,FAQ,2026-08-04,1381,1758,1570,720
Maharashtra,Nashik,Yeola,Potato,Jyoti,FAQ,2026-08-03,1328,1691,1510,485
Maharashtra,Nashik,Yeola,Potato,Kufri,FAQ,2026-08-02,1317,1676,1497,428
Maharashtra,Nashik,Yeola,Potato,Jyoti,FAQ,2026-08-01,1311,1668,1490,719
Maharashtra,Nashik,Yeola,Potato,Kufri,FAQ,2026-07-31,1312,1671,1492,213
Maharashtra,Nashik,Yeola,Potato,Jyoti,FAQ,2026-07-30,1277,1626,1452,228
Maharashtra,Nashik,Yeola,Potato,Jyoti,FAQ,2026-07-29,1267,1612,1440,719
Maharashtra,Nashik,Yeola,Potato,Kufri,FAQ,2026-07-28,1237,1574,1406,123
Maharashtra,Nashik,Yeola,Soyabean,JS-335,FAQ,2026-08-26,3818,4859,4339,671
Maharashtra,Nashik,Yeola,Soyabean,Yellow,FAQ,2026-08-25,3838,4885,4362,592
Maharashtra,Nashik,Yeola,Soyabean,JS-335,FAQ,2026-08-24,3846,4895,4371,382
Maharashtra,Nashik,Yeola,Soyabean,JS-335,FAQ,2026-08-23,3854,4905,4380,774
Maharashtra,Nashik,Yeola,Soyabean,Yellow,FAQ,2026-08-22,3836,4883,4360,421
Maharashtra,Nashik,Yeola,Soyabean,Yellow,FAQ,2026-08-21,3866,4921,4394,478
Maharashtra,Nashik,Yeola,Soyabean,JS-335,FAQ,2026-08-20,3903,4968,4436,758
Maharashtra,Nashik,Yeola,Soyabean,JS-335,FAQ,2026-08-19,3926,4997,4462,567
Maharashtra,Nashik,Yeola,Soyabean,JS-335,FAQ,2026-08-18,3887,4948,4418,124
Maharashtra,Nashik,Yeola,Soyabean,Yellow,FAQ,2026-08-17,3964,5045,4505,491
Maharashtra,Nashik,Yeola,Soyabean,Yellow,FAQ,2026-08-16,3919,4988,4454,397
Maharashtra,Nashik,Yeola,Soyabean,Yellow,FAQ,2026-08-15,3967,5048,4508,342
Maharashtra,Nashik,Yeola,Soyabean,Yellow,FAQ,2026-08-14,3931,5004,4468,439
Maharashtra,Nashik,Yeola,Soyabean,JS-335,FAQ,2026-08-13,3989,5078,4534,479
Maharashtra,Nashik,Yeola,Soyabean,Yellow,FAQ,2026-08-12,3927,4998,4463,758
Maharashtra,Nashik,Yeola,Soyabean,Yellow,FAQ,2026-08-11,3987,5074,4531,695
Maharashtra,Nashik,Yeola,Soyabean,Yellow,FAQ,2026-08-10,3991,5080,4536,576
Maharashtra,Nashik,Yeola,Soyabean,JS-335,FAQ,2026-08-09,3940,5015,4478,362
Maharashtra,Nashik,Yeola,Soyabean,JS-335,FAQ,2026-08-08,3939,5014,4477,131
Maharashtra,Nashik,Yeola,Soyabean,Yellow,FAQ,2026-08-07,3937,5010,4474,371
Maharashtra,Nashik,Yeola,Soyabean,Yellow,FAQ,2026-08-06,3910,4977,4444,431
Maharashtra,Nashik,Yeola,Soyabean,Yellow,FAQ,2026-08-05,3908,4973,4441,130
Maharashtra,Nashik,Yeola,Soyabean,JS-335,FAQ,2026-08-04,3947,5024,4486,240
Maharashtra,Nashik,Yeola,Soyabean,JS-335,FAQ,2026-08-03,3889,4950,4420,736
Maharashtra,Nashik,Yeola,Soyabean,Yellow,FAQ,2026-08-02,3916,4984,4450,426
Maharashtra,Nashik,Yeola,Soyabean,JS-335,FAQ,2026-08-01,3906,4971,4439,306
Maharashtra,Nashik,Yeola,Soyabean,JS-335,FAQ,2026-07-31,3868,4923,4396,427
Maharashtra,Nashik,Yeola,Soyabean,Yellow,FAQ,2026-07-30,3835,4880,4358,680
Maharashtra,Nashik,Yeola,Soyabean,Yellow,FAQ,2026-07-29,3855,4906,4381,145
Maharashtra,Nashik,Yeola,Soyabean,Yellow,FAQ,2026-07-28,3832,4877,4355,310
Maharashtra,Nashik,Yeola,Maize,Hybrid,FAQ,2026-08-26,1637,2084,1861,552
Maharashtra,Nashik,Yeola,Maize,Hybrid,FAQ,2026-08-25,1661,2114,1888,287
Maharashtra,Nashik,Yeola,Maize,Hybrid,FAQ,2026-08-24,1676,2133,1905,621
Maharashtra,Nashik,Yeola,Maize,Yellow,FAQ,2026-08-23,1664,2117,1891,392
Maharashtra,Nashik,Yeola,Maize,Yellow,FAQ,2026-08-22,1705,2170,1938,258
Maharashtra,Nashik,Yeola,Maize,Hybrid,FAQ,2026-08-21,1706,2171,1939,625
Maharashtra,Nashik,Yeola,Maize,Hybrid,FAQ,2026-08-20,1737,2210,1974,764
Maharashtra,Nashik,Yeola,Maize,Yellow,FAQ,2026-08-19,1719,2188,1954,613
Maharashtra,Nashik,Yeola,Maize,Hybrid,FAQ,2026-08-18,1764,2245,2005,407
Maharashtra,Nashik,Yeola,Maize,Yellow,FAQ,2026-08-17,1775,2260,2018,100
Maharashtra,Nashik,Yeola,Maize,Hybrid,FAQ,2026-08-16,1810,2303,2057,409
Maharashtra,Nashik,Yeola,Maize,Yellow,FAQ,2026-08-15,1759,2238,1999,493
Maharashtra,Nashik,Yeola,Maize,Hybrid,FAQ,2026-08-14,1794,2283,2039,291
Maharashtra,Nashik,Yeola,Maize,Hybrid,FAQ,2026-08-13,1765,2246,2006,480
Maharashtra,Nashik,Yeola,Maize,Yellow,FAQ,2026-08-12,1795,2284,2040,291
Maharashtra,Nashik,Yeola,Maize,Hybrid,FAQ,2026-08-11,1796,2285,2041,282
Maharashtra,Nashik,Yeola,Maize,Yellow,FAQ,2026-08-10,1821,2318,2070,458
Maharashtra,Nashik,Yeola,Maize,Hybrid,FAQ,2026-08-09,1800,2291,2046,607
Maharashtra,Nashik,Yeola,Maize,Yellow,FAQ,2026-08-08,1798,2289,2044,655
Maharashtra,Nashik,Yeola,Maize,Yellow,FAQ,2026-08-07,1759,2238,1999,638
Maharashtra,Nashik,Yeola,Maize,Hybrid,FAQ,2026-08-06,1758,2237,1998,245
Maharashtra,Nashik,Yeola,Maize,Hybrid,FAQ,2026-08-05,1753,2232,1993,173
Maharashtra,Nashik,Yeola,Maize,Hybrid,FAQ,2026-08-04,1774,2259,2017,709
Maharashtra,Nashik,Yeola,Maize,Hybrid,FAQ,2026-08-03,1765,2246,2006,748
Maharashtra,Nashik,Yeola,Maize,Hybrid,FAQ,2026-08-02,1756,2235,1996,559
Maharashtra,Nashik,Yeola,Maize,Hybrid,FAQ,2026-08-01,1723,2192,1958,198
Maharashtra,Nashik,Yeola,Maize,Hybrid,FAQ,2026-07-31,1686,2147,1917,319
Maharashtra,Nashik,Yeola,Maize,Hybrid,FAQ,2026-07-30,1709,2176,1943,486
Maharashtra,Nashik,Yeola,Maize,Hybrid,FAQ,2026-07-29,1693,2154,1924,673
Maharashtra,Nashik,Yeola,Maize,Hybrid,FAQ,2026-07-28,1650,2100,1875,588
Maharashtra,Nashik,Yeola,Cotton,Medium Staple,FAQ,2026-08-26,5736,7301,6519,349
Maharashtra,Nashik,Yeola,Cotton,Medium Staple,FAQ,2026-08-25,5734,7297,6516,114
Maharashtra,Nashik,Yeola,Cotton,Medium Staple,FAQ,2026-08-24,5733,7296,6515,147
Maharashtra,Nashik,Yeola,Cotton,Medium Staple,FAQ,2026-08-23,5763,7334,6549,475
Maharashtra,Nashik,Yeola,Cotton,Medium Staple,FAQ,2026-08-22,5808,7392,6600,528
Maharashtra,Nashik,Yeola,Cotton,Medium Staple,FAQ,2026-08-21,5787,7366,6577,121
Maharashtra,Nashik,Yeola,Cotton,Medium Staple,FAQ,2026-08-20,5860,7459,6660,378
Maharashtra,Nashik,Yeola,Cotton,Medium Staple,FAQ,2026-08-19,5877,7480,6679,444
Maharashtra,Nashik,Yeola,Cotton,Medium Staple,FAQ,2026-08-18,5828,7417,6623,574
Maharashtra,Nashik,Yeola,Cotton,Medium Staple,FAQ,2026-08-17,5891,7498,6695,596
Maharashtra,Nashik,Yeola,Cotton,Medium Staple,FAQ,2026-08-16,5861,7460,6661,600
Maharashtra,Nashik,Yeola,Cotton,Medium Staple,FAQ,2026-08-15,5918,7532,6725,668
Maharashtra,Nashik,Yeola,Cotton,Medium Staple,FAQ,2026-08-14,5912,7525,6719,367
Maharashtra,Nashik,Yeola,Cotton,Medium Staple,FAQ,2026-08-13,5887,7492,6690,356
Maharashtra,Nashik,Yeola,Cotton,Medium Staple,FAQ,2026-08-12,5877,7480,6679,283
Maharashtra,Nashik,Yeola,Cotton,Medium Staple,FAQ,2026-08-11,5918,7532,6725,463
Maharashtra,Nashik,Yeola,Cotton,Medium Staple,FAQ,2026-08-10,5871,7472,6672,658
Maharashtra,Nashik,Yeola,Cotton,Medium Staple,FAQ,2026-08-09,5914,7527,6721,580
Maharashtra,Nashik,Yeola,Cotton,Medium Staple,FAQ,2026-08-08,5861,7460,6661,772
Maharashtra,Nashik,Yeola,Cotton,Medium Staple,FAQ,2026-08-07,5900,7509,6705,199
Maharashtra,Nashik,Yeola,Cotton,Medium Staple,FAQ,2026-08-06,5848,7443,6646,445
Maharashtra,Nashik,Yeola,Cotton,Medium Staple,FAQ,2026-08-05,5890,7497,6694,167
Maharashtra,Nashik,Yeola,Cotton,Medium Staple,FAQ,2026-08-04,5870,7471,6671,747
Maharashtra,Nashik,Yeola,Cotton,Medium Staple,FAQ,2026-08-03,5850,7445,6648,620
Maharashtra,Nashik,Yeola,Cotton,Medium Staple,FAQ,2026-08-02,5832,7423,6628,384
Maharashtra,Nashik,Yeola,Cotton,Medium Staple,FAQ,2026-08-01,5840,7433,6637,521
Maharashtra,Nashik,Yeola,Cotton,Medium Staple,FAQ,2026-07-31,5767,7340,6554,475
Maharashtra,Nashik,Yeola,Cotton,Medium Staple,FAQ,2026-07-30,5816,7403,6610,512
Maharashtra,Nashik,Yeola,Cotton,Medium Staple,FAQ,2026-07-29,5763,7334,6549,600
Maharashtra,Nashik,Yeola,Cotton,Medium Staple,FAQ,2026-07-28,5711,7268,6490,745
Maharashtra,Nashik,Yeola,Sugarcane,Co-86032,FAQ,2026-08-26,264,336,300,286
Maharashtra,Nashik,Yeola,Sugarcane,Co-86032,FAQ,2026-08-25,264,336,300,181
Maharashtra,Nashik,Yeola,Sugarcane,Co-86032,FAQ,2026-08-24,264,336,300,122
Maharashtra,Nashik,Yeola,Sugarcane,Co-86032,FAQ,2026-08-23,264,336,300,316
Maharashtra,Nashik,Yeola,Sugarcane,Co-86032,FAQ,2026-08-22,279,356,318,683
Maharashtra,Nashik,Yeola,Sugarcane,Co-86032,FAQ,2026-08-21,313,398,356,711
Maharashtra,Nashik,Yeola,Sugarcane,Co-86032,FAQ,2026-08-20,332,423,378,525
Maharashtra,Nashik,Yeola,Sugarcane,Co-86032,FAQ,2026-08-19,330,420,375,214
Maharashtra,Nashik,Yeola,Sugarcane,Co-86032,FAQ,2026-08-18,340,433,387,626
Maharashtra,Nashik,Yeola,Sugarcane,Co-86032,FAQ,2026-08-17,374,476,425,196
Maharashtra,Nashik,Yeola,Sugarcane,Co-86032,FAQ,2026-08-16,336,427,382,644
Maharashtra,Nashik,Yeola,Sugarcane,Co-86032,FAQ,2026-08-15,322,411,367,385
Maharashtra,Nashik,Yeola,Sugarcane,Co-86032,FAQ,2026-08-14,380,483,432,440
Maharashtra,Nashik,Yeola,Sugarcane,Co-86032,FAQ,2026-08-13,388,495,442,421
Maharashtra,Nashik,Yeola,Sugarcane,Co-86032,FAQ,2026-08-12,344,437,391,756
Maharashtra,Nashik,Yeola,Sugarcane,Co-86032,FAQ,2026-08-11,349,444,397,617
Maharashtra,Nashik,Yeola,Sugarcane,Co-86032,FAQ,2026-08-10,374,476,425,302
Maharashtra,Nashik,Yeola,Sugarcane,Co-86032,FAQ,2026-08-09,394,501,448,318
Maharashtra,Nashik,Yeola,Sugarcane,Co-86032,FAQ,2026-08-08,353,450,402,271
Maharashtra,Nashik,Yeola,Sugarcane,Co-86032,FAQ,2026-08-07,343,436,390,217
Maharashtra,Nashik,Yeola,Sugarcane,Co-86032,FAQ,2026-08-06,320,407,364,197
Maharashtra,Nashik,Yeola,Sugarcane,Co-86032,FAQ,2026-08-05,317,404,361,229
Maharashtra,Nashik,Yeola,Sugarcane,Co-86032,FAQ,2026-08-04,332,423,378,491
Maharashtra,Nashik,Yeola,Sugarcane,Co-86032,FAQ,2026-08-03,304,387,346,395
Maharashtra,Nashik,Yeola,Sugarcane,Co-86032,FAQ,2026-08-02,292,371,332,607
Maharashtra,Nashik,Yeola,Sugarcane,Co-86032,FAQ,2026-08-01,296,377,337,498
Maharashtra,Nashik,Yeola,Sugarcane,Co-86032,FAQ,2026-07-31,269,342,306,357
Maharashtra,Nashik,Yeola,Sugarcane,Co-86032,FAQ,2026-07-30,264,336,300,719
Maharashtra,Nashik,Yeola,Sugarcane,Co-86032,FAQ,2026-07-29,271,346,309,418
Maharashtra,Nashik,Yeola,Sugarcane,Co-86032,FAQ,2026-07-28,264,336,300,106
Maharashtra,Nashik,Yeola,Mustard,Black,FAQ,2026-08-26,4687,5966,5327,784
Maharashtra,Nashik,Yeola,Mustard,Yellow,FAQ,2026-08-25,4737,6030,5384,629
Maharashtra,Nashik,Yeola,Mustard,Yellow,FAQ,2026-08-24,4765,6064,5415,545
Maharashtra,Nashik,Yeola,Mustard,Black,FAQ,2026-08-23,4740,6033,5387,538
Maharashtra,Nashik,Yeola,Mustard,Yellow,FAQ,2026-08-22,4812,6125,5469,545
Maharashtra,Nashik,Yeola,Mustard,Yellow,FAQ,2026-08-21,4803,6112,5458,751
Maharashtra,Nashik,Yeola,Mustard,Black,FAQ,2026-08-20,4850,6173,5512,400
Maharashtra,Nashik,Yeola,Mustard,Black,FAQ,2026-08-19,4835,6154,5495,507
Maharashtra,Nashik,Yeola,Mustard,Yellow,FAQ,2026-08-18,4869,6196,5533,254
Maharashtra,Nashik,Yeola,Mustard,Yellow,FAQ,2026-08-17,4865,6192,5529,766
Maharashtra,Nashik,Yeola,Mustard,Yellow,FAQ,2026-08-16,4882,6213,5548,306
Maharashtra,Nashik,Yeola,Mustard,Yellow,FAQ,2026-08-15,4900,6237,5569,418
Maharashtra,Nashik,Yeola,Mustard,Black,FAQ,2026-08-14,4906,6245,5576,251
Maharashtra,Nashik,Yeola,Mustard,Black,FAQ,2026-08-13,4884,6217,5551,330
Maharashtra,Nashik,Yeola,Mustard,Yellow,FAQ,2026-08-12,4860,6185,5523,291
Maharashtra,Nashik,Yeola,Mustard,Yellow,FAQ,2026-08-11,4918,6259,5589,507
Maharashtra,Nashik,Yeola,Mustard,Yellow,FAQ,2026-08-10,4890,6223,5557,249
Maharashtra,Nashik,Yeola,Mustard,Yellow,FAQ,2026-08-09,4888,6221,5555,164
Maharashtra,Nashik,Yeola,Mustard,Yellow,FAQ,2026-08-08,4863,6190,5527,780
Maharashtra,Nashik,Yeola,Mustard,Yellow,FAQ,2026-08-07,4886,6219,5553,715
Maharashtra,Nashik,Yeola,Mustard,Black,FAQ,2026-08-06,4874,6203,5539,649
Maharashtra,Nashik,Yeola,Mustard,Black,FAQ,2026-08-05,4859,6184,5522,314
Maharashtra,Nashik,Yeola,Mustard,Black,FAQ,2026-08-04,4844,6165,5505,591
Maharashtra,Nashik,Yeola,Mustard,Yellow,FAQ,2026-08-03,4865,6192,5529,637
Maharashtra,Nashik,Yeola,Mustard,Black,FAQ,2026-08-02,4838,6157,5498,307
Maharashtra,Nashik,Yeola,Mustard,Black,FAQ,2026-08-01,4771,6072,5422,323
Maharashtra,Nashik,Yeola,Mustard,Black,FAQ,2026-07-31,4763,6062,5413,385
Maharashtra,Nashik,Yeola,Mustard,Yellow,FAQ,2026-07-30,4742,6035,5389,355
Maharashtra,Nashik,Yeola,Mustard,Black,FAQ,2026-07-29,4719,6006,5363,777
Maharashtra,Nashik,Yeola,Mustard,Yellow,FAQ,2026-07-28,4753,6050,5402,725
Maharashtra,Nashik,Yeola,Grapes,Thompson Seedless,FAQ,2026-08-26,4277,5444,4861,424
Maharashtra,Nashik,Yeola,Grapes,Thompson Seedless,FAQ,2026-08-25,4350,5537,4944,124
Maharashtra,Nashik,Yeola,Grapes,Thompson Seedless,FAQ,2026-08-24,4360,5549,4955,628
Maharashtra,Nashik,Yeola,Grapes,Thompson Seedless,FAQ,2026-08-23,4392,5591,4992,298
Maharashtra,Nashik,Yeola,Grapes,Thompson Seedless,FAQ,2026-08-22,4403,5604,5004,275
Maharashtra,Nashik,Yeola,Grapes,Thompson Seedless,FAQ,2026-08-21,4387,5584,4986,334
Maharashtra,Nashik,Yeola,Grapes,Thompson Seedless,FAQ,2026-08-20,4390,5587,4989,641
Maharashtra,Nashik,Yeola,Grapes,Thompson Seedless,FAQ,2026-08-19,4444,5656,5050,254
Maharashtra,Nashik,Yeola,Grapes,Thompson Seedless,FAQ,2026-08-18,4432,5641,5037,345
Maharashtra,Nashik,Yeola,Grapes,Thompson Seedless,FAQ,2026-08-17,4432,5641,5037,461
Maharashtra,Nashik,Yeola,Grapes,Thompson Seedless,FAQ,2026-08-16,4502,5729,5116,144
Maharashtra,Nashik,Yeola,Grapes,Thompson Seedless,FAQ,2026-08-15,4451,5666,5059,185
Maharashtra,Nashik,Yeola,Grapes,Thompson Seedless,FAQ,2026-08-14,4495,5720,5108,787
Maharashtra,Nashik,Yeola,Grapes,Thompson Seedless,FAQ,2026-08-13,4513,5744,5129,265
Maharashtra,Nashik,Yeola,Grapes,Thompson Seedless,FAQ,2026-08-12,4479,5700,5090,545
Maharashtra,Nashik,Yeola,Grapes,Thompson Seedless,FAQ,2026-08-11,4474,5695,5085,300
Maharashtra,Nashik,Yeola,Grapes,Thompson Seedless,FAQ,2026-08-10,4482,5705,5094,110
Maharashtra,Nashik,Yeola,Grapes,Thompson Seedless,FAQ,2026-08-09,4495,5720,5108,430
Maharashtra,Nashik,Yeola,Grapes,Thompson Seedless,FAQ,2026-08-08,4451,5664,5058,378
Maharashtra,Nashik,Yeola,Grapes,Thompson Seedless,FAQ,2026-08-07,4466,5684,5075,373
Maharashtra,Nashik,Yeola,Grapes,Thompson Seedless,FAQ,2026-08-06,4438,5649,5044,313
Maharashtra,Nashik,Yeola,Grapes,Thompson Seedless,FAQ,2026-08-05,4451,5664,5058,158
Maharashtra,Nashik,Yeola,Grapes,Thompson Seedless,FAQ,2026-08-04,4479,5700,5090,328
Maharashtra,Nashik,Yeola,Grapes,Thompson Seedless,FAQ,2026-08-03,4413,5616,5015,727
Maharashtra,Nashik,Yeola,Grapes,Thompson Seedless,FAQ,2026-08-02,4447,5660,5054,650
Maharashtra,Nashik,Yeola,Grapes,Thompson Seedless,FAQ,2026-08-01,4385,5580,4983,410
Maharashtra,Nashik,Yeola,Grapes,Thompson Seedless,FAQ,2026-07-31,4412,5615,5014,471
Maharashtra,Nashik,Yeola,Grapes,Thompson Seedless,FAQ,2026-07-30,4365,5556,4961,280
Maharashtra,Nashik,Yeola,Grapes,Thompson Seedless,FAQ,2026-07-29,4349,5536,4943,464
Maharashtra,Nashik,Yeola,Grapes,Thompson Seedless,FAQ,2026-07-28,4299,5472,4886,598
Maharashtra,Nashik,Yeola,Pomegranate,Bhagwa,FAQ,2026-08-26,5633,7170,6402,522
Maharashtra,Nashik,Yeola,Pomegranate,Bhagwa,FAQ,2026-08-25,5676,7224,6450,298
Maharashtra,Nashik,Yeola,Pomegranate,Bhagwa,FAQ,2026-08-24,5672,7219,6446,664
Maharashtra,Nashik,Yeola,Pomegranate,Bhagwa,FAQ,2026-08-23,5708,7265,6487,145
Maharashtra,Nashik,Yeola,Pomegranate,Bhagwa,FAQ,2026-08-22,5721,7282,6502,678
Maharashtra,Nashik,Yeola,Pomegranate,Bhagwa,FAQ,2026-08-21,5749,7316,6533,685
Maharashtra,Nashik,Yeola,Pomegranate,Bhagwa,FAQ,2026-08-20,5749,7318,6534,476
Maharashtra,Nashik,Yeola,Pomegranate,Bhagwa,FAQ,2026-08-19,5733,7296,6515,586
Maharashtra,Nashik,Yeola,Pomegranate,Bhagwa,FAQ,2026-08-18,5793,7374,6584,780
Maharashtra,Nashik,Yeola,Pomegranate,Bhagwa,FAQ,2026-08-17,5787,7366,6577,593
Maharashtra,Nashik,Yeola,Pomegranate,Bhagwa,FAQ,2026-08-16,5781,7358,6570,709
Maharashtra,Nashik,Yeola,Pomegranate,Bhagwa,FAQ,2026-08-15,5778,7353,6566,288
Maharashtra,Nashik,Yeola,Pomegranate,Bhagwa,FAQ,2026-08-14,5801,7384,6593,588
Maharashtra,Nashik,Yeola,Pomegranate,Bhagwa,FAQ,2026-08-13,5794,7375,6585,184
Maharashtra,Nashik,Yeola,Pomegranate,Bhagwa,FAQ,2026-08-12,5801,7384,6593,475
Maharashtra,Nashik,Yeola,Pomegranate,Bhagwa,FAQ,2026-08-11,5827,7416,6622,212
Maharashtra,Nashik,Yeola,Pomegranate,Bhagwa,FAQ,2026-08-10,5787,7366,6577,751
Maharashtra,Nashik,Yeola,Pomegranate,Bhagwa,FAQ,2026-08-09,5772,7347,6560,798
Maharashtra,Nashik,Yeola,Pomegranate,Bhagwa,FAQ,2026-08-08,5771,7346,6559,314
Maharashtra,Nashik,Yeola,Pomegranate,Bhagwa,FAQ,2026-08-07,5800,7383,6592,233
Maharashtra,Nashik,Yeola,Pomegranate,Bhagwa,FAQ,2026-08-06,5760,7331,6546,183
Maharashtra,Nashik,Yeola,Pomegranate,Bhagwa,FAQ,2026-08-05,5775,7350,6563,599
Maharashtra,Nashik,Yeola,Pomegranate,Bhagwa,FAQ,2026-08-04,5741,7306,6524,236
Maharashtra,Nashik,Yeola,Pomegranate,Bhagwa,FAQ,2026-08-03,5764,7337,6551,334
Maharashtra,Nashik,Yeola,Pomegranate,Bhagwa,FAQ,2026-08-02,5724,7285,6505,496
Maharashtra,Nashik,Yeola,Pomegranate,Bhagwa,FAQ,2026-08-01,5709,7266,6488,278
Maharashtra,Nashik,Yeola,Pomegranate,Bhagwa,FAQ,2026-07-31,5685,7236,6461,590
Maharashtra,Nashik,Yeola,Pomegranate,Bhagwa,FAQ,2026-07-30,5708,7265,6487,784
Maharashtra,Nashik,Yeola,Pomegranate,Bhagwa,FAQ,2026-07-29,5676,7225,6451,714
Maharashtra,Nashik,Yeola,Pomegranate,Bhagwa,FAQ,2026-07-28,5687,7238,6463,658
Maharashtra,Pune,Pune (Gultekdi),Tomato,Vaishali,FAQ,2026-08-26,1832,2331,2082,522
Maharashtra,Pune,Pune (Gultekdi),Tomato,Hybrid,FAQ,2026-08-25,1889,2404,2147,255
Maharashtra,Pune,Pune (Gultekdi),Tomato,Local,FAQ,2026-08-24,1874,2385,2130,381
Maharashtra,Pune,Pune (Gultekdi),Tomato,Local,FAQ,2026-08-23,1910,2431,2171,691
Maharashtra,Pune,Pune (Gultekdi),Tomato,Hybrid,FAQ,2026-08-22,1921,2444,2183,710
Maharashtra,Pune,Pune (Gultekdi),Tomato,Vaishali,FAQ,2026-08-21,1938,2467,2203,621
Maharashtra,Pune,Pune (Gultekdi),Tomato,Hybrid,FAQ,2026-08-20,1928,2453,2191,689
Maharashtra,Pune,Pune (Gultekdi),Tomato,Local,FAQ,2026-08-19,2004,2551,2278,243
Maharashtra,Pune,Pune (Gultekdi),Tomato,Hybrid,FAQ,2026-08-18,1996,2541,2269,206
Maharashtra,Pune,Pune (Gultekdi),Tomato,Vaishali,FAQ,2026-08-17,1976,2515,2246,797
Maharashtra,Pune,Pune (Gultekdi),Tomato,Hybrid,FAQ,2026-08-16,1979,2518,2249,717
Maharashtra,Pune,Pune (Gultekdi),Tomato,Vaishali,FAQ,2026-08-15,1987,2530,2259,197
Maharashtra,Pune,Pune (Gultekdi),Tomato,Hybrid,FAQ,2026-08-14,2013,2562,2288,210
Maharashtra,Pune,Pune (Gultekdi),Tomato,Local,FAQ,2026-08-13,2053,2612,2333,137
Maharashtra,Pune,Pune (Gultekdi),Tomato,Hybrid,FAQ,2026-08-12,1992,2535,2264,737
Maharashtra,Pune,Pune (Gultekdi),Tomato,Local,FAQ,2026-08-11,2032,2587,2310,254
Maharashtra,Pune,Pune (Gultekdi),Tomato,Local,FAQ,2026-08-10,2041,2598,2320,522
Maharashtra,Pune,Pune (Gultekdi),Tomato,Local,FAQ,2026-08-09,2035,2590,2313,151
Maharashtra,Pune,Pune (Gultekdi),Tomato,Hybrid,FAQ,2026-08-08,2038,2595,2317,188
Maharashtra,Pune,Pune (Gultekdi),Tomato,Hybrid,FAQ,2026-08-07,2009,2556,2283,438
Maharashtra,Pune,Pune (Gultekdi),Tomato,Local,FAQ,2026-08-06,2009,2558,2284,715
Maharashtra,Pune,Pune (Gultekdi),Tomato,Local,FAQ,2026-08-05,2015,2564,2290,358
Maharashtra,Pune,Pune (Gultekdi),Tomato,Hybrid,FAQ,2026-08-04,1987,2530,2259,428
Maharashtra,Pune,Pune (Gultekdi),Tomato,Hybrid,FAQ,2026-08-03,1978,2517,2248,368
Maharashtra,Pune,Pune (Gultekdi),Tomato,Hybrid,FAQ,2026-08-02,1993,2536,2265,135
Maharashtra,Pune,Pune (Gultekdi),Tomato,Hybrid,FAQ,2026-08-01,1950,2483,2217,234
Maharashtra,Pune,Pune (Gultekdi),Tomato,Vaishali,FAQ,2026-07-31,1903,2422,2163,603
Maharashtra,Pune,Pune (Gultekdi),Tomato,Hybrid,FAQ,2026-07-30,1917,2440,2179,437
Maharashtra,Pune,Pune (Gultekdi),Tomato,Vaishali,FAQ,2026-07-29,1865,2374,2120,478
Maharashtra,Pune,Pune (Gultekdi),Tomato,Local,FAQ,2026-07-28,1861,2368,2115,351
Maharashtra,Pune,Pune (Gultekdi),Onion,White,FAQ,2026-08-26,1562,1988,1775,788
Maharashtra,Pune,Pune (Gultekdi),Onion,Red,FAQ,2026-08-25,1550,1973,1762,704
Maharashtra,Pune,Pune (Gultekdi),Onion,Red,FAQ,2026-08-24,1606,2045,1826,211
Maharashtra,Pune,Pune (Gultekdi),Onion,White,FAQ,2026-08-23,1589,2022,1806,549
Maharashtra,Pune,Pune (Gultekdi),Onion,Red,FAQ,2026-08-22,1638,2085,1862,568
Maharashtra,Pune,Pune (Gultekdi),Onion,White,FAQ,2026-08-21,1631,2076,1854,282
Maharashtra,Pune,Pune (Gultekdi),Onion,Garwa,FAQ,2026-08-20,1650,2101,1876,163
Maharashtra,Pune,Pune (Gultekdi),Onion,Red,FAQ,2026-08-19,1640,2087,1864,529
Maharashtra,Pune,Pune (Gultekdi),Onion,White,FAQ,2026-08-18,1669,2124,1897,556
Maharashtra,Pune,Pune (Gultekdi),Onion,Red,FAQ,2026-08-17,1670,2125,1898,695
Maharashtra,Pune,Pune (Gultekdi),Onion,Red,FAQ,2026-08-16,1673,2130,1902,126
Maharashtra,Pune,Pune (Gultekdi),Onion,Red,FAQ,2026-08-15,1683,2142,1913,111
Maharashtra,Pune,Pune (Gultekdi),Onion,Garwa,FAQ,2026-08-14,1676,2133,1905,723
Maharashtra,Pune,Pune (Gultekdi),Onion,White,FAQ,2026-08-13,1685,2144,1915,490
Maharashtra,Pune,Pune (Gultekdi),Onion,Red,FAQ,2026-08-12,1738,2213,1976,318
Maharashtra,Pune,Pune (Gultekdi),Onion,Garwa,FAQ,2026-08-11,1701,2166,1934,534
Maharashtra,Pune,Pune (Gultekdi),Onion,Red,FAQ,2026-08-10,1741,2216,1979,252
Maharashtra,Pune,Pune (Gultekdi),Onion,White,FAQ,2026-08-09,1689,2150,1920,472
Maharashtra,Pune,Pune (Gultekdi),Onion,Red,FAQ,2026-08-08,1683,2142,1913,206
Maharashtra,Pune,Pune (Gultekdi),Onion,Garwa,FAQ,2026-08-07,1698,2161,1930,700
Maharashtra,Pune,Pune (Gultekdi),Onion,Garwa,FAQ,2026-08-06,1681,2140,1911,125
Maharashtra,Pune,Pune (Gultekdi),Onion,Red,FAQ,2026-08-05,1720,2189,1955,150
Maharashtra,Pune,Pune (Gultekdi),Onion,Garwa,FAQ,2026-08-04,1694,2156,1925,604
Maharashtra,Pune,Pune (Gultekdi),Onion,Red,FAQ,2026-08-03,1672,2128,1900,513
Maharashtra,Pune,Pune (Gultekdi),Onion,White,FAQ,2026-08-02,1662,2115,1889,217
Maharashtra,Pune,Pune (Gultekdi),Onion,Garwa,FAQ,2026-08-01,1650,2101,1876,611
Maharashtra,Pune,Pune (Gultekdi),Onion,Red,FAQ,2026-07-31,1599,2036,1818,701
Maharashtra,Pune,Pune (Gultekdi),Onion,White,FAQ,2026-07-30,1625,2068,1847,166
Maharashtra,Pune,Pune (Gultekdi),Onion,White,FAQ,2026-07-29,1555,1980,1768,730
Maharashtra,Pune,Pune (Gultekdi),Onion,Garwa,FAQ,2026-07-28,1573,2002,1788,332
Maharashtra,Pune,Pune (Gultekdi),Wheat,FAQ,FAQ,2026-08-26,2043,2600,2322,321
Maharashtra,Pune,Pune (Gultekdi),Wheat,Sharbati,FAQ,2026-08-25,2059,2620,2340,162
Maharashtra,Pune,Pune (Gultekdi),Wheat,Lok-1,FAQ,2026-08-24,2141,2724,2433,518
Maharashtra,Pune,Pune (Gultekdi),Wheat,FAQ,FAQ,2026-08-23,2166,2757,2462,189
Maharashtra,Pune,Pune (Gultekdi),Wheat,Lok-1,FAQ,2026-08-22,2134,2717,2426,248
Maharashtra,Pune,Pune (Gultekdi),Wheat,Lok-1,FAQ,2026-08-21,2174,2767,2471,583
Maharashtra,Pune,Pune (Gultekdi),Wheat,Lok-1,FAQ,2026-08-20,2175,2768,2472,457
Maharashtra,Pune,Pune (Gultekdi),Wheat,Lok-1,FAQ,2026-08-19,2176,2769,2473,765
Maharashtra,Pune,Pune (Gultekdi),Wheat,Sharbati,FAQ,2026-08-18,2229,2836,2533,339
Maharashtra,Pune,Pune (Gultekdi),Wheat,FAQ,FAQ,2026-08-17,2194,2793,2494,328
Maharashtra,Pune,Pune (Gultekdi),Wheat,Sharbati,FAQ,2026-08-16,2253,2868,2561,579
Maharashtra,Pune,Pune (Gultekdi),Wheat,Lok-1,FAQ,2026-08-15,2237,2848,2543,752
Maharashtra,Pune,Pune (Gultekdi),Wheat,Lok-1,FAQ,2026-08-14,2255,2870,2563,274
Maharashtra,Pune,Pune (Gultekdi),Wheat,FAQ,FAQ,2026-08-13,2263,2880,2572,423
Maharashtra,Pune,Pune (Gultekdi),Wheat,FAQ,FAQ,2026-08-12,2238,2849,2544,504
Maharashtra,Pune,Pune (Gultekdi),Wheat,Sharbati,FAQ,2026-08-11,2210,2813,2512,686
Maharashtra,Pune,Pune (Gultekdi),Wheat,FAQ,FAQ,2026-08-10,2207,2810,2509,228
Maharashtra,Pune,Pune (Gultekdi),Wheat,Lok-1,FAQ,2026-08-09,2205,2806,2506,220
Maharashtra,Pune,Pune (Gultekdi),Wheat,FAQ,FAQ,2026-08-08,2236,2847,2542,161
Maharashtra,Pune,Pune (Gultekdi),Wheat,Sharbati,FAQ,2026-08-07,2263,2880,2572,719
Maharashtra,Pune,Pune (Gultekdi),Wheat,Sharbati,FAQ,2026-08-06,2214,2817,2516,275
Maharashtra,Pune,Pune (Gultekdi),Wheat,FAQ,FAQ,2026-08-05,2204,2805,2505,166
Maharashtra,Pune,Pune (Gultekdi),Wheat,FAQ,FAQ,2026-08-04,2185,2782,2484,239
Maharashtra,Pune,Pune (Gultekdi),Wheat,FAQ,FAQ,2026-08-03,2212,2815,2514,458
Maharashtra,Pune,Pune (Gultekdi),Wheat,Lok-1,FAQ,2026-08-02,2207,2808,2508,128
Maharashtra,Pune,Pune (Gultekdi),Wheat,FAQ,FAQ,2026-08-01,2169,2760,2465,798
Maharashtra,Pune,Pune (Gultekdi),Wheat,Lok-1,FAQ,2026-07-31,2126,2707,2417,150
Maharashtra,Pune,Pune (Gultekdi),Wheat,Lok-1,FAQ,2026-07-30,2164,2755,2460,470
Maharashtra,Pune,Pune (Gultekdi),Wheat,FAQ,FAQ,2026-07-29,2128,2709,2419,368
Maharashtra,Pune,Pune (Gultekdi),Wheat,FAQ,FAQ,2026-07-28,2061,2624,2343,451
Maharashtra,Pune,Pune (Gultekdi),Rice,Swarna,FAQ,2026-08-26,2196,2795,2496,158
Maharashtra,Pune,Pune (Gultekdi),Rice,Paddy(Dpr),FAQ,2026-08-25,2215,2820,2518,175
Maharashtra,Pune,Pune (Gultekdi),Rice,Paddy(Dpr),FAQ,2026-08-24,2236,2847,2542,329
Maharashtra,Pune,Pune (Gultekdi),Rice,Paddy(Dpr),FAQ,2026-08-23,2237,2848,2543,468
Maharashtra,Pune,Pune (Gultekdi),Rice,Paddy(Dpr),FAQ,2026-08-22,2258,2875,2567,693
Maharashtra,Pune,Pune (Gultekdi),Rice,Swarna,FAQ,2026-08-21,2285,2908,2597,437
Maharashtra,Pune,Pune (Gultekdi),Rice,Paddy(Dpr),FAQ,2026-08-20,2337,2974,2656,612
Maharashtra,Pune,Pune (Gultekdi),Rice,Swarna,FAQ,2026-08-19,2300,2927,2614,695
Maharashtra,Pune,Pune (Gultekdi),Rice,Swarna,FAQ,2026-08-18,2336,2973,2655,410
Maharashtra,Pune,Pune (Gultekdi),Rice,Basmati,FAQ,2026-08-17,2381,3030,2706,455
Maharashtra,Pune,Pune (Gultekdi),Rice,Basmati,FAQ,2026-08-16,2373,3020,2697,483
Maharashtra,Pune,Pune (Gultekdi),Rice,Swarna,FAQ,2026-08-15,2379,3028,2704,407
Maharashtra,Pune,Pune (Gultekdi),Rice,Swarna,FAQ,2026-08-14,2399,3054,2727,696
Maharashtra,Pune,Pune (Gultekdi),Rice,Basmati,FAQ,2026-08-13,2361,3006,2684,134
Maharashtra,Pune,Pune (Gultekdi),Rice,Basmati,FAQ,2026-08-12,2382,3031,2707,531
Maharashtra,Pune,Pune (Gultekdi),Rice,Swarna,FAQ,2026-08-11,2352,2993,2673,537
Maharashtra,Pune,Pune (Gultekdi),Rice,Basmati,FAQ,2026-08-10,2396,3049,2723,570
Maharashtra,Pune,Pune (Gultekdi),Rice,Swarna,FAQ,2026-08-09,2356,2999,2678,732
Maharashtra,Pune,Pune (Gultekdi),Rice,Swarna,FAQ,2026-08-08,2355,2998,2677,202
Maharashtra,Pune,Pune (Gultekdi),Rice,Paddy(Dpr),FAQ,2026-08-07,2331,2966,2649,474
Maharashtra,Pune,Pune (Gultekdi),Rice,Swarna,FAQ,2026-08-06,2326,2961,2644,779
Maharashtra,Pune,Pune (Gultekdi),Rice,Swarna,FAQ,2026-08-05,2327,2962,2645,368
Maharashtra,Pune,Pune (Gultekdi),Rice,Swarna,FAQ,2026-08-04,2353,2994,2674,213
Maharashtra,Pune,Pune (Gultekdi),Rice,Swarna,FAQ,2026-08-03,2346,2987,2667,125
Maharashtra,Pune,Pune (Gultekdi),Rice,Basmati,FAQ,2026-08-02,2292,2917,2605,116
Maharashtra,Pune,Pune (Gultekdi),Rice,Paddy(Dpr),FAQ,2026-08-01,2274,2895,2585,254
Maharashtra,Pune,Pune (Gultekdi),Rice,Paddy(Dpr),FAQ,2026-07-31,2287,2910,2599,659
Maharashtra,Pune,Pune (Gultekdi),Rice,Swarna,FAQ,2026-07-30,2247,2860,2554,706
Maharashtra,Pune,Pune (Gultekdi),Rice,Swarna,FAQ,2026-07-29,2226,2833,2530,330
Maharashtra,Pune,Pune (Gultekdi),Rice,Swarna,FAQ,2026-07-28,2214,2819,2517,302
Maharashtra,Pune,Pune (Gultekdi),Potato,Jyoti,FAQ,2026-08-26,1245,1584,1415,280
Maharashtra,Pune,Pune (Gultekdi),Potato,Kufri,FAQ,2026-08-25,1248,1589,1419,553
Maharashtra,Pune,Pune (Gultekdi),Potato,Kufri,FAQ,2026-08-24,1283,1634,1459,259
Maharashtra,Pune,Pune (Gultekdi),Potato,Kufri,FAQ,2026-08-23,1275,1622,1449,611
Maharashtra,Pune,Pune (Gultekdi),Potato,Kufri,FAQ,2026-08-22,1327,1688,1508,124
Maharashtra,Pune,Pune (Gultekdi),Potato,Jyoti,FAQ,2026-08-21,1352,1721,1537,521
Maharashtra,Pune,Pune (Gultekdi),Potato,Kufri,FAQ,2026-08-20,1351,1720,1536,519
Maharashtra,Pune,Pune (Gultekdi),Potato,Jyoti,FAQ,2026-08-19,1364,1736,1550,782
Maharashtra,Pune,Pune (Gultekdi),Potato,Jyoti,FAQ,2026-08-18,1374,1749,1562,300
Maharashtra,Pune,Pune (Gultekdi),Potato,Kufri,FAQ,2026-08-17,1353,1722,1538,783
Maharashtra,Pune,Pune (Gultekdi),Potato,Jyoti,FAQ,2026-08-16,1392,1771,1582,743
Maharashtra,Pune,Pune (Gultekdi),Potato,Jyoti,FAQ,2026-08-15,1427,1816,1622,501
Maharashtra,Pune,Pune (Gultekdi),Potato,Kufri,FAQ,2026-08-14,1400,1781,1591,709
Maharashtra,Pune,Pune (Gultekdi),Potato,Kufri,FAQ,2026-08-13,1423,1812,1618,228
Maharashtra,Pune,Pune (Gultekdi),Potato,Jyoti,FAQ,2026-08-12,1433,1824,1629,789
Maharashtra,Pune,Pune (Gultekdi),Potato,Jyoti,FAQ,2026-08-11,1430,1821,1626,228
Maharashtra,Pune,Pune (Gultekdi),Potato,Jyoti,FAQ,2026-08-10,1406,1789,1598,617
Maharashtra,Pune,Pune (Gultekdi),Potato,Jyoti,FAQ,2026-08-09,1424,1813,1619,190
Maharashtra,Pune,Pune (Gultekdi),Potato,Kufri,FAQ,2026-08-08,1401,1784,1593,604
Maharashtra,Pune,Pune (Gultekdi),Potato,Jyoti,FAQ,2026-08-07,1398,1779,1589,315
Maharashtra,Pune,Pune (Gultekdi),Potato,Kufri,FAQ,2026-08-06,1413,1798,1606,396
Maharashtra,Pune,Pune (Gultekdi),Potato,Kufri,FAQ,2026-08-05,1347,1714,1531,316
Maharashtra,Pune,Pune (Gultekdi),Potato,Kufri,FAQ,2026-08-04,1345,1712,1529,552
Maharashtra,Pune,Pune (Gultekdi),Potato,Jyoti,FAQ,2026-08-03,1346,1713,1530,101
Maharashtra,Pune,Pune (Gultekdi),Potato,Kufri,FAQ,2026-08-02,1309,1666,1488,714
Maharashtra,Pune,Pune (Gultekdi),Potato,Jyoti,FAQ,2026-08-01,1342,1708,1525,712
Maharashtra,Pune,Pune (Gultekdi),Potato,Jyoti,FAQ,2026-07-31,1318,1677,1498,761
Maharashtra,Pune,Pune (Gultekdi),Potato,Jyoti,FAQ,2026-07-30,1288,1639,1464,705
Maharashtra,Pune,Pune (Gultekdi),Potato,Jyoti,FAQ,2026-07-29,1246,1585,1416,404
Maharashtra,Pune,Pune (Gultekdi),Potato,Jyoti,FAQ,2026-07-28,1286,1637,1462,371
Maharashtra,Pune,Pune (Gultekdi),Soyabean,Yellow,FAQ,2026-08-26,3809,4848,4329,709
Maharashtra,Pune,Pune (Gultekdi),Soyabean,Yellow,FAQ,2026-08-25,3809,4848,4329,567
Maharashtra,Pune,Pune (Gultekdi),Soyabean,JS-335,FAQ,2026-08-24,3863,4916,4390,112
Maharashtra,Pune,Pune (Gultekdi),Soyabean,JS-335,FAQ,2026-08-23,3828,4873,4351,360
Maharashtra,Pune,Pune (Gultekdi),Soyabean,JS-335,FAQ,2026-08-22,3896,4959,4428,120
Maharashtra,Pune,Pune (Gultekdi),Soyabean,Yellow,FAQ,2026-08-21,3847,4896,4372,441
Maharashtra,Pune,Pune (Gultekdi),Soyabean,JS-335,FAQ,2026-08-20,3881,4940,4411,153
Maharashtra,Pune,Pune (Gultekdi),Soyabean,Yellow,FAQ,2026-08-19,3881,4940,4411,485
Maharashtra,Pune,Pune (Gultekdi),Soyabean,JS-335,FAQ,2026-08-18,3911,4978,4445,491
Maharashtra,Pune,Pune (Gultekdi),Soyabean,Yellow,FAQ,2026-08-17,3922,4991,4457,196
Maharashtra,Pune,Pune (Gultekdi),Soyabean,Yellow,FAQ,2026-08-16,3946,5023,4485,524
Maharashtra,Pune,Pune (Gultekdi),Soyabean,JS-335,FAQ,2026-08-15,3945,5022,4484,594
Maharashtra,Pune,Pune (Gultekdi),Soyabean,JS-335,FAQ,2026-08-14,3957,5036,4497,217
Maharashtra,Pune,Pune (Gultekdi),Soyabean,Yellow,FAQ,2026-08-13,3925,4996,4461,502
Maharashtra,Pune,Pune (Gultekdi),Soyabean,Yellow,FAQ,2026-08-12,3938,5013,4476,632
Maharashtra,Pune,Pune (Gultekdi),Soyabean,Yellow,FAQ,2026-08-11,3957,5036,4497,582
Maharashtra,Pune,Pune (Gultekdi),Soyabean,Yellow,FAQ,2026-08-10,3983,5070,4527,552
Maharashtra,Pune,Pune (Gultekdi),Soyabean,Yellow,FAQ,2026-08-09,3987,5074,4531,794
Maharashtra,Pune,Pune (Gultekdi),Soyabean,Yellow,FAQ,2026-08-08,3982,5069,4526,712
Maharashtra,Pune,Pune (Gultekdi),Soyabean,JS-335,FAQ,2026-08-07,3925,4996,4461,187
Maharashtra,Pune,Pune (Gultekdi),Soyabean,JS-335,FAQ,2026-08-06,3927,4998,4463,241
Maharashtra,Pune,Pune (Gultekdi),Soyabean,JS-335,FAQ,2026-08-05,3900,4963,4432,668
Maharashtra,Pune,Pune (Gultekdi),Soyabean,Yellow,FAQ,2026-08-04,3938,5012,4475,264
Maharashtra,Pune,Pune (Gultekdi),Soyabean,Yellow,FAQ,2026-08-03,3882,4941,4412,465
Maharashtra,Pune,Pune (Gultekdi),Soyabean,JS-335,FAQ,2026-08-02,3900,4963,4432,515
Maharashtra,Pune,Pune (Gultekdi),Soyabean,JS-335,FAQ,2026-08-01,3916,4985,4451,208
Maharashtra,Pune,Pune (Gultekdi),Soyabean,JS-335,FAQ,2026-07-31,3872,4928,4400,763
Maharashtra,Pune,Pune (Gultekdi),Soyabean,JS-335,FAQ,2026-07-30,3843,4892,4368,700
Maharashtra,Pune,Pune (Gultekdi),Soyabean,Yellow,FAQ,2026-07-29,3814,4855,4335,610
Maharashtra,Pune,Pune (Gultekdi),Soyabean,JS-335,FAQ,2026-07-28,3805,4842,4324,455
Maharashtra,Pune,Pune (Gultekdi),Maize,Hybrid,FAQ,2026-08-26,1606,2045,1826,432
Maharashtra,Pune,Pune (Gultekdi),Maize,Hybrid,FAQ,2026-08-25,1642,2089,1866,336
Maharashtra,Pune,Pune (Gultekdi),Maize,Hybrid,FAQ,2026-08-24,1648,2097,1873,437
Maharashtra,Pune,Pune (Gultekdi),Maize,Yellow,FAQ,2026-08-23,1672,2128,1900,548
Maharashtra,Pune,Pune (Gultekdi),Maize,Hybrid,FAQ,2026-08-22,1693,2154,1924,256
Maharashtra,Pune,Pune (Gultekdi),Maize,Yellow,FAQ,2026-08-21,1745,2222,1984,202
Maharashtra,Pune,Pune (Gultekdi),Maize,Hybrid,FAQ,2026-08-20,1757,2236,1997,722
Maharashtra,Pune,Pune (Gultekdi),Maize,Hybrid,FAQ,2026-08-19,1767,2248,2008,476
Maharashtra,Pune,Pune (Gultekdi),Maize,Hybrid,FAQ,2026-08-18,1768,2251,2010,106
Maharashtra,Pune,Pune (Gultekdi),Maize,Hybrid,FAQ,2026-08-17,1767,2248,2008,704
Maharashtra,Pune,Pune (Gultekdi),Maize,Hybrid,FAQ,2026-08-16,1806,2299,2053,604
Maharashtra,Pune,Pune (Gultekdi),Maize,Hybrid,FAQ,2026-08-15,1804,2297,2051,685
Maharashtra,Pune,Pune (Gultekdi),Maize,Hybrid,FAQ,2026-08-14,1772,2255,2014,169
Maharashtra,Pune,Pune (Gultekdi),Maize,Hybrid,FAQ,2026-08-13,1808,2301,2055,504
Maharashtra,Pune,Pune (Gultekdi),Maize,Hybrid,FAQ,2026-08-12,1802,2293,2048,106
Maharashtra,Pune,Pune (Gultekdi),Maize,Hybrid,FAQ,2026-08-11,1805,2298,2052,382
Maharashtra,Pune,Pune (Gultekdi),Maize,Yellow,FAQ,2026-08-10,1796,2285,2041,357
Maharashtra,Pune,Pune (Gultekdi),Maize,Hybrid,FAQ,2026-08-09,1791,2280,2036,443
Maharashtra,Pune,Pune (Gultekdi),Maize,Hybrid,FAQ,2026-08-08,1826,2324,2075,468
Maharashtra,Pune,Pune (Gultekdi),Maize,Yellow,FAQ,2026-08-07,1770,2253,2012,298
Maharashtra,Pune,Pune (Gultekdi),Maize,Hybrid,FAQ,2026-08-06,1779,2264,2022,705
Maharashtra,Pune,Pune (Gultekdi),Maize,Hybrid,FAQ,2026-08-05,1801,2292,2047,173
Maharashtra,Pune,Pune (Gultekdi),Maize,Hybrid,FAQ,2026-08-04,1735,2208,1972,403
Maharashtra,Pune,Pune (Gultekdi),Maize,Yellow,FAQ,2026-08-03,1750,2227,1989,320
Maharashtra,Pune,Pune (Gultekdi),Maize,Yellow,FAQ,2026-08-02,1727,2198,1963,305
Maharashtra,Pune,Pune (Gultekdi),Maize,Hybrid,FAQ,2026-08-01,1710,2177,1944,464
Maharashtra,Pune,Pune (Gultekdi),Maize,Hybrid,FAQ,2026-07-31,1706,2171,1939,310
Maharashtra,Pune,Pune (Gultekdi),Maize,Hybrid,FAQ,2026-07-30,1669,2124,1897,360
Maharashtra,Pune,Pune (Gultekdi),Maize,Hybrid,FAQ,2026-07-29,1699,2162,1931,433
Maharashtra,Pune,Pune (Gultekdi),Maize,Yellow,FAQ,2026-07-28,1667,2122,1895,250
Maharashtra,Pune,Pune (Gultekdi),Cotton,Medium Staple,FAQ,2026-08-26,5717,7276,6497,141
Maharashtra,Pune,Pune (Gultekdi),Cotton,Medium Staple,FAQ,2026-08-25,5738,7303,6521,102
Maharashtra,Pune,Pune (Gultekdi),Cotton,Medium Staple,FAQ,2026-08-24,5766,7339,6553,301
Maharashtra,Pune,Pune (Gultekdi),Cotton,Medium Staple,FAQ,2026-08-23,5792,7371,6582,151
Maharashtra,Pune,Pune (Gultekdi),Cotton,Medium Staple,FAQ,2026-08-22,5824,7413,6619,365
Maharashtra,Pune,Pune (Gultekdi),Cotton,Medium Staple,FAQ,2026-08-21,5832,7423,6628,286
Maharashtra,Pune,Pune (Gultekdi),Cotton,Medium Staple,FAQ,2026-08-20,5849,7444,6647,373
Maharashtra,Pune,Pune (Gultekdi),Cotton,Medium Staple,FAQ,2026-08-19,5813,7398,6606,237
Maharashtra,Pune,Pune (Gultekdi),Cotton,Medium Staple,FAQ,2026-08-18,5888,7495,6692,575
Maharashtra,Pune,Pune (Gultekdi),Cotton,Medium Staple,FAQ,2026-08-17,5859,7458,6659,459
Maharashtra,Pune,Pune (Gultekdi),Cotton,Medium Staple,FAQ,2026-08-16,5844,7439,6642,474
Maharashtra,Pune,Pune (Gultekdi),Cotton,Medium Staple,FAQ,2026-08-15,5892,7499,6696,284
Maharashtra,Pune,Pune (Gultekdi),Cotton,Medium Staple,FAQ,2026-08-14,5902,7511,6707,183
Maharashtra,Pune,Pune (Gultekdi),Cotton,Medium Staple,FAQ,2026-08-13,5895,7502,6699,159
Maharashtra,Pune,Pune (Gultekdi),Cotton,Medium Staple,FAQ,2026-08-12,5903,7514,6709,392
Maharashtra,Pune,Pune (Gultekdi),Cotton,Medium Staple,FAQ,2026-08-11,5870,7471,6671,528
Maharashtra,Pune,Pune (Gultekdi),Cotton,Medium Staple,FAQ,2026-08-10,5881,7486,6684,601
Maharashtra,Pune,Pune (Gultekdi),Cotton,Medium Staple,FAQ,2026-08-09,5891,7498,6695,554
Maharashtra,Pune,Pune (Gultekdi),Cotton,Medium Staple,FAQ,2026-08-08,5888,7493,6691,345
Maharashtra,Pune,Pune (Gultekdi),Cotton,Medium Staple,FAQ,2026-08-07,5898,7507,6703,588
Maharashtra,Pune,Pune (Gultekdi),Cotton,Medium Staple,FAQ,2026-08-06,5896,7504,6700,371
Maharashtra,Pune,Pune (Gultekdi),Cotton,Medium Staple,FAQ,2026-08-05,5900,7509,6705,586
Maharashtra,Pune,Pune (Gultekdi),Cotton,Medium Staple,FAQ,2026-08-04,5844,7437,6641,513
Maharashtra,Pune,Pune (Gultekdi),Cotton,Medium Staple,FAQ,2026-08-03,5868,7469,6669,478
Maharashtra,Pune,Pune (Gultekdi),Cotton,Medium Staple,FAQ,2026-08-02,5842,7435,6639,720
Maharashtra,Pune,Pune (Gultekdi),Cotton,Medium Staple,FAQ,2026-08-01,5803,7386,6595,546
Maharashtra,Pune,Pune (Gultekdi),Cotton,Medium Staple,FAQ,2026-07-31,5815,7400,6608,607
Maharashtra,Pune,Pune (Gultekdi),Cotton,Medium Staple,FAQ,2026-07-30,5787,7366,6577,504
Maharashtra,Pune,Pune (Gultekdi),Cotton,Medium Staple,FAQ,2026-07-29,5793,7374,6584,237
Maharashtra,Pune,Pune (Gultekdi),Cotton,Medium Staple,FAQ,2026-07-28,5737,7302,6520,418
Maharashtra,Pune,Pune (Gultekdi),Sugarcane,Co-86032,FAQ,2026-08-26,264,336,300,245
Maharashtra,Pune,Pune (Gultekdi),Sugarcane,Co-86032,FAQ,2026-08-25,264,336,300,171
Maharashtra,Pune,Pune (Gultekdi),Sugarcane,Co-86032,FAQ,2026-08-24,265,338,302,363
Maharashtra,Pune,Pune (Gultekdi),Sugarcane,Co-86032,FAQ,2026-08-23,273,348,311,377
Maharashtra,Pune,Pune (Gultekdi),Sugarcane,Co-86032,FAQ,2026-08-22,264,336,300,329
Maharashtra,Pune,Pune (Gultekdi),Sugarcane,Co-86032,FAQ,2026-08-21,315,402,359,539
Maharashtra,Pune,Pune (Gultekdi),Sugarcane,Co-86032,FAQ,2026-08-20,338,431,385,218
Maharashtra,Pune,Pune (Gultekdi),Sugarcane,Co-86032,FAQ,2026-08-19,300,383,342,130
Maharashtra,Pune,Pune (Gultekdi),Sugarcane,Co-86032,FAQ,2026-08-18,302,385,344,228
Maharashtra,Pune,Pune (Gultekdi),Sugarcane,Co-86032,FAQ,2026-08-17,331,422,377,599
Maharashtra,Pune,Pune (Gultekdi),Sugarcane,Co-86032,FAQ,2026-08-16,344,439,392,465
Maharashtra,Pune,Pune (Gultekdi),Sugarcane,Co-86032,FAQ,2026-08-15,337,428,383,127
Maharashtra,Pune,Pune (Gultekdi),Sugarcane,Co-86032,FAQ,2026-08-14,336,427,382,171
Maharashtra,Pune,Pune (Gultekdi),Sugarcane,Co-86032,FAQ,2026-08-13,344,437,391,242
Maharashtra,Pune,Pune (Gultekdi),Sugarcane,Co-86032,FAQ,2026-08-12,335,426,381,478
Maharashtra,Pune,Pune (Gultekdi),Sugarcane,Co-86032,FAQ,2026-08-11,389,496,443,649
Maharashtra,Pune,Pune (Gultekdi),Sugarcane,Co-86032,FAQ,2026-08-10,398,507,453,710
Maharashtra,Pune,Pune (Gultekdi),Sugarcane,Co-86032,FAQ,2026-08-09,392,499,446,445
Maharashtra,Pune,Pune (Gultekdi),Sugarcane,Co-86032,FAQ,2026-08-08,366,467,417,544
Maharashtra,Pune,Pune (Gultekdi),Sugarcane,Co-86032,FAQ,2026-08-07,344,437,391,720
Maharashtra,Pune,Pune (Gultekdi),Sugarcane,Co-86032,FAQ,2026-08-06,357,454,406,221
Maharashtra,Pune,Pune (Gultekdi),Sugarcane,Co-86032,FAQ,2026-08-05,353,450,402,770
Maharashtra,Pune,Pune (Gultekdi),Sugarcane,Co-86032,FAQ,2026-08-04,339,432,386,503
Maharashtra,Pune,Pune (Gultekdi),Sugarcane,Co-86032,FAQ,2026-08-03,323,412,368,360
Maharashtra,Pune,Pune (Gultekdi),Sugarcane,Co-86032,FAQ,2026-08-02,325,414,370,488
Maharashtra,Pune,Pune (Gultekdi),Sugarcane,Co-86032,FAQ,2026-08-01,294,375,335,518
Maharashtra,Pune,Pune (Gultekdi),Sugarcane,Co-86032,FAQ,2026-07-31,280,357,319,180
Maharashtra,Pune,Pune (Gultekdi),Sugarcane,Co-86032,FAQ,2026-07-30,264,336,300,725
Maharashtra,Pune,Pune (Gultekdi),Sugarcane,Co-86032,FAQ,2026-07-29,264,336,300,646
Maharashtra,Pune,Pune (Gultekdi),Sugarcane,Co-86032,FAQ,2026-07-28,264,336,300,321
Maharashtra,Pune,Pune (Gultekdi),Mustard,Black,FAQ,2026-08-26,4728,6017,5373,476
Maharashtra,Pune,Pune (Gultekdi),Mustard,Yellow,FAQ,2026-08-25,4737,6030,5384,470
Maharashtra,Pune,Pune (Gultekdi),Mustard,Black,FAQ,2026-08-24,4744,6039,5392,432
Maharashtra,Pune,Pune (Gultekdi),Mustard,Yellow,FAQ,2026-08-23,4752,6049,5401,615
Maharashtra,Pune,Pune (Gultekdi),Mustard,Yellow,FAQ,2026-08-22,4770,6071,5421,583
Maharashtra,Pune,Pune (Gultekdi),Mustard,Yellow,FAQ,2026-08-21,4770,6071,5421,564
Maharashtra,Pune,Pune (Gultekdi),Mustard,Black,FAQ,2026-08-20,4803,6114,5459,518
Maharashtra,Pune,Pune (Gultekdi),Mustard,Yellow,FAQ,2026-08-19,4861,6186,5524,310
Maharashtra,Pune,Pune (Gultekdi),Mustard,Yellow,FAQ,2026-08-18,4810,6121,5466,531
Maharashtra,Pune,Pune (Gultekdi),Mustard,Yellow,FAQ,2026-08-17,4871,6200,5536,750
Maharashtra,Pune,Pune (Gultekdi),Mustard,Yellow,FAQ,2026-08-16,4866,6193,5530,353
Maharashtra,Pune,Pune (Gultekdi),Mustard,Yellow,FAQ,2026-08-15,4853,6176,5515,746
Maharashtra,Pune,Pune (Gultekdi),Mustard,Black,FAQ,2026-08-14,4876,6207,5542,479
Maharashtra,Pune,Pune (Gultekdi),Mustard,Black,FAQ,2026-08-13,4883,6214,5549,657
Maharashtra,Pune,Pune (Gultekdi),Mustard,Black,FAQ,2026-08-12,4891,6226,5559,419
Maharashtra,Pune,Pune (Gultekdi),Mustard,Yellow,FAQ,2026-08-11,4891,6226,5559,394
Maharashtra,Pune,Pune (Gultekdi),Mustard,Yellow,FAQ,2026-08-10,4854,6179,5517,331
Maharashtra,Pune,Pune (Gultekdi),Mustard,Black,FAQ,2026-08-09,4899,6236,5568,505
Maharashtra,Pune,Pune (Gultekdi),Mustard,Black,FAQ,2026-08-08,4900,6237,5569,281
Maharashtra,Pune,Pune (Gultekdi),Mustard,Yellow,FAQ,2026-08-07,4880,6211,5546,494
Maharashtra,Pune,Pune (Gultekdi),Mustard,Black,FAQ,2026-08-06,4882,6213,5548,672
Maharashtra,Pune,Pune (Gultekdi),Mustard,Yellow,FAQ,2026-08-05,4831,6148,5490,281
Maharashtra,Pune,Pune (Gultekdi),Mustard,Yellow,FAQ,2026-08-04,4851,6174,5513,330
Maharashtra,Pune,Pune (Gultekdi),Mustard,Yellow,FAQ,2026-08-03,4830,6147,5489,731
Maharashtra,Pune,Pune (Gultekdi),Mustard,Black,FAQ,2026-08-02,4788,6093,5441,460
Maharashtra,Pune,Pune (Gultekdi),Mustard,Yellow,FAQ,2026-08-01,4792,6099,5446,546
Maharashtra,Pune,Pune (Gultekdi),Mustard,Black,FAQ,2026-07-31,4791,6098,5445,481
Maharashtra,Pune,Pune (Gultekdi),Mustard,Yellow,FAQ,2026-07-30,4767,6068,5418,174
Maharashtra,Pune,Pune (Gultekdi),Mustard,Black,FAQ,2026-07-29,4724,6013,5369,356
Maharashtra,Pune,Pune (Gultekdi),Mustard,Black,FAQ,2026-07-28,4737,6028,5383,273
Maharashtra,Pune,Pune (Gultekdi),Grapes,Thompson Seedless,FAQ,2026-08-26,4309,5484,4897,527
Maharashtra,Pune,Pune (Gultekdi),Grapes,Thompson Seedless,FAQ,2026-08-25,4329,5510,4920,264
Maharashtra,Pune,Pune (Gultekdi),Grapes,Thompson Seedless,FAQ,2026-08-24,4388,5585,4987,681
Maharashtra,Pune,Pune (Gultekdi),Grapes,Thompson Seedless,FAQ,2026-08-23,4364,5555,4960,262
Maharashtra,Pune,Pune (Gultekdi),Grapes,Thompson Seedless,FAQ,2026-08-22,4417,5622,5020,265
Maharashtra,Pune,Pune (Gultekdi),Grapes,Thompson Seedless,FAQ,2026-08-21,4396,5595,4996,618
Maharashtra,Pune,Pune (Gultekdi),Grapes,Thompson Seedless,FAQ,2026-08-20,4415,5620,5018,381
Maharashtra,Pune,Pune (Gultekdi),Grapes,Thompson Seedless,FAQ,2026-08-19,4415,5620,5018,793
Maharashtra,Pune,Pune (Gultekdi),Grapes,Thompson Seedless,FAQ,2026-08-18,4440,5651,5046,128
Maharashtra,Pune,Pune (Gultekdi),Grapes,Thompson Seedless,FAQ,2026-08-17,4447,5660,5054,190
Maharashtra,Pune,Pune (Gultekdi),Grapes,Thompson Seedless,FAQ,2026-08-16,4501,5728,5115,300
Maharashtra,Pune,Pune (Gultekdi),Grapes,Thompson Seedless,FAQ,2026-08-15,4508,5737,5123,221
Maharashtra,Pune,Pune (Gultekdi),Grapes,Thompson Seedless,FAQ,2026-08-14,4462,5679,5071,290
Maharashtra,Pune,Pune (Gultekdi),Grapes,Thompson Seedless,FAQ,2026-08-13,4507,5736,5122,460
Maharashtra,Pune,Pune (Gultekdi),Grapes,Thompson Seedless,FAQ,2026-08-12,4483,5706,5095,141
Maharashtra,Pune,Pune (Gultekdi),Grapes,Thompson Seedless,FAQ,2026-08-11,4453,5668,5061,425
Maharashtra,Pune,Pune (Gultekdi),Grapes,Thompson Seedless,FAQ,2026-08-10,4480,5701,5091,495
Maharashtra,Pune,Pune (Gultekdi),Grapes,Thompson Seedless,FAQ,2026-08-09,4499,5726,5113,366
Maharashtra,Pune,Pune (Gultekdi),Grapes,Thompson Seedless,FAQ,2026-08-08,4471,5690,5081,217
Maharashtra,Pune,Pune (Gultekdi),Grapes,Thompson Seedless,FAQ,2026-08-07,4446,5659,5053,755
Maharashtra,Pune,Pune (Gultekdi),Grapes,Thompson Seedless,FAQ,2026-08-06,4458,5675,5067,325
Maharashtra,Pune,Pune (Gultekdi),Grapes,Thompson Seedless,FAQ,2026-08-05,4424,5631,5028,154
Maharashtra,Pune,Pune (Gultekdi),Grapes,Thompson Seedless,FAQ,2026-08-04,4444,5657,5051,554
Maharashtra,Pune,Pune (Gultekdi),Grapes,Thompson Seedless,FAQ,2026-08-03,4463,5680,5072,755
Maharashtra,Pune,Pune (Gultekdi),Grapes,Thompson Seedless,FAQ,2026-08-02,4425,5632,5029,280
Maharashtra,Pune,Pune (Gultekdi),Grapes,Thompson Seedless,FAQ,2026-08-01,4395,5594,4995,263
Maharashtra,Pune,Pune (Gultekdi),Grapes,Thompson Seedless,FAQ,2026-07-31,4374,5567,4971,620
Maharashtra,Pune,Pune (Gultekdi),Grapes,Thompson Seedless,FAQ,2026-07-30,4396,5595,4996,711
Maharashtra,Pune,Pune (Gultekdi),Grapes,Thompson Seedless,FAQ,2026-07-29,4385,5580,4983,133
Maharashtra,Pune,Pune (Gultekdi),Grapes,Thompson Seedless,FAQ,2026-07-28,4343,5528,4936,386
Maharashtra,Pune,Pune (Gultekdi),Pomegranate,Bhagwa,FAQ,2026-08-26,5598,7125,6362,573
Maharashtra,Pune,Pune (Gultekdi),Pomegranate,Bhagwa,FAQ,2026-08-25,5641,7180,6411,125
Maharashtra,Pune,Pune (Gultekdi),Pomegranate,Bhagwa,FAQ,2026-08-24,5707,7264,6486,101
Maharashtra,Pune,Pune (Gultekdi),Pomegranate,Bhagwa,FAQ,2026-08-23,5701,7256,6479,590
Maharashtra,Pune,Pune (Gultekdi),Pomegranate,Bhagwa,FAQ,2026-08-22,5707,7264,6486,365
Maharashtra,Pune,Pune (Gultekdi),Pomegranate,Bhagwa,FAQ,2026-08-21,5710,7267,6489,515
Maharashtra,Pune,Pune (Gultekdi),Pomegranate,Bhagwa,FAQ,2026-08-20,5737,7302,6520,237
Maharashtra,Pune,Pune (Gultekdi),Pomegranate,Bhagwa,FAQ,2026-08-19,5756,7327,6542,296
Maharashtra,Pune,Pune (Gultekdi),Pomegranate,Bhagwa,FAQ,2026-08-18,5793,7372,6583,171
Maharashtra,Pune,Pune (Gultekdi),Pomegranate,Bhagwa,FAQ,2026-08-17,5796,7377,6587,614
Maharashtra,Pune,Pune (Gultekdi),Pomegranate,Bhagwa,FAQ,2026-08-16,5776,7351,6564,750
Maharashtra,Pune,Pune (Gultekdi),Pomegranate,Bhagwa,FAQ,2026-08-15,5770,7343,6557,573
Maharashtra,Pune,Pune (Gultekdi),Pomegranate,Bhagwa,FAQ,2026-08-14,5801,7384,6593,706
Maharashtra,Pune,Pune (Gultekdi),Pomegranate,Bhagwa,FAQ,2026-08-13,5838,7431,6635,192
Maharashtra,Pune,Pune (Gultekdi),Pomegranate,Bhagwa,FAQ,2026-08-12,5784,7361,6573,678
Maharashtra,Pune,Pune (Gultekdi),Pomegranate,Bhagwa,FAQ,2026-08-11,5772,7347,6560,777
Maharashtra,Pune,Pune (Gultekdi),Pomegranate,Bhagwa,FAQ,2026-08-10,5794,7375,6585,219
Maharashtra,Pune,Pune (Gultekdi),Pomegranate,Bhagwa,FAQ,2026-08-09,5795,7376,6586,235
Maharashtra,Pune,Pune (Gultekdi),Pomegranate,Bhagwa,FAQ,2026-08-08,5802,7385,6594,134
Maharashtra,Pune,Pune (Gultekdi),Pomegranate,Bhagwa,FAQ,2026-08-07,5812,7397,6605,486
Maharashtra,Pune,Pune (Gultekdi),Pomegranate,Bhagwa,FAQ,2026-08-06,5800,7381,6591,128
Maharashtra,Pune,Pune (Gultekdi),Pomegranate,Bhagwa,FAQ,2026-08-05,5786,7364,6575,260
Maharashtra,Pune,Pune (Gultekdi),Pomegranate,Bhagwa,FAQ,2026-08-04,5785,7362,6574,191
Maharashtra,Pune,Pune (Gultekdi),Pomegranate,Bhagwa,FAQ,2026-08-03,5739,7304,6522,307
Maharashtra,Pune,Pune (Gultekdi),Pomegranate,Bhagwa,FAQ,2026-08-02,5777,7352,6565,476
Maharashtra,Pune,Pune (Gultekdi),Pomegranate,Bhagwa,FAQ,2026-08-01,5695,7248,6472,175
Maharashtra,Pune,Pune (Gultekdi),Pomegranate,Bhagwa,FAQ,2026-07-31,5746,7313,6530,215
Maharashtra,Pune,Pune (Gultekdi),Pomegranate,Bhagwa,FAQ,2026-07-30,5698,7253,6476,600
Maharashtra,Pune,Pune (Gultekdi),Pomegranate,Bhagwa,FAQ,2026-07-29,5640,7179,6410,665
Maharashtra,Pune,Pune (Gultekdi),Pomegranate,Bhagwa,FAQ,2026-07-28,5674,7221,6448,691
Maharashtra,Pune,Baramati,Tomato,Local,FAQ,2026-08-26,1863,2372,2118,607
Maharashtra,Pune,Baramati,Tomato,Hybrid,FAQ,2026-08-25,1855,2360,2108,343
Maharashtra,Pune,Baramati,Tomato,Vaishali,FAQ,2026-08-24,1871,2382,2127,766
Maharashtra,Pune,Baramati,Tomato,Local,FAQ,2026-08-23,1876,2387,2132,262
Maharashtra,Pune,Baramati,Tomato,Local,FAQ,2026-08-22,1910,2431,2171,685
Maharashtra,Pune,Baramati,Tomato,Local,FAQ,2026-08-21,1916,2439,2178,778
Maharashtra,Pune,Baramati,Tomato,Vaishali,FAQ,2026-08-20,1940,2469,2205,127
Maharashtra,Pune,Baramati,Tomato,Vaishali,FAQ,2026-08-19,1993,2536,2265,565
Maharashtra,Pune,Baramati,Tomato,Hybrid,FAQ,2026-08-18,1999,2544,2272,614
Maharashtra,Pune,Baramati,Tomato,Local,FAQ,2026-08-17,2030,2583,2307,512
Maharashtra,Pune,Baramati,Tomato,Hybrid,FAQ,2026-08-16,1978,2517,2248,672
Maharashtra,Pune,Baramati,Tomato,Vaishali,FAQ,2026-08-15,2013,2562,2288,774
Maharashtra,Pune,Baramati,Tomato,Vaishali,FAQ,2026-08-14,2001,2546,2274,586
Maharashtra,Pune,Baramati,Tomato,Hybrid,FAQ,2026-08-13,2044,2601,2323,169
Maharashtra,Pune,Baramati,Tomato,Vaishali,FAQ,2026-08-12,2039,2596,2318,316
Maharashtra,Pune,Baramati,Tomato,Hybrid,FAQ,2026-08-11,2038,2593,2316,581
Maharashtra,Pune,Baramati,Tomato,Hybrid,FAQ,2026-08-10,2047,2606,2327,312
Maharashtra,Pune,Baramati,Tomato,Local,FAQ,2026-08-09,2054,2615,2335,216
Maharashtra,Pune,Baramati,Tomato,Hybrid,FAQ,2026-08-08,2042,2599,2321,464
Maharashtra,Pune,Baramati,Tomato,Local,FAQ,2026-08-07,2014,2563,2289,786
Maharashtra,Pune,Baramati,Tomato,Vaishali,FAQ,2026-08-06,2006,2553,2280,571
Maharashtra,Pune,Baramati,Tomato,Hybrid,FAQ,2026-08-05,2003,2550,2277,172
Maharashtra,Pune,Baramati,Tomato,Local,FAQ,2026-08-04,1960,2495,2228,376
Maharashtra,Pune,Baramati,Tomato,Hybrid,FAQ,2026-08-03,1950,2483,2217,279
Maharashtra,Pune,Baramati,Tomato,Vaishali,FAQ,2026-08-02,1987,2530,2259,221
Maharashtra,Pune,Baramati,Tomato,Hybrid,FAQ,2026-08-01,1947,2478,2213,670
Maharashtra,Pune,Baramati,Tomato,Local,FAQ,2026-07-31,1909,2430,2170,511
Maharashtra,Pune,Baramati,Tomato,Local,FAQ,2026-07-30,1924,2449,2187,421
Maharashtra,Pune,Baramati,Tomato,Hybrid,FAQ,2026-07-29,1899,2416,2158,125
Maharashtra,Pune,Baramati,Tomato,Vaishali,FAQ,2026-07-28,1872,2383,2128,361
Maharashtra,Pune,Baramati,Onion,Garwa,FAQ,2026-08-26,1538,1957,1748,667
Maharashtra,Pune,Baramati,Onion,Garwa,FAQ,2026-08-25,1582,2013,1798,728
Maharashtra,Pune,Baramati,Onion,Garwa,FAQ,2026-08-24,1571,2000,1786,153
Maharashtra,Pune,Baramati,Onion,White,FAQ,2026-08-23,1620,2063,1842,129
Maharashtra,Pune,Baramati,Onion,Garwa,FAQ,2026-08-22,1608,2047,1828,153
Maharashtra,Pune,Baramati,Onion,Garwa,FAQ,2026-08-21,1631,2076,1854,587
Maharashtra,Pune,Baramati,Onion,Red,FAQ,2026-08-20,1656,2107,1882,342
Maharashtra,Pune,Baramati,Onion,Garwa,FAQ,2026-08-19,1655,2106,1881,764
Maharashtra,Pune,Baramati,Onion,Garwa,FAQ,2026-08-18,1678,2135,1907,790
Maharashtra,Pune,Baramati,Onion,White,FAQ,2026-08-17,1668,2123,1896,261
Maharashtra,Pune,Baramati,Onion,Red,FAQ,2026-08-16,1676,2133,1905,623
Maharashtra,Pune,Baramati,Onion,White,FAQ,2026-08-15,1716,2184,1950,325
Maharashtra,Pune,Baramati,Onion,Garwa,FAQ,2026-08-14,1708,2175,1942,775
Maharashtra,Pune,Baramati,Onion,Red,FAQ,2026-08-13,1740,2215,1978,625
Maharashtra,Pune,Baramati,Onion,Red,FAQ,2026-08-12,1685,2144,1915,427
Maharashtra,Pune,Baramati,Onion,Red,FAQ,2026-08-11,1702,2167,1935,582
Maharashtra,Pune,Baramati,Onion,Garwa,FAQ,2026-08-10,1746,2223,1985,520
Maharashtra,Pune,Baramati,Onion,Red,FAQ,2026-08-09,1713,2180,1947,488
Maharashtra,Pune,Baramati,Onion,Red,FAQ,2026-08-08,1675,2132,1904,120
Maharashtra,Pune,Baramati,Onion,White,FAQ,2026-08-07,1718,2187,1953,635
Maharashtra,Pune,Baramati,Onion,White,FAQ,2026-08-06,1669,2124,1897,583
Maharashtra,Pune,Baramati,Onion,Garwa,FAQ,2026-08-05,1657,2108,1883,129
Maharashtra,Pune,Baramati,Onion,Red,FAQ,2026-08-04,1663,2116,1890,361
Maharashtra,Pune,Baramati,Onion,Red,FAQ,2026-08-03,1700,2163,1932,279
Maharashtra,Pune,Baramati,Onion,Red,FAQ,2026-08-02,1663,2116,1890,376
Maharashtra,Pune,Baramati,Onion,White,FAQ,2026-08-01,1640,2087,1864,787
Maharashtra,Pune,Baramati,Onion,Red,FAQ,2026-07-31,1654,2105,1880,557
Maharashtra,Pune,Baramati,Onion,White,FAQ,2026-07-30,1584,2016,1800,722
Maharashtra,Pune,Baramati,Onion,Red,FAQ,2026-07-29,1581,2012,1797,531
Maharashtra,Pune,Baramati,Onion,White,FAQ,2026-07-28,1549,1972,1761,201
Maharashtra,Pune,Baramati,Wheat,Sharbati,FAQ,2026-08-26,2039,2596,2318,659
Maharashtra,Pune,Baramati,Wheat,Lok-1,FAQ,2026-08-25,2116,2693,2405,204
Maharashtra,Pune,Baramati,Wheat,Sharbati,FAQ,2026-08-24,2126,2707,2417,598
Maharashtra,Pune,Baramati,Wheat,FAQ,FAQ,2026-08-23,2130,2711,2421,242
Maharashtra,Pune,Baramati,Wheat,FAQ,FAQ,2026-08-22,2161,2750,2456,479
Maharashtra,Pune,Baramati,Wheat,Lok-1,FAQ,2026-08-21,2190,2787,2489,235
Maharashtra,Pune,Baramati,Wheat,Lok-1,FAQ,2026-08-20,2190,2787,2489,376
Maharashtra,Pune,Baramati,Wheat,FAQ,FAQ,2026-08-19,2203,2804,2504,132
Maharashtra,Pune,Baramati,Wheat,Lok-1,FAQ,2026-08-18,2185,2782,2484,578
Maharashtra,Pune,Baramati,Wheat,Sharbati,FAQ,2026-08-17,2240,2851,2546,677
Maharashtra,Pune,Baramati,Wheat,Lok-1,FAQ,2026-08-16,2198,2797,2498,563
Maharashtra,Pune,Baramati,Wheat,FAQ,FAQ,2026-08-15,2258,2873,2566,198
Maharashtra,Pune,Baramati,Wheat,Sharbati,FAQ,2026-08-14,2225,2832,2529,616
Maharashtra,Pune,Baramati,Wheat,Lok-1,FAQ,2026-08-13,2244,2856,2550,459
Maharashtra,Pune,Baramati,Wheat,FAQ,FAQ,2026-08-12,2245,2858,2552,269
Maharashtra,Pune,Baramati,Wheat,FAQ,FAQ,2026-08-11,2275,2896,2586,544
Maharashtra,Pune,Baramati,Wheat,FAQ,FAQ,2026-08-10,2213,2816,2515,783
Maharashtra,Pune,Baramati,Wheat,Sharbati,FAQ,2026-08-09,2218,2823,2521,172
Maharashtra,Pune,Baramati,Wheat,FAQ,FAQ,2026-08-08,2272,2891,2582,262
Maharashtra,Pune,Baramati,Wheat,Lok-1,FAQ,2026-08-07,2222,2828,2525,791
Maharashtra,Pune,Baramati,Wheat,Lok-1,FAQ,2026-08-06,2246,2859,2553,167
Maharashtra,Pune,Baramati,Wheat,Lok-1,FAQ,2026-08-05,2188,2785,2487,595
Maharashtra,Pune,Baramati,Wheat,Lok-1,FAQ,2026-08-04,2173,2766,2470,693
Maharashtra,Pune,Baramati,Wheat,Sharbati,FAQ,2026-08-03,2218,2823,2521,259
Maharashtra,Pune,Baramati,Wheat,Lok-1,FAQ,2026-08-02,2157,2746,2452,103
Maharashtra,Pune,Baramati,Wheat,Sharbati,FAQ,2026-08-01,2154,2741,2448,767
Maharashtra,Pune,Baramati,Wheat,FAQ,FAQ,2026-07-31,2150,2737,2444,322
Maharashtra,Pune,Baramati,Wheat,FAQ,FAQ,2026-07-30,2117,2694,2406,600
Maharashtra,Pune,Baramati,Wheat,Lok-1,FAQ,2026-07-29,2144,2729,2437,194
Maharashtra,Pune,Baramati,Wheat,FAQ,FAQ,2026-07-28,2060,2621,2341,334
Maharashtra,Pune,Baramati,Rice,Basmati,FAQ,2026-08-26,2190,2787,2489,404
Maharashtra,Pune,Baramati,Rice,Swarna,FAQ,2026-08-25,2199,2798,2499,647
Maharashtra,Pune,Baramati,Rice,Basmati,FAQ,2026-08-24,2232,2841,2537,800
Maharashtra,Pune,Baramati,Rice,Basmati,FAQ,2026-08-23,2275,2896,2586,160
Maharashtra,Pune,Baramati,Rice,Swarna,FAQ,2026-08-22,2301,2928,2615,371
Maharashtra,Pune,Baramati,Rice,Swarna,FAQ,2026-08-21,2330,2965,2648,365
Maharashtra,Pune,Baramati,Rice,Basmati,FAQ,2026-08-20,2310,2941,2626,156
Maharashtra,Pune,Baramati,Rice,Basmati,FAQ,2026-08-19,2310,2940,2625,677
Maharashtra,Pune,Baramati,Rice,Swarna,FAQ,2026-08-18,2315,2946,2631,102
Maharashtra,Pune,Baramati,Rice,Swarna,FAQ,2026-08-17,2348,2989,2669,569
Maharashtra,Pune,Baramati,Rice,Paddy(Dpr),FAQ,2026-08-16,2360,3003,2682,105
Maharashtra,Pune,Baramati,Rice,Swarna,FAQ,2026-08-15,2332,2969,2651,412
Maharashtra,Pune,Baramati,Rice,Swarna,FAQ,2026-08-14,2390,3043,2717,334
Maharashtra,Pune,Baramati,Rice,Basmati,FAQ,2026-08-13,2370,3017,2694,741
Maharashtra,Pune,Baramati,Rice,Basmati,FAQ,2026-08-12,2406,3063,2735,402
Maharashtra,Pune,Baramati,Rice,Swarna,FAQ,2026-08-11,2342,2981,2662,558
Maharashtra,Pune,Baramati,Rice,Paddy(Dpr),FAQ,2026-08-10,2347,2988,2668,384
Maharashtra,Pune,Baramati,Rice,Swarna,FAQ,2026-08-09,2403,3058,2731,178
Maharashtra,Pune,Baramati,Rice,Swarna,FAQ,2026-08-08,2375,3022,2699,100
Maharashtra,Pune,Baramati,Rice,Basmati,FAQ,2026-08-07,2384,3035,2710,364
Maharashtra,Pune,Baramati,Rice,Paddy(Dpr),FAQ,2026-08-06,2360,3003,2682,472
Maharashtra,Pune,Baramati,Rice,Swarna,FAQ,2026-08-05,2327,2962,2645,622
Maharashtra,Pune,Baramati,Rice,Swarna,FAQ,2026-08-04,2306,2935,2621,450
Maharashtra,Pune,Baramati,Rice,Paddy(Dpr),FAQ,2026-08-03,2330,2965,2648,128
Maharashtra,Pune,Baramati,Rice,Basmati,FAQ,2026-08-02,2305,2934,2620,580
Maharashtra,Pune,Baramati,Rice,Paddy(Dpr),FAQ,2026-08-01,2305,2934,2620,243
Maharashtra,Pune,Baramati,Rice,Basmati,FAQ,2026-07-31,2300,2927,2614,564
Maharashtra,Pune,Baramati,Rice,Swarna,FAQ,2026-07-30,2297,2924,2611,762
Maharashtra,Pune,Baramati,Rice,Swarna,FAQ,2026-07-29,2241,2852,2547,426
Maharashtra,Pune,Baramati,Rice,Basmati,FAQ,2026-07-28,2243,2854,2549,406
Maharashtra,Pune,Baramati,Potato,Kufri,FAQ,2026-08-26,1220,1553,1387,283
Maharashtra,Pune,Baramati,Potato,Jyoti,FAQ,2026-08-25,1239,1576,1408,498
Maharashtra,Pune,Baramati,Potato,Jyoti,FAQ,2026-08-24,1268,1613,1441,485
Maharashtra,Pune,Baramati,Potato,Jyoti,FAQ,2026-08-23,1329,1692,1511,757
Maharashtra,Pune,Baramati,Potato,Kufri,FAQ,2026-08-22,1325,1686,1506,659
Maharashtra,Pune,Baramati,Potato,Jyoti,FAQ,2026-08-21,1334,1699,1517,115
Maharashtra,Pune,Baramati,Potato,Kufri,FAQ,2026-08-20,1375,1750,1563,628
Maharashtra,Pune,Baramati,Potato,Jyoti,FAQ,2026-08-19,1355,1724,1540,718
Maharashtra,Pune,Baramati,Potato,Jyoti,FAQ,2026-08-18,1403,1786,1595,325
Maharashtra,Pune,Baramati,Potato,Jyoti,FAQ,2026-08-17,1356,1727,1542,156
Maharashtra,Pune,Baramati,Potato,Jyoti,FAQ,2026-08-16,1369,1742,1556,162
Maharashtra,Pune,Baramati,Potato,Jyoti,FAQ,2026-08-15,1414,1799,1607,323
Maharashtra,Pune,Baramati,Potato,Kufri,FAQ,2026-08-14,1393,1772,1583,451
Maharashtra,Pune,Baramati,Potato,Kufri,FAQ,2026-08-13,1419,1806,1613,181
Maharashtra,Pune,Baramati,Potato,Kufri,FAQ,2026-08-12,1384,1761,1573,254
Maharashtra,Pune,Baramati,Potato,Jyoti,FAQ,2026-08-11,1410,1795,1603,412
Maharashtra,Pune,Baramati,Potato,Kufri,FAQ,2026-08-10,1406,1789,1598,537
Maharashtra,Pune,Baramati,Potato,Jyoti,FAQ,2026-08-09,1437,1830,1634,172
Maharashtra,Pune,Baramati,Potato,Jyoti,FAQ,2026-08-08,1409,1794,1602,503
Maharashtra,Pune,Baramati,Potato,Jyoti,FAQ,2026-08-07,1389,1768,1579,623
Maharashtra,Pune,Baramati,Potato,Jyoti,FAQ,2026-08-06,1416,1803,1610,526
Maharashtra,Pune,Baramati,Potato,Kufri,FAQ,2026-08-05,1346,1713,1530,523
Maharashtra,Pune,Baramati,Potato,Kufri,FAQ,2026-08-04,1337,1702,1520,783
Maharashtra,Pune,Baramati,Potato,Jyoti,FAQ,2026-08-03,1337,1702,1520,210
Maharashtra,Pune,Baramati,Potato,Jyoti,FAQ,2026-08-02,1320,1681,1501,194
Maharashtra,Pune,Baramati,Potato,Kufri,FAQ,2026-08-01,1348,1715,1532,148
Maharashtra,Pune,Baramati,Potato,Jyoti,FAQ,2026-07-31,1312,1669,1491,746
Maharashtra,Pune,Baramati,Potato,Jyoti,FAQ,2026-07-30,1293,1646,1470,623
Maharashtra,Pune,Baramati,Potato,Jyoti,FAQ,2026-07-29,1264,1609,1437,705
Maharashtra,Pune,Baramati,Potato,Kufri,FAQ,2026-07-28,1288,1639,1464,325
Maharashtra,Pune,Baramati,Soyabean,Yellow,FAQ,2026-08-26,3764,4791,4278,388
Maharashtra,Pune,Baramati,Soyabean,Yellow,FAQ,2026-08-25,3776,4805,4291,142
Maharashtra,Pune,Baramati,Soyabean,Yellow,FAQ,2026-08-24,3857,4910,4384,544
Maharashtra,Pune,Baramati,Soyabean,Yellow,FAQ,2026-08-23,3871,4926,4399,460
Maharashtra,Pune,Baramati,Soyabean,JS-335,FAQ,2026-08-22,3855,4906,4381,425
Maharashtra,Pune,Baramati,Soyabean,JS-335,FAQ,2026-08-21,3882,4941,4412,598
Maharashtra,Pune,Baramati,Soyabean,Yellow,FAQ,2026-08-20,3913,4980,4447,710
Maharashtra,Pune,Baramati,Soyabean,Yellow,FAQ,2026-08-19,3924,4995,4460,754
Maharashtra,Pune,Baramati,Soyabean,JS-335,FAQ,2026-08-18,3924,4995,4460,235
Maharashtra,Pune,Baramati,Soyabean,Yellow,FAQ,2026-08-17,3939,5014,4477,226
Maharashtra,Pune,Baramati,Soyabean,Yellow,FAQ,2026-08-16,3947,5024,4486,206
Maharashtra,Pune,Baramati,Soyabean,JS-335,FAQ,2026-08-15,3921,4990,4456,151
Maharashtra,Pune,Baramati,Soyabean,Yellow,FAQ,2026-08-14,3982,5069,4526,651
Maharashtra,Pune,Baramati,Soyabean,Yellow,FAQ,2026-08-13,3989,5078,4534,233
Maharashtra,Pune,Baramati,Soyabean,Yellow,FAQ,2026-08-12,3952,5029,4491,150
Maharashtra,Pune,Baramati,Soyabean,JS-335,FAQ,2026-08-11,3993,5082,4538,534
Maharashtra,Pune,Baramati,Soyabean,JS-335,FAQ,2026-08-10,3947,5024,4486,216
Maharashtra,Pune,Baramati,Soyabean,Yellow,FAQ,2026-08-09,3925,4996,4461,800
Maharashtra,Pune,Baramati,Soyabean,JS-335,FAQ,2026-08-08,3928,4999,4464,450
Maharashtra,Pune,Baramati,Soyabean,JS-335,FAQ,2026-08-07,3919,4988,4454,337
Maharashtra,Pune,Baramati,Soyabean,JS-335,FAQ,2026-08-06,3904,4969,4437,522
Maharashtra,Pune,Baramati,Soyabean,Yellow,FAQ,2026-08-05,3917,4986,4452,248
Maharashtra,Pune,Baramati,Soyabean,Yellow,FAQ,2026-08-04,3906,4971,4439,169
Maharashtra,Pune,Baramati,Soyabean,Yellow,FAQ,2026-08-03,3933,5006,4470,668
Maharashtra,Pune,Baramati,Soyabean,JS-335,FAQ,2026-08-02,3918,4987,4453,500
Maharashtra,Pune,Baramati,Soyabean,JS-335,FAQ,2026-08-01,3859,4912,4386,586
Maharashtra,Pune,Baramati,Soyabean,JS-335,FAQ,2026-07-31,3841,4888,4365,424
Maharashtra,Pune,Baramati,Soyabean,Yellow,FAQ,2026-07-30,3813,4854,4334,367
Maharashtra,Pune,Baramati,Soyabean,JS-335,FAQ,2026-07-29,3833,4878,4356,554
Maharashtra,Pune,Baramati,Soyabean,Yellow,FAQ,2026-07-28,3813,4852,4333,682
Maharashtra,Pune,Baramati,Maize,Hybrid,FAQ,2026-08-26,1597,2032,1815,784
Maharashtra,Pune,Baramati,Maize,Hybrid,FAQ,2026-08-25,1674,2131,1903,564
Maharashtra,Pune,Baramati,Maize,Yellow,FAQ,2026-08-24,1661,2114,1888,497
Maharashtra,Pune,Baramati,Maize,Hybrid,FAQ,2026-08-23,1664,2117,1891,164
Maharashtra,Pune,Baramati,Maize,Hybrid,FAQ,2026-08-22,1709,2176,1943,755
Maharashtra,Pune,Baramati,Maize,Hybrid,FAQ,2026-08-21,1738,2212,1975,707
Maharashtra,Pune,Baramati,Maize,Yellow,FAQ,2026-08-20,1745,2220,1983,493
Maharashtra,Pune,Baramati,Maize,Yellow,FAQ,2026-08-19,1757,2236,1997,728
Maharashtra,Pune,Baramati,Maize,Yellow,FAQ,2026-08-18,1758,2237,1998,580
Maharashtra,Pune,Baramati,Maize,Hybrid,FAQ,2026-08-17,1760,2241,2001,140
Maharashtra,Pune,Baramati,Maize,Hybrid,FAQ,2026-08-16,1766,2247,2007,769
Maharashtra,Pune,Baramati,Maize,Yellow,FAQ,2026-08-15,1820,2317,2069,144
Maharashtra,Pune,Baramati,Maize,Hybrid,FAQ,2026-08-14,1806,2299,2053,706
Maharashtra,Pune,Baramati,Maize,Hybrid,FAQ,2026-08-13,1767,2248,2008,554
Maharashtra,Pune,Baramati,Maize,Yellow,FAQ,2026-08-12,1784,2271,2028,617
Maharashtra,Pune,Baramati,Maize,Hybrid,FAQ,2026-08-11,1790,2279,2035,447
Maharashtra,Pune,Baramati,Maize,Hybrid,FAQ,2026-08-10,1821,2318,2070,629
Maharashtra,Pune,Baramati,Maize,Hybrid,FAQ,2026-08-09,1827,2326,2077,208
Maharashtra,Pune,Baramati,Maize,Hybrid,FAQ,2026-08-08,1795,2284,2040,723
Maharashtra,Pune,Baramati,Maize,Yellow,FAQ,2026-08-07,1822,2319,2071,788
Maharashtra,Pune,Baramati,Maize,Hybrid,FAQ,2026-08-06,1765,2246,2006,261
Maharashtra,Pune,Baramati,Maize,Hybrid,FAQ,2026-08-05,1782,2269,2026,501
Maharashtra,Pune,Baramati,Maize,Hybrid,FAQ,2026-08-04,1785,2272,2029,449
Maharashtra,Pune,Baramati,Maize,Yellow,FAQ,2026-08-03,1771,2254,2013,589
Maharashtra,Pune,Baramati,Maize,Hybrid,FAQ,2026-08-02,1717,2186,1952,779
Maharashtra,Pune,Baramati,Maize,Hybrid,FAQ,2026-08-01,1743,2218,1981,393
Maharashtra,Pune,Baramati,Maize,Hybrid,FAQ,2026-07-31,1744,2219,1982,676
Maharashtra,Pune,Baramati,Maize,Yellow,FAQ,2026-07-30,1677,2134,1906,114
Maharashtra,Pune,Baramati,Maize,Hybrid,FAQ,2026-07-29,1703,2168,1936,592
Maharashtra,Pune,Baramati,Maize,Hybrid,FAQ,2026-07-28,1683,2142,1913,257
Maharashtra,Pune,Baramati,Cotton,Medium Staple,FAQ,2026-08-26,5692,7245,6469,349
Maharashtra,Pune,Baramati,Cotton,Medium Staple,FAQ,2026-08-25,5764,7337,6551,336
Maharashtra,Pune,Baramati,Cotton,Medium Staple,FAQ,2026-08-24,5747,7314,6531,577
Maharashtra,Pune,Baramati,Cotton,Medium Staple,FAQ,2026-08-23,5803,7386,6595,562
Maharashtra,Pune,Baramati,Cotton,Medium Staple,FAQ,2026-08-22,5788,7367,6578,336
Maharashtra,Pune,Baramati,Cotton,Medium Staple,FAQ,2026-08-21,5810,7395,6603,776
Maharashtra,Pune,Baramati,Cotton,Medium Staple,FAQ,2026-08-20,5811,7396,6604,534
Maharashtra,Pune,Baramati,Cotton,Medium Staple,FAQ,2026-08-19,5822,7409,6616,515
Maharashtra,Pune,Baramati,Cotton,Medium Staple,FAQ,2026-08-18,5890,7497,6694,310
Maharashtra,Pune,Baramati,Cotton,Medium Staple,FAQ,2026-08-17,5901,7510,6706,404
Maharashtra,Pune,Baramati,Cotton,Medium Staple,FAQ,2026-08-16,5879,7482,6681,361
Maharashtra,Pune,Baramati,Cotton,Medium Staple,FAQ,2026-08-15,5857,7454,6656,709
Maharashtra,Pune,Baramati,Cotton,Medium Staple,FAQ,2026-08-14,5903,7512,6708,302
Maharashtra,Pune,Baramati,Cotton,Medium Staple,FAQ,2026-08-13,5884,7489,6687,449
Maharashtra,Pune,Baramati,Cotton,Medium Staple,FAQ,2026-08-12,5915,7528,6722,228
Maharashtra,Pune,Baramati,Cotton,Medium Staple,FAQ,2026-08-11,5867,7468,6668,760
Maharashtra,Pune,Baramati,Cotton,Medium Staple,FAQ,2026-08-10,5861,7460,6661,583
Maharashtra,Pune,Baramati,Cotton,Medium Staple,FAQ,2026-08-09,5862,7461,6662,540
Maharashtra,Pune,Baramati,Cotton,Medium Staple,FAQ,2026-08-08,5919,7534,6727,439
Maharashtra,Pune,Baramati,Cotton,Medium Staple,FAQ,2026-08-07,5871,7472,6672,107
Maharashtra,Pune,Baramati,Cotton,Medium Staple,FAQ,2026-08-06,5864,7463,6664,505
Maharashtra,Pune,Baramati,Cotton,Medium Staple,FAQ,2026-08-05,5861,7460,6661,152
Maharashtra,Pune,Baramati,Cotton,Medium Staple,FAQ,2026-08-04,5840,7433,6637,355
Maharashtra,Pune,Baramati,Cotton,Medium Staple,FAQ,2026-08-03,5852,7448,6650,362
Maharashtra,Pune,Baramati,Cotton,Medium Staple,FAQ,2026-08-02,5866,7467,6667,375
Maharashtra,Pune,Baramati,Cotton,Medium Staple,FAQ,2026-08-01,5799,7380,6590,310
Maharashtra,Pune,Baramati,Cotton,Medium Staple,FAQ,2026-07-31,5801,7384,6593,116
Maharashtra,Pune,Baramati,Cotton,Medium Staple,FAQ,2026-07-30,5783,7360,6572,210
Maharashtra,Pune,Baramati,Cotton,Medium Staple,FAQ,2026-07-29,5739,7304,6522,747
Maharashtra,Pune,Baramati,Cotton,Medium Staple,FAQ,2026-07-28,5727,7290,6509,377
Maharashtra,Pune,Baramati,Sugarcane,Co-86032,FAQ,2026-08-26,264,336,300,460
Maharashtra,Pune,Baramati,Sugarcane,Co-86032,FAQ,2026-08-25,264,336,300,506
Maharashtra,Pune,Baramati,Sugarcane,Co-86032,FAQ,2026-08-24,264,336,300,731
Maharashtra,Pune,Baramati,Sugarcane,Co-86032,FAQ,2026-08-23,271,346,309,155
Maharashtra,Pune,Baramati,Sugarcane,Co-86032,FAQ,2026-08-22,265,338,302,247
Maharashtra,Pune,Baramati,Sugarcane,Co-86032,FAQ,2026-08-21,264,336,300,501
Maharashtra,Pune,Baramati,Sugarcane,Co-86032,FAQ,2026-08-20,304,387,346,504
Maharashtra,Pune,Baramati,Sugarcane,Co-86032,FAQ,2026-08-19,351,446,399,522
Maharashtra,Pune,Baramati,Sugarcane,Co-86032,FAQ,2026-08-18,339,432,386,297
Maharashtra,Pune,Baramati,Sugarcane,Co-86032,FAQ,2026-08-17,315,402,359,347
Maharashtra,Pune,Baramati,Sugarcane,Co-86032,FAQ,2026-08-16,333,424,379,472
Maharashtra,Pune,Baramati,Sugarcane,Co-86032,FAQ,2026-08-15,331,422,377,585
Maharashtra,Pune,Baramati,Sugarcane,Co-86032,FAQ,2026-08-14,336,427,382,324
Maharashtra,Pune,Baramati,Sugarcane,Co-86032,FAQ,2026-08-13,382,487,435,747
Maharashtra,Pune,Baramati,Sugarcane,Co-86032,FAQ,2026-08-12,380,483,432,478
Maharashtra,Pune,Baramati,Sugarcane,Co-86032,FAQ,2026-08-11,389,496,443,571
Maharashtra,Pune,Baramati,Sugarcane,Co-86032,FAQ,2026-08-10,376,479,428,287
Maharashtra,Pune,Baramati,Sugarcane,Co-86032,FAQ,2026-08-09,382,487,435,787
Maharashtra,Pune,Baramati,Sugarcane,Co-86032,FAQ,2026-08-08,355,452,404,503
Maharashtra,Pune,Baramati,Sugarcane,Co-86032,FAQ,2026-08-07,361,460,411,139
Maharashtra,Pune,Baramati,Sugarcane,Co-86032,FAQ,2026-08-06,351,446,399,451
Maharashtra,Pune,Baramati,Sugarcane,Co-86032,FAQ,2026-08-05,356,453,405,749
Maharashtra,Pune,Baramati,Sugarcane,Co-86032,FAQ,2026-08-04,304,387,346,159
Maharashtra,Pune,Baramati,Sugarcane,Co-86032,FAQ,2026-08-03,338,431,385,138
Maharashtra,Pune,Baramati,Sugarcane,Co-86032,FAQ,2026-08-02,331,422,377,475
Maharashtra,Pune,Baramati,Sugarcane,Co-86032,FAQ,2026-08-01,264,337,301,526
Maharashtra,Pune,Baramati,Sugarcane,Co-86032,FAQ,2026-07-31,309,394,352,166
Maharashtra,Pune,Baramati,Sugarcane,Co-86032,FAQ,2026-07-30,264,337,301,182
Maharashtra,Pune,Baramati,Sugarcane,Co-86032,FAQ,2026-07-29,264,336,300,304
Maharashtra,Pune,Baramati,Sugarcane,Co-86032,FAQ,2026-07-28,264,336,300,377
Maharashtra,Pune,Baramati,Mustard,Yellow,FAQ,2026-08-26,4673,5948,5311,751
Maharashtra,Pune,Baramati,Mustard,Black,FAQ,2026-08-25,4759,6058,5409,754
Maharashtra,Pune,Baramati,Mustard,Yellow,FAQ,2026-08-24,4743,6036,5390,639
Maharashtra,Pune,Baramati,Mustard,Black,FAQ,2026-08-23,4789,6096,5443,232
Maharashtra,Pune,Baramati,Mustard,Black,FAQ,2026-08-22,4788,6093,5441,244
Maharashtra,Pune,Baramati,Mustard,Yellow,FAQ,2026-08-21,4824,6139,5482,455
Maharashtra,Pune,Baramati,Mustard,Black,FAQ,2026-08-20,4850,6173,5512,550
Maharashtra,Pune,Baramati,Mustard,Black,FAQ,2026-08-19,4825,6142,5484,209
Maharashtra,Pune,Baramati,Mustard,Yellow,FAQ,2026-08-18,4836,6155,5496,631
Maharashtra,Pune,Baramati,Mustard,Black,FAQ,2026-08-17,4826,6143,5485,478
Maharashtra,Pune,Baramati,Mustard,Yellow,FAQ,2026-08-16,4892,6227,5560,641
Maharashtra,Pune,Baramati,Mustard,Black,FAQ,2026-08-15,4846,6167,5507,705
Maharashtra,Pune,Baramati,Mustard,Black,FAQ,2026-08-14,4847,6170,5509,670
Maharashtra,Pune,Baramati,Mustard,Yellow,FAQ,2026-08-13,4859,6184,5522,428
Maharashtra,Pune,Baramati,Mustard,Black,FAQ,2026-08-12,4860,6185,5523,256
Maharashtra,Pune,Baramati,Mustard,Yellow,FAQ,2026-08-11,4905,6242,5574,148
Maharashtra,Pune,Baramati,Mustard,Yellow,FAQ,2026-08-10,4909,6248,5579,770
Maharashtra,Pune,Baramati,Mustard,Yellow,FAQ,2026-08-09,4862,6189,5526,386
Maharashtra,Pune,Baramati,Mustard,Yellow,FAQ,2026-08-08,4898,6233,5566,265
Maharashtra,Pune,Baramati,Mustard,Yellow,FAQ,2026-08-07,4857,6182,5520,158
Maharashtra,Pune,Baramati,Mustard,Yellow,FAQ,2026-08-06,4890,6223,5557,778
Maharashtra,Pune,Baramati,Mustard,Black,FAQ,2026-08-05,4846,6167,5507,666
Maharashtra,Pune,Baramati,Mustard,Yellow,FAQ,2026-08-04,4871,6200,5536,519
Maharashtra,Pune,Baramati,Mustard,Yellow,FAQ,2026-08-03,4803,6112,5458,358
Maharashtra,Pune,Baramati,Mustard,Yellow,FAQ,2026-08-02,4831,6148,5490,279
Maharashtra,Pune,Baramati,Mustard,Black,FAQ,2026-08-01,4805,6116,5461,484
Maharashtra,Pune,Baramati,Mustard,Yellow,FAQ,2026-07-31,4809,6120,5465,734
Maharashtra,Pune,Baramati,Mustard,Black,FAQ,2026-07-30,4805,6116,5461,530
Maharashtra,Pune,Baramati,Mustard,Black,FAQ,2026-07-29,4758,6055,5407,603
Maharashtra,Pune,Baramati,Mustard,Black,FAQ,2026-07-28,4717,6004,5361,325
Maharashtra,Pune,Baramati,Grapes,Thompson Seedless,FAQ,2026-08-26,4296,5467,4882,447
Maharashtra,Pune,Baramati,Grapes,Thompson Seedless,FAQ,2026-08-25,4347,5532,4940,527
Maharashtra,Pune,Baramati,Grapes,Thompson Seedless,FAQ,2026-08-24,4354,5541,4948,753
Maharashtra,Pune,Baramati,Grapes,Thompson Seedless,FAQ,2026-08-23,4352,5539,4946,572
Maharashtra,Pune,Baramati,Grapes,Thompson Seedless,FAQ,2026-08-22,4390,5587,4989,703
Maharashtra,Pune,Baramati,Grapes,Thompson Seedless,FAQ,2026-08-21,4378,5572,4975,654
Maharashtra,Pune,Baramati,Grapes,Thompson Seedless,FAQ,2026-08-20,4451,5664,5058,754
Maharashtra,Pune,Baramati,Grapes,Thompson Seedless,FAQ,2026-08-19,4454,5669,5062,411
Maharashtra,Pune,Baramati,Grapes,Thompson Seedless,FAQ,2026-08-18,4433,5642,5038,231
Maharashtra,Pune,Baramati,Grapes,Thompson Seedless,FAQ,2026-08-17,4489,5714,5102,714
Maharashtra,Pune,Baramati,Grapes,Thompson Seedless,FAQ,2026-08-16,4501,5728,5115,103
Maharashtra,Pune,Baramati,Grapes,Thompson Seedless,FAQ,2026-08-15,4451,5664,5058,592
Maharashtra,Pune,Baramati,Grapes,Thompson Seedless,FAQ,2026-08-14,4501,5728,5115,719
Maharashtra,Pune,Baramati,Grapes,Thompson Seedless,FAQ,2026-08-13,4502,5731,5117,187
Maharashtra,Pune,Baramati,Grapes,Thompson Seedless,FAQ,2026-08-12,4466,5685,5076,351
Maharashtra,Pune,Baramati,Grapes,Thompson Seedless,FAQ,2026-08-11,4512,5743,5128,215
Maharashtra,Pune,Baramati,Grapes,Thompson Seedless,FAQ,2026-08-10,4456,5671,5064,335
Maharashtra,Pune,Baramati,Grapes,Thompson Seedless,FAQ,2026-08-09,4497,5724,5111,155
Maharashtra,Pune,Baramati,Grapes,Thompson Seedless,FAQ,2026-08-08,4459,5676,5068,681
Maharashtra,Pune,Baramati,Grapes,Thompson Seedless,FAQ,2026-08-07,4492,5717,5105,291
Maharashtra,Pune,Baramati,Grapes,Thompson Seedless,FAQ,2026-08-06,4498,5725,5112,159
Maharashtra,Pune,Baramati,Grapes,Thompson Seedless,FAQ,2026-08-05,4495,5720,5108,509
Maharashtra,Pune,Baramati,Grapes,Thompson Seedless,FAQ,2026-08-04,4432,5641,5037,316
Maharashtra,Pune,Baramati,Grapes,Thompson Seedless,FAQ,2026-08-03,4469,5688,5079,530
Maharashtra,Pune,Baramati,Grapes,Thompson Seedless,FAQ,2026-08-02,4422,5628,5025,606
Maharashtra,Pune,Baramati,Grapes,Thompson Seedless,FAQ,2026-08-01,4385,5582,4984,326
Maharashtra,Pune,Baramati,Grapes,Thompson Seedless,FAQ,2026-07-31,4362,5551,4957,645
Maharashtra,Pune,Baramati,Grapes,Thompson Seedless,FAQ,2026-07-30,4347,5532,4940,644
Maharashtra,Pune,Baramati,Grapes,Thompson Seedless,FAQ,2026-07-29,4348,5535,4942,413
Maharashtra,Pune,Baramati,Grapes,Thompson Seedless,FAQ,2026-07-28,4308,5483,4896,408
Maharashtra,Pune,Baramati,Pomegranate,Bhagwa,FAQ,2026-08-26,5622,7155,6389,678
Maharashtra,Pune,Baramati,Pomegranate,Bhagwa,FAQ,2026-08-25,5679,7228,6454,664
Maharashtra,Pune,Baramati,Pomegranate,Bhagwa,FAQ,2026-08-24,5674,7221,6448,511
Maharashtra,Pune,Baramati,Pomegranate,Bhagwa,FAQ,2026-08-23,5672,7219,6446,215
Maharashtra,Pune,Baramati,Pomegranate,Bhagwa,FAQ,2026-08-22,5690,7241,6466,340
Maharashtra,Pune,Baramati,Pomegranate,Bhagwa,FAQ,2026-08-21,5736,7301,6519,411
Maharashtra,Pune,Baramati,Pomegranate,Bhagwa,FAQ,2026-08-20,5717,7276,6497,484
Maharashtra,Pune,Baramati,Pomegranate,Bhagwa,FAQ,2026-08-19,5768,7341,6555,769
Maharashtra,Pune,Baramati,Pomegranate,Bhagwa,FAQ,2026-08-18,5796,7377,6587,310
Maharashtra,Pune,Baramati,Pomegranate,Bhagwa,FAQ,2026-08-17,5769,7342,6556,381
Maharashtra,Pune,Baramati,Pomegranate,Bhagwa,FAQ,2026-08-16,5780,7357,6569,579
Maharashtra,Pune,Baramati,Pomegranate,Bhagwa,FAQ,2026-08-15,5816,7403,6610,216
Maharashtra,Pune,Baramati,Pomegranate,Bhagwa,FAQ,2026-08-14,5828,7417,6623,472
Maharashtra,Pune,Baramati,Pomegranate,Bhagwa,FAQ,2026-08-13,5814,7399,6607,656
Maharashtra,Pune,Baramati,Pomegranate,Bhagwa,FAQ,2026-08-12,5813,7398,6606,622
Maharashtra,Pune,Baramati,Pomegranate,Bhagwa,FAQ,2026-08-11,5812,7397,6605,268
Maharashtra,Pune,Baramati,Pomegranate,Bhagwa,FAQ,2026-08-10,5842,7435,6639,436
Maharashtra,Pune,Baramati,Pomegranate,Bhagwa,FAQ,2026-08-09,5808,7392,6600,279
Maharashtra,Pune,Baramati,Pomegranate,Bhagwa,FAQ,2026-08-08,5796,7377,6587,363
Maharashtra,Pune,Baramati,Pomegranate,Bhagwa,FAQ,2026-08-07,5816,7403,6610,522
Maharashtra,Pune,Baramati,Pomegranate,Bhagwa,FAQ,2026-08-06,5811,7396,6604,529
Maharashtra,Pune,Baramati,Pomegranate,Bhagwa,FAQ,2026-08-05,5809,7394,6602,635
Maharashtra,Pune,Baramati,Pomegranate,Bhagwa,FAQ,2026-08-04,5734,7297,6516,270
Maharashtra,Pune,Baramati,Pomegranate,Bhagwa,FAQ,2026-08-03,5740,7305,6523,379
Maharashtra,Pune,Baramati,Pomegranate,Bhagwa,FAQ,2026-08-02,5773,7348,6561,787
Maharashtra,Pune,Baramati,Pomegranate,Bhagwa,FAQ,2026-08-01,5750,7319,6535,230
Maharashtra,Pune,Baramati,Pomegranate,Bhagwa,FAQ,2026-07-31,5703,7258,6481,349
Maharashtra,Pune,Baramati,Pomegranate,Bhagwa,FAQ,2026-07-30,5717,7276,6497,333
Maharashtra,Pune,Baramati,Pomegranate,Bhagwa,FAQ,2026-07-29,5665,7210,6438,755
Maharashtra,Pune,Baramati,Pomegranate,Bhagwa,FAQ,2026-07-28,5624,7157,6391,350
Maharashtra,Pune,Khed,Tomato,Hybrid,FAQ,2026-08-26,1841,2344,2093,160
Maharashtra,Pune,Khed,Tomato,Vaishali,FAQ,2026-08-25,1848,2353,2101,186
Maharashtra,Pune,Khed,Tomato,Vaishali,FAQ,2026-08-24,1870,2381,2126,123
Maharashtra,Pune,Khed,Tomato,Vaishali,FAQ,2026-08-23,1933,2460,2197,299
Maharashtra,Pune,Khed,Tomato,Local,FAQ,2026-08-22,1917,2440,2179,292
Maharashtra,Pune,Khed,Tomato,Hybrid,FAQ,2026-08-21,1963,2498,2231,599
Maharashtra,Pune,Khed,Tomato,Vaishali,FAQ,2026-08-20,1966,2503,2235,248
Maharashtra,Pune,Khed,Tomato,Hybrid,FAQ,2026-08-19,1955,2488,2222,488
Maharashtra,Pune,Khed,Tomato,Vaishali,FAQ,2026-08-18,1975,2514,2245,533
Maharashtra,Pune,Khed,Tomato,Local,FAQ,2026-08-17,1969,2506,2238,788
Maharashtra,Pune,Khed,Tomato,Local,FAQ,2026-08-16,1991,2534,2263,733
Maharashtra,Pune,Khed,Tomato,Local,FAQ,2026-08-15,1978,2517,2248,687
Maharashtra,Pune,Khed,Tomato,Hybrid,FAQ,2026-08-14,1995,2540,2268,603
Maharashtra,Pune,Khed,Tomato,Local,FAQ,2026-08-13,2009,2556,2283,707
Maharashtra,Pune,Khed,Tomato,Local,FAQ,2026-08-12,2025,2578,2302,247
Maharashtra,Pune,Khed,Tomato,Local,FAQ,2026-08-11,2055,2616,2336,619
Maharashtra,Pune,Khed,Tomato,Vaishali,FAQ,2026-08-10,2001,2546,2274,692
Maharashtra,Pune,Khed,Tomato,Hybrid,FAQ,2026-08-09,2019,2570,2295,505
Maharashtra,Pune,Khed,Tomato,Local,FAQ,2026-08-08,2026,2579,2303,234
Maharashtra,Pune,Khed,Tomato,Hybrid,FAQ,2026-08-07,1986,2527,2257,726
Maharashtra,Pune,Khed,Tomato,Local,FAQ,2026-08-06,1994,2537,2266,371
Maharashtra,Pune,Khed,Tomato,Hybrid,FAQ,2026-08-05,1995,2540,2268,371
Maharashtra,Pune,Khed,Tomato,Vaishali,FAQ,2026-08-04,2006,2553,2280,427
Maharashtra,Pune,Khed,Tomato,Hybrid,FAQ,2026-08-03,1946,2477,2212,215
Maharashtra,Pune,Khed,Tomato,Hybrid,FAQ,2026-08-02,1964,2499,2232,743
Maharashtra,Pune,Khed,Tomato,Hybrid,FAQ,2026-08-01,1947,2478,2213,516
Maharashtra,Pune,Khed,Tomato,Hybrid,FAQ,2026-07-31,1906,2427,2167,415
Maharashtra,Pune,Khed,Tomato,Local,FAQ,2026-07-30,1942,2471,2207,344
Maharashtra,Pune,Khed,Tomato,Hybrid,FAQ,2026-07-29,1908,2429,2169,647
Maharashtra,Pune,Khed,Tomato,Vaishali,FAQ,2026-07-28,1879,2392,2136,381
Maharashtra,Pune,Khed,Onion,White,FAQ,2026-08-26,1514,1927,1721,702
Maharashtra,Pune,Khed,Onion,Red,FAQ,2026-08-25,1574,2003,1789,169
Maharashtra,Pune,Khed,Onion,White,FAQ,2026-08-24,1570,1999,1785,776
Maharashtra,Pune,Khed,Onion,White,FAQ,2026-08-23,1628,2073,1851,368
Maharashtra,Pune,Khed,Onion,Red,FAQ,2026-08-22,1611,2050,1831,584
Maharashtra,Pune,Khed,Onion,White,FAQ,2026-08-21,1638,2085,1862,577
Maharashtra,Pune,Khed,Onion,Garwa,FAQ,2026-08-20,1659,2112,1886,635
Maharashtra,Pune,Khed,Onion,White,FAQ,2026-08-19,1650,2100,1875,172
Maharashtra,Pune,Khed,Onion,White,FAQ,2026-08-18,1655,2106,1881,794
Maharashtra,Pune,Khed,Onion,Garwa,FAQ,2026-08-17,1685,2144,1915,320
Maharashtra,Pune,Khed,Onion,Red,FAQ,2026-08-16,1679,2136,1908,471
Maharashtra,Pune,Khed,Onion,White,FAQ,2026-08-15,1713,2180,1947,403
Maharashtra,Pune,Khed,Onion,White,FAQ,2026-08-14,1677,2134,1906,372
Maharashtra,Pune,Khed,Onion,White,FAQ,2026-08-13,1719,2188,1954,714
Maharashtra,Pune,Khed,Onion,White,FAQ,2026-08-12,1685,2144,1915,713
Maharashtra,Pune,Khed,Onion,White,FAQ,2026-08-11,1715,2182,1949,430
Maharashtra,Pune,Khed,Onion,White,FAQ,2026-08-10,1729,2200,1965,640
Maharashtra,Pune,Khed,Onion,Red,FAQ,2026-08-09,1737,2210,1974,146
Maharashtra,Pune,Khed,Onion,Garwa,FAQ,2026-08-08,1700,2163,1932,355
Maharashtra,Pune,Khed,Onion,Red,FAQ,2026-08-07,1730,2201,1966,564
Maharashtra,Pune,Khed,Onion,Red,FAQ,2026-08-06,1698,2161,1930,130
Maharashtra,Pune,Khed,Onion,White,FAQ,2026-08-05,1704,2169,1937,607
Maharashtra,Pune,Khed,Onion,White,FAQ,2026-08-04,1680,2139,1910,596
Maharashtra,Pune,Khed,Onion,Red,FAQ,2026-08-03,1686,2145,1916,600
Maharashtra,Pune,Khed,Onion,Red,FAQ,2026-08-02,1626,2069,1848,443
Maharashtra,Pune,Khed,Onion,Garwa,FAQ,2026-08-01,1634,2079,1857,787
Maharashtra,Pune,Khed,Onion,Garwa,FAQ,2026-07-31,1614,2055,1835,742
Maharashtra,Pune,Khed,Onion,Red,FAQ,2026-07-30,1586,2019,1803,121
Maharashtra,Pune,Khed,Onion,Garwa,FAQ,2026-07-29,1617,2058,1838,612
Maharashtra,Pune,Khed,Onion,White,FAQ,2026-07-28,1536,1955,1746,349
Maharashtra,Pune,Khed,Wheat,FAQ,FAQ,2026-08-26,2038,2595,2317,101
Maharashtra,Pune,Khed,Wheat,Lok-1,FAQ,2026-08-25,2066,2629,2348,106
Maharashtra,Pune,Khed,Wheat,Lok-1,FAQ,2026-08-24,2094,2665,2380,536
Maharashtra,Pune,Khed,Wheat,Lok-1,FAQ,2026-08-23,2124,2703,2414,223
Maharashtra,Pune,Khed,Wheat,Lok-1,FAQ,2026-08-22,2142,2727,2435,753
Maharashtra,Pune,Khed,Wheat,Lok-1,FAQ,2026-08-21,2182,2777,2480,653
Maharashtra,Pune,Khed,Wheat,FAQ,FAQ,2026-08-20,2148,2735,2442,320
Maharashtra,Pune,Khed,Wheat,Lok-1,FAQ,2026-08-19,2213,2816,2515,755
Maharashtra,Pune,Khed,Wheat,Sharbati,FAQ,2026-08-18,2217,2822,2520,159
Maharashtra,Pune,Khed,Wheat,Sharbati,FAQ,2026-08-17,2204,2805,2505,476
Maharashtra,Pune,Khed,Wheat,FAQ,FAQ,2026-08-16,2227,2834,2531,206
Maharashtra,Pune,Khed,Wheat,Lok-1,FAQ,2026-08-15,2210,2813,2512,620
Maharashtra,Pune,Khed,Wheat,FAQ,FAQ,2026-08-14,2208,2811,2510,322
Maharashtra,Pune,Khed,Wheat,Lok-1,FAQ,2026-08-13,2266,2884,2575,601
Maharashtra,Pune,Khed,Wheat,Lok-1,FAQ,2026-08-12,2222,2828,2525,129
Maharashtra,Pune,Khed,Wheat,Lok-1,FAQ,2026-08-11,2244,2856,2550,533
Maharashtra,Pune,Khed,Wheat,FAQ,FAQ,2026-08-10,2207,2810,2509,594
Maharashtra,Pune,Khed,Wheat,FAQ,FAQ,2026-08-09,2268,2887,2578,302
Maharashtra,Pune,Khed,Wheat,FAQ,FAQ,2026-08-08,2258,2875,2567,318
Maharashtra,Pune,Khed,Wheat,Lok-1,FAQ,2026-08-07,2227,2834,2531,686
Maharashtra,Pune,Khed,Wheat,FAQ,FAQ,2026-08-06,2207,2808,2508,482
Maharashtra,Pune,Khed,Wheat,Sharbati,FAQ,2026-08-05,2249,2862,2556,686
Maharashtra,Pune,Khed,Wheat,Lok-1,FAQ,2026-08-04,2232,2841,2537,334
Maharashtra,Pune,Khed,Wheat,Sharbati,FAQ,2026-08-03,2221,2826,2524,684
Maharashtra,Pune,Khed,Wheat,Lok-1,FAQ,2026-08-02,2192,2791,2492,669
Maharashtra,Pune,Khed,Wheat,FAQ,FAQ,2026-08-01,2160,2749,2455,637
Maharashtra,Pune,Khed,Wheat,FAQ,FAQ,2026-07-31,2145,2730,2438,733
Maharashtra,Pune,Khed,Wheat,Lok-1,FAQ,2026-07-30,2137,2720,2429,708
Maharashtra,Pune,Khed,Wheat,Lok-1,FAQ,2026-07-29,2101,2674,2388,654
Maharashtra,Pune,Khed,Wheat,Sharbati,FAQ,2026-07-28,2104,2677,2391,708
Maharashtra,Pune,Khed,Rice,Swarna,FAQ,2026-08-26,2175,2768,2472,476
Maharashtra,Pune,Khed,Rice,Paddy(Dpr),FAQ,2026-08-25,2244,2856,2550,406
Maharashtra,Pune,Khed,Rice,Swarna,FAQ,2026-08-24,2236,2845,2541,793
Maharashtra,Pune,Khed,Rice,Swarna,FAQ,2026-08-23,2244,2856,2550,236
Maharashtra,Pune,Khed,Rice,Swarna,FAQ,2026-08-22,2265,2882,2574,790
Maharashtra,Pune,Khed,Rice,Paddy(Dpr),FAQ,2026-08-21,2283,2906,2595,116
Maharashtra,Pune,Khed,Rice,Swarna,FAQ,2026-08-20,2340,2979,2660,290
Maharashtra,Pune,Khed,Rice,Basmati,FAQ,2026-08-19,2308,2937,2623,256
Maharashtra,Pune,Khed,Rice,Swarna,FAQ,2026-08-18,2342,2981,2662,352
Maharashtra,Pune,Khed,Rice,Basmati,FAQ,2026-08-17,2380,3029,2705,794
Maharashtra,Pune,Khed,Rice,Basmati,FAQ,2026-08-16,2376,3024,2700,628
Maharashtra,Pune,Khed,Rice,Paddy(Dpr),FAQ,2026-08-15,2328,2963,2646,594
Maharashtra,Pune,Khed,Rice,Paddy(Dpr),FAQ,2026-08-14,2355,2998,2677,115
Maharashtra,Pune,Khed,Rice,Swarna,FAQ,2026-08-13,2358,3001,2680,469
Maharashtra,Pune,Khed,Rice,Paddy(Dpr),FAQ,2026-08-12,2390,3041,2716,163
Maharashtra,Pune,Khed,Rice,Swarna,FAQ,2026-08-11,2372,3019,2696,717
Maharashtra,Pune,Khed,Rice,Basmati,FAQ,2026-08-10,2350,2991,2671,329
Maharashtra,Pune,Khed,Rice,Basmati,FAQ,2026-08-09,2340,2979,2660,605
Maharashtra,Pune,Khed,Rice,Paddy(Dpr),FAQ,2026-08-08,2389,3040,2715,550
Maharashtra,Pune,Khed,Rice,Paddy(Dpr),FAQ,2026-08-07,2384,3035,2710,483
Maharashtra,Pune,Khed,Rice,Paddy(Dpr),FAQ,2026-08-06,2347,2988,2668,184
Maharashtra,Pune,Khed,Rice,Basmati,FAQ,2026-08-05,2332,2969,2651,212
Maharashtra,Pune,Khed,Rice,Basmati,FAQ,2026-08-04,2368,3015,2692,792
Maharashtra,Pune,Khed,Rice,Swarna,FAQ,2026-08-03,2332,2969,2651,186
Maharashtra,Pune,Khed,Rice,Paddy(Dpr),FAQ,2026-08-02,2310,2941,2626,583
Maharashtra,Pune,Khed,Rice,Paddy(Dpr),FAQ,2026-08-01,2308,2937,2623,753
Maharashtra,Pune,Khed,Rice,Swarna,FAQ,2026-07-31,2295,2922,2609,416
Maharashtra,Pune,Khed,Rice,Swarna,FAQ,2026-07-30,2242,2853,2548,661
Maharashtra,Pune,Khed,Rice,Swarna,FAQ,2026-07-29,2247,2860,2554,142
Maharashtra,Pune,Khed,Rice,Swarna,FAQ,2026-07-28,2192,2789,2491,136
Maharashtra,Pune,Khed,Potato,Kufri,FAQ,2026-08-26,1258,1601,1430,788
Maharashtra,Pune,Khed,Potato,Kufri,FAQ,2026-08-25,1245,1584,1415,194
Maharashtra,Pune,Khed,Potato,Kufri,FAQ,2026-08-24,1242,1581,1412,633
Maharashtra,Pune,Khed,Potato,Kufri,FAQ,2026-08-23,1324,1685,1505,796
Maharashtra,Pune,Khed,Potato,Jyoti,FAQ,2026-08-22,1287,1638,1463,114
Maharashtra,Pune,Khed,Potato,Jyoti,FAQ,2026-08-21,1364,1736,1550,138
Maharashtra,Pune,Khed,Potato,Kufri,FAQ,2026-08-20,1370,1743,1557,778
Maharashtra,Pune,Khed,Potato,Jyoti,FAQ,2026-08-19,1335,1700,1518,438
Maharashtra,Pune,Khed,Potato,Jyoti,FAQ,2026-08-18,1357,1728,1543,353
Maharashtra,Pune,Khed,Potato,Jyoti,FAQ,2026-08-17,1365,1738,1552,665
Maharashtra,Pune,Khed,Potato,Jyoti,FAQ,2026-08-16,1402,1785,1594,519
Maharashtra,Pune,Khed,Potato,Jyoti,FAQ,2026-08-15,1415,1802,1609,454
Maharashtra,Pune,Khed,Potato,Kufri,FAQ,2026-08-14,1415,1802,1609,458
Maharashtra,Pune,Khed,Potato,Kufri,FAQ,2026-08-13,1396,1777,1587,631
Maharashtra,Pune,Khed,Potato,Jyoti,FAQ,2026-08-12,1384,1761,1573,240
Maharashtra,Pune,Khed,Potato,Kufri,FAQ,2026-08-11,1378,1755,1567,147
Maharashtra,Pune,Khed,Potato,Kufri,FAQ,2026-08-10,1418,1805,1612,790
Maharashtra,Pune,Khed,Potato,Jyoti,FAQ,2026-08-09,1422,1809,1616,413
Maharashtra,Pune,Khed,Potato,Kufri,FAQ,2026-08-08,1432,1823,1628,510
Maharashtra,Pune,Khed,Potato,Jyoti,FAQ,2026-08-07,1361,1732,1547,730
Maharashtra,Pune,Khed,Potato,Jyoti,FAQ,2026-08-06,1389,1768,1579,160
Maharashtra,Pune,Khed,Potato,Kufri,FAQ,2026-08-05,1402,1785,1594,444
Maharashtra,Pune,Khed,Potato,Kufri,FAQ,2026-08-04,1343,1710,1527,295
Maharashtra,Pune,Khed,Potato,Kufri,FAQ,2026-08-03,1386,1764,1575,302
Maharashtra,Pune,Khed,Potato,Jyoti,FAQ,2026-08-02,1313,1672,1493,616
Maharashtra,Pune,Khed,Potato,Jyoti,FAQ,2026-08-01,1321,1682,1502,217
Maharashtra,Pune,Khed,Potato,Kufri,FAQ,2026-07-31,1311,1668,1490,406
Maharashtra,Pune,Khed,Potato,Jyoti,FAQ,2026-07-30,1322,1683,1503,457
Maharashtra,Pune,Khed,Potato,Jyoti,FAQ,2026-07-29,1283,1634,1459,632
Maharashtra,Pune,Khed,Potato,Kufri,FAQ,2026-07-28,1241,1580,1411,636
Maharashtra,Pune,Khed,Soyabean,Yellow,FAQ,2026-08-26,3805,4842,4324,163
Maharashtra,Pune,Khed,Soyabean,Yellow,FAQ,2026-08-25,3794,4829,4312,352
Maharashtra,Pune,Khed,Soyabean,JS-335,FAQ,2026-08-24,3834,4879,4357,353
Maharashtra,Pune,Khed,Soyabean,JS-335,FAQ,2026-08-23,3878,4935,4407,454
Maharashtra,Pune,Khed,Soyabean,JS-335,FAQ,2026-08-22,3899,4962,4431,517
Maharashtra,Pune,Khed,Soyabean,Yellow,FAQ,2026-08-21,3886,4945,4416,774
Maharashtra,Pune,Khed,Soyabean,Yellow,FAQ,2026-08-20,3916,4985,4451,730
Maharashtra,Pune,Khed,Soyabean,JS-335,FAQ,2026-08-19,3877,4934,4406,215
Maharashtra,Pune,Khed,Soyabean,Yellow,FAQ,2026-08-18,3894,4956,4425,586
Maharashtra,Pune,Khed,Soyabean,Yellow,FAQ,2026-08-17,3896,4959,4428,657
Maharashtra,Pune,Khed,Soyabean,JS-335,FAQ,2026-08-16,3924,4995,4460,583
Maharashtra,Pune,Khed,Soyabean,Yellow,FAQ,2026-08-15,3922,4991,4457,100
Maharashtra,Pune,Khed,Soyabean,JS-335,FAQ,2026-08-14,3976,5061,4519,237
Maharashtra,Pune,Khed,Soyabean,JS-335,FAQ,2026-08-13,3981,5066,4524,245
Maharashtra,Pune,Khed,Soyabean,JS-335,FAQ,2026-08-12,3926,4997,4462,601
Maharashtra,Pune,Khed,Soyabean,JS-335,FAQ,2026-08-11,3924,4995,4460,290
Maharashtra,Pune,Khed,Soyabean,Yellow,FAQ,2026-08-10,3974,5057,4516,241
Maharashtra,Pune,Khed,Soyabean,Yellow,FAQ,2026-08-09,3925,4996,4461,609
Maharashtra,Pune,Khed,Soyabean,Yellow,FAQ,2026-08-08,3931,5004,4468,516
Maharashtra,Pune,Khed,Soyabean,Yellow,FAQ,2026-08-07,3934,5007,4471,369
Maharashtra,Pune,Khed,Soyabean,Yellow,FAQ,2026-08-06,3911,4978,4445,667
Maharashtra,Pune,Khed,Soyabean,JS-335,FAQ,2026-08-05,3897,4960,4429,388
Maharashtra,Pune,Khed,Soyabean,Yellow,FAQ,2026-08-04,3931,5004,4468,425
Maharashtra,Pune,Khed,Soyabean,Yellow,FAQ,2026-08-03,3908,4973,4441,175
Maharashtra,Pune,Khed,Soyabean,Yellow,FAQ,2026-08-02,3895,4958,4427,683
Maharashtra,Pune,Khed,Soyabean,JS-335,FAQ,2026-08-01,3875,4932,4404,452
Maharashtra,Pune,Khed,Soyabean,JS-335,FAQ,2026-07-31,3894,4956,4425,575
Maharashtra,Pune,Khed,Soyabean,JS-335,FAQ,2026-07-30,3845,4894,4370,260
Maharashtra,Pune,Khed,Soyabean,Yellow,FAQ,2026-07-29,3832,4877,4355,620
Maharashtra,Pune,Khed,Soyabean,Yellow,FAQ,2026-07-28,3822,4865,4344,264
Maharashtra,Pune,Khed,Maize,Yellow,FAQ,2026-08-26,1606,2044,1825,667
Maharashtra,Pune,Khed,Maize,Yellow,FAQ,2026-08-25,1629,2074,1852,324
Maharashtra,Pune,Khed,Maize,Yellow,FAQ,2026-08-24,1657,2110,1884,553
Maharashtra,Pune,Khed,Maize,Yellow,FAQ,2026-08-23,1710,2177,1944,670
Maharashtra,Pune,Khed,Maize,Hybrid,FAQ,2026-08-22,1724,2195,1960,759
Maharashtra,Pune,Khed,Maize,Yellow,FAQ,2026-08-21,1739,2214,1977,308
Maharashtra,Pune,Khed,Maize,Hybrid,FAQ,2026-08-20,1711,2178,1945,559
Maharashtra,Pune,Khed,Maize,Hybrid,FAQ,2026-08-19,1783,2270,2027,258
Maharashtra,Pune,Khed,Maize,Yellow,FAQ,2026-08-18,1767,2250,2009,783
Maharashtra,Pune,Khed,Maize,Hybrid,FAQ,2026-08-17,1745,2220,1983,561
Maharashtra,Pune,Khed,Maize,Hybrid,FAQ,2026-08-16,1782,2269,2026,236
Maharashtra,Pune,Khed,Maize,Yellow,FAQ,2026-08-15,1784,2271,2028,250
Maharashtra,Pune,Khed,Maize,Hybrid,FAQ,2026-08-14,1792,2281,2037,666
Maharashtra,Pune,Khed,Maize,Hybrid,FAQ,2026-08-13,1797,2288,2043,647
Maharashtra,Pune,Khed,Maize,Hybrid,FAQ,2026-08-12,1833,2332,2083,254
Maharashtra,Pune,Khed,Maize,Hybrid,FAQ,2026-08-11,1835,2336,2086,682
Maharashtra,Pune,Khed,Maize,Yellow,FAQ,2026-08-10,1818,2313,2066,570
Maharashtra,Pune,Khed,Maize,Yellow,FAQ,2026-08-09,1778,2263,2021,273
Maharashtra,Pune,Khed,Maize,Yellow,FAQ,2026-08-08,1817,2312,2065,718
Maharashtra,Pune,Khed,Maize,Hybrid,FAQ,2026-08-07,1815,2310,2063,462
Maharashtra,Pune,Khed,Maize,Yellow,FAQ,2026-08-06,1773,2256,2015,732
Maharashtra,Pune,Khed,Maize,Yellow,FAQ,2026-08-05,1799,2290,2045,341
Maharashtra,Pune,Khed,Maize,Hybrid,FAQ,2026-08-04,1766,2247,2007,472
Maharashtra,Pune,Khed,Maize,Hybrid,FAQ,2026-08-03,1745,2222,1984,228
Maharashtra,Pune,Khed,Maize,Hybrid,FAQ,2026-08-02,1755,2234,1995,525
Maharashtra,Pune,Khed,Maize,Yellow,FAQ,2026-08-01,1721,2190,1956,103
Maharashtra,Pune,Khed,Maize,Yellow,FAQ,2026-07-31,1701,2166,1934,610
Maharashtra,Pune,Khed,Maize,Yellow,FAQ,2026-07-30,1686,2145,1916,563
Maharashtra,Pune,Khed,Maize,Hybrid,FAQ,2026-07-29,1664,2119,1892,149
Maharashtra,Pune,Khed,Maize,Hybrid,FAQ,2026-07-28,1672,2128,1900,753
Maharashtra,Pune,Khed,Cotton,Medium Staple,FAQ,2026-08-26,5751,7320,6536,698
Maharashtra,Pune,Khed,Cotton,Medium Staple,FAQ,2026-08-25,5752,7321,6537,114
Maharashtra,Pune,Khed,Cotton,Medium Staple,FAQ,2026-08-24,5788,7367,6578,206
Maharashtra,Pune,Khed,Cotton,Medium Staple,FAQ,2026-08-23,5806,7389,6598,733
Maharashtra,Pune,Khed,Cotton,Medium Staple,FAQ,2026-08-22,5827,7416,6622,429
Maharashtra,Pune,Khed,Cotton,Medium Staple,FAQ,2026-08-21,5788,7367,6578,116
Maharashtra,Pune,Khed,Cotton,Medium Staple,FAQ,2026-08-20,5814,7399,6607,784
Maharashtra,Pune,Khed,Cotton,Medium Staple,FAQ,2026-08-19,5830,7420,6625,465
Maharashtra,Pune,Khed,Cotton,Medium Staple,FAQ,2026-08-18,5849,7444,6647,218
Maharashtra,Pune,Khed,Cotton,Medium Staple,FAQ,2026-08-17,5844,7439,6642,277
Maharashtra,Pune,Khed,Cotton,Medium Staple,FAQ,2026-08-16,5866,7465,6666,550
Maharashtra,Pune,Khed,Cotton,Medium Staple,FAQ,2026-08-15,5883,7488,6686,690
Maharashtra,Pune,Khed,Cotton,Medium Staple,FAQ,2026-08-14,5924,7539,6732,356
Maharashtra,Pune,Khed,Cotton,Medium Staple,FAQ,2026-08-13,5867,7468,6668,160
Maharashtra,Pune,Khed,Cotton,Medium Staple,FAQ,2026-08-12,5893,7500,6697,657
Maharashtra,Pune,Khed,Cotton,Medium Staple,FAQ,2026-08-11,5874,7477,6676,199
Maharashtra,Pune,Khed,Cotton,Medium Staple,FAQ,2026-08-10,5925,7542,6734,148
Maharashtra,Pune,Khed,Cotton,Medium Staple,FAQ,2026-08-09,5919,7534,6727,779
Maharashtra,Pune,Khed,Cotton,Medium Staple,FAQ,2026-08-08,5896,7504,6700,294
Maharashtra,Pune,Khed,Cotton,Medium Staple,FAQ,2026-08-07,5882,7487,6685,681
Maharashtra,Pune,Khed,Cotton,Medium Staple,FAQ,2026-08-06,5852,7448,6650,633
Maharashtra,Pune,Khed,Cotton,Medium Staple,FAQ,2026-08-05,5834,7425,6630,776
Maharashtra,Pune,Khed,Cotton,Medium Staple,FAQ,2026-08-04,5889,7496,6693,376
Maharashtra,Pune,Khed,Cotton,Medium Staple,FAQ,2026-08-03,5830,7420,6625,316
Maharashtra,Pune,Khed,Cotton,Medium Staple,FAQ,2026-08-02,5837,7428,6633,198
Maharashtra,Pune,Khed,Cotton,Medium Staple,FAQ,2026-08-01,5848,7443,6646,330
Maharashtra,Pune,Khed,Cotton,Medium Staple,FAQ,2026-07-31,5825,7414,6620,382
Maharashtra,Pune,Khed,Cotton,Medium Staple,FAQ,2026-07-30,5808,7392,6600,184
Maharashtra,Pune,Khed,Cotton,Medium Staple,FAQ,2026-07-29,5790,7369,6580,241
Maharashtra,Pune,Khed,Cotton,Medium Staple,FAQ,2026-07-28,5716,7275,6496,717
Maharashtra,Pune,Khed,Sugarcane,Co-86032,FAQ,2026-08-26,264,336,300,558
Maharashtra,Pune,Khed,Sugarcane,Co-86032,FAQ,2026-08-25,264,336,300,295
Maharashtra,Pune,Khed,Sugarcane,Co-86032,FAQ,2026-08-24,270,343,307,150
Maharashtra,Pune,Khed,Sugarcane,Co-86032,FAQ,2026-08-23,286,364,325,749
Maharashtra,Pune,Khed,Sugarcane,Co-86032,FAQ,2026-08-22,286,365,326,692
Maharashtra,Pune,Khed,Sugarcane,Co-86032,FAQ,2026-08-21,282,359,321,437
Maharashtra,Pune,Khed,Sugarcane,Co-86032,FAQ,2026-08-20,308,393,351,348
Maharashtra,Pune,Khed,Sugarcane,Co-86032,FAQ,2026-08-19,332,423,378,737
Maharashtra,Pune,Khed,Sugarcane,Co-86032,FAQ,2026-08-18,296,377,337,568
Maharashtra,Pune,Khed,Sugarcane,Co-86032,FAQ,2026-08-17,354,451,403,548
Maharashtra,Pune,Khed,Sugarcane,Co-86032,FAQ,2026-08-16,331,422,377,418
Maharashtra,Pune,Khed,Sugarcane,Co-86032,FAQ,2026-08-15,348,443,396,762
Maharashtra,Pune,Khed,Sugarcane,Co-86032,FAQ,2026-08-14,342,435,389,765
Maharashtra,Pune,Khed,Sugarcane,Co-86032,FAQ,2026-08-13,369,470,420,425
Maharashtra,Pune,Khed,Sugarcane,Co-86032,FAQ,2026-08-12,346,441,394,329
Maharashtra,Pune,Khed,Sugarcane,Co-86032,FAQ,2026-08-11,363,462,413,181
Maharashtra,Pune,Khed,Sugarcane,Co-86032,FAQ,2026-08-10,367,468,418,621
Maharashtra,Pune,Khed,Sugarcane,Co-86032,FAQ,2026-08-09,393,500,447,719
Maharashtra,Pune,Khed,Sugarcane,Co-86032,FAQ,2026-08-08,373,474,424,333
Maharashtra,Pune,Khed,Sugarcane,Co-86032,FAQ,2026-08-07,365,464,415,789
Maharashtra,Pune,Khed,Sugarcane,Co-86032,FAQ,2026-08-06,315,402,359,106
Maharashtra,Pune,Khed,Sugarcane,Co-86032,FAQ,2026-08-05,345,440,393,285
Maharashtra,Pune,Khed,Sugarcane,Co-86032,FAQ,2026-08-04,331,422,377,174
Maharashtra,Pune,Khed,Sugarcane,Co-86032,FAQ,2026-08-03,319,406,363,537
Maharashtra,Pune,Khed,Sugarcane,Co-86032,FAQ,2026-08-02,336,427,382,641
Maharashtra,Pune,Khed,Sugarcane,Co-86032,FAQ,2026-08-01,279,356,318,479
Maharashtra,Pune,Khed,Sugarcane,Co-86032,FAQ,2026-07-31,272,347,310,668
Maharashtra,Pune,Khed,Sugarcane,Co-86032,FAQ,2026-07-30,282,359,321,359
Maharashtra,Pune,Khed,Sugarcane,Co-86032,FAQ,2026-07-29,264,336,300,207
Maharashtra,Pune,Khed,Sugarcane,Co-86032,FAQ,2026-07-28,264,336,300,536
Maharashtra,Pune,Khed,Mustard,Black,FAQ,2026-08-26,4693,5972,5333,432
Maharashtra,Pune,Khed,Mustard,Yellow,FAQ,2026-08-25,4708,5992,5350,113
Maharashtra,Pune,Khed,Mustard,Yellow,FAQ,2026-08-24,4729,6018,5374,774
Maharashtra,Pune,Khed,Mustard,Yellow,FAQ,2026-08-23,4745,6040,5393,210
Maharashtra,Pune,Khed,Mustard,Yellow,FAQ,2026-08-22,4796,6105,5451,542
Maharashtra,Pune,Khed,Mustard,Yellow,FAQ,2026-08-21,4835,6154,5495,582
Maharashtra,Pune,Khed,Mustard,Black,FAQ,2026-08-20,4800,6109,5455,194
Maharashtra,Pune,Khed,Mustard,Yellow,FAQ,2026-08-19,4849,6172,5511,533
Maharashtra,Pune,Khed,Mustard,Yellow,FAQ,2026-08-18,4854,6179,5517,558
Maharashtra,Pune,Khed,Mustard,Yellow,FAQ,2026-08-17,4862,6189,5526,395
Maharashtra,Pune,Khed,Mustard,Black,FAQ,2026-08-16,4890,6223,5557,647
Maharashtra,Pune,Khed,Mustard,Yellow,FAQ,2026-08-15,4904,6241,5573,479
Maharashtra,Pune,Khed,Mustard,Yellow,FAQ,2026-08-14,4904,6241,5573,290
Maharashtra,Pune,Khed,Mustard,Black,FAQ,2026-08-13,4911,6250,5581,552
Maharashtra,Pune,Khed,Mustard,Yellow,FAQ,2026-08-12,4896,6231,5564,190
Maharashtra,Pune,Khed,Mustard,Yellow,FAQ,2026-08-11,4916,6257,5587,517
Maharashtra,Pune,Khed,Mustard,Black,FAQ,2026-08-10,4855,6180,5518,730
Maharashtra,Pune,Khed,Mustard,Yellow,FAQ,2026-08-09,4883,6214,5549,174
Maharashtra,Pune,Khed,Mustard,Yellow,FAQ,2026-08-08,4893,6228,5561,443
Maharashtra,Pune,Khed,Mustard,Black,FAQ,2026-08-07,4852,6175,5514,461
Maharashtra,Pune,Khed,Mustard,Yellow,FAQ,2026-08-06,4867,6194,5531,256
Maharashtra,Pune,Khed,Mustard,Black,FAQ,2026-08-05,4836,6155,5496,761
Maharashtra,Pune,Khed,Mustard,Yellow,FAQ,2026-08-04,4866,6193,5530,666
Maharashtra,Pune,Khed,Mustard,Yellow,FAQ,2026-08-03,4849,6172,5511,498
Maharashtra,Pune,Khed,Mustard,Yellow,FAQ,2026-08-02,4847,6168,5508,308
Maharashtra,Pune,Khed,Mustard,Black,FAQ,2026-08-01,4798,6107,5453,780
Maharashtra,Pune,Khed,Mustard,Black,FAQ,2026-07-31,4790,6097,5444,286
Maharashtra,Pune,Khed,Mustard,Yellow,FAQ,2026-07-30,4736,6027,5382,778
Maharashtra,Pune,Khed,Mustard,Black,FAQ,2026-07-29,4719,6006,5363,499
Maharashtra,Pune,Khed,Mustard,Yellow,FAQ,2026-07-28,4696,5977,5337,167
Maharashtra,Pune,Khed,Grapes,Thompson Seedless,FAQ,2026-08-26,4326,5505,4916,753
Maharashtra,Pune,Khed,Grapes,Thompson Seedless,FAQ,2026-08-25,4329,5510,4920,334
Maharashtra,Pune,Khed,Grapes,Thompson Seedless,FAQ,2026-08-24,4367,5558,4963,644
Maharashtra,Pune,Khed,Grapes,Thompson Seedless,FAQ,2026-08-23,4378,5572,4975,272
Maharashtra,Pune,Khed,Grapes,Thompson Seedless,FAQ,2026-08-22,4411,5614,5013,258
Maharashtra,Pune,Khed,Grapes,Thompson Seedless,FAQ,2026-08-21,4382,5577,4980,447
Maharashtra,Pune,Khed,Grapes,Thompson Seedless,FAQ,2026-08-20,4428,5635,5032,258
Maharashtra,Pune,Khed,Grapes,Thompson Seedless,FAQ,2026-08-19,4424,5631,5028,379
Maharashtra,Pune,Khed,Grapes,Thompson Seedless,FAQ,2026-08-18,4451,5664,5058,332
Maharashtra,Pune,Khed,Grapes,Thompson Seedless,FAQ,2026-08-17,4432,5641,5037,753
Maharashtra,Pune,Khed,Grapes,Thompson Seedless,FAQ,2026-08-16,4499,5726,5113,258
Maharashtra,Pune,Khed,Grapes,Thompson Seedless,FAQ,2026-08-15,4474,5695,5085,532
Maharashtra,Pune,Khed,Grapes,Thompson Seedless,FAQ,2026-08-14,4474,5695,5085,293
Maharashtra,Pune,Khed,Grapes,Thompson Seedless,FAQ,2026-08-13,4509,5738,5124,347
Maharashtra,Pune,Khed,Grapes,Thompson Seedless,FAQ,2026-08-12,4488,5713,5101,276
Maharashtra,Pune,Khed,Grapes,Thompson Seedless,FAQ,2026-08-11,4509,5738,5124,670
Maharashtra,Pune,Khed,Grapes,Thompson Seedless,FAQ,2026-08-10,4512,5743,5128,707
Maharashtra,Pune,Khed,Grapes,Thompson Seedless,FAQ,2026-08-09,4518,5751,5135,738
Maharashtra,Pune,Khed,Grapes,Thompson Seedless,FAQ,2026-08-08,4507,5736,5122,361
Maharashtra,Pune,Khed,Grapes,Thompson Seedless,FAQ,2026-08-07,4463,5680,5072,770
Maharashtra,Pune,Khed,Grapes,Thompson Seedless,FAQ,2026-08-06,4457,5672,5065,562
Maharashtra,Pune,Khed,Grapes,Thompson Seedless,FAQ,2026-08-05,4437,5648,5043,562
Maharashtra,Pune,Khed,Grapes,Thompson Seedless,FAQ,2026-08-04,4476,5697,5087,564
Maharashtra,Pune,Khed,Grapes,Thompson Seedless,FAQ,2026-08-03,4440,5651,5046,760
Maharashtra,Pune,Khed,Grapes,Thompson Seedless,FAQ,2026-08-02,4418,5623,5021,579
Maharashtra,Pune,Khed,Grapes,Thompson Seedless,FAQ,2026-08-01,4442,5653,5048,278
Maharashtra,Pune,Khed,Grapes,Thompson Seedless,FAQ,2026-07-31,4375,5568,4972,599
Maharashtra,Pune,Khed,Grapes,Thompson Seedless,FAQ,2026-07-30,4407,5608,5008,756
Maharashtra,Pune,Khed,Grapes,Thompson Seedless,FAQ,2026-07-29,4329,5510,4920,142
Maharashtra,Pune,Khed,Grapes,Thompson Seedless,FAQ,2026-07-28,4361,5550,4956,602
Maharashtra,Pune,Khed,Pomegranate,Bhagwa,FAQ,2026-08-26,5651,7192,6422,267
Maharashtra,Pune,Khed,Pomegranate,Bhagwa,FAQ,2026-08-25,5662,7207,6435,692
Maharashtra,Pune,Khed,Pomegranate,Bhagwa,FAQ,2026-08-24,5661,7204,6433,363
Maharashtra,Pune,Khed,Pomegranate,Bhagwa,FAQ,2026-08-23,5676,7225,6451,349
Maharashtra,Pune,Khed,Pomegranate,Bhagwa,FAQ,2026-08-22,5747,7314,6531,284
Maharashtra,Pune,Khed,Pomegranate,Bhagwa,FAQ,2026-08-21,5697,7250,6474,331
Maharashtra,Pune,Khed,Pomegranate,Bhagwa,FAQ,2026-08-20,5716,7275,6496,448
Maharashtra,Pune,Khed,Pomegranate,Bhagwa,FAQ,2026-08-19,5791,7370,6581,436
Maharashtra,Pune,Khed,Pomegranate,Bhagwa,FAQ,2026-08-18,5742,7309,6526,260
Maharashtra,Pune,Khed,Pomegranate,Bhagwa,FAQ,2026-08-17,5813,7398,6606,236
Maharashtra,Pune,Khed,Pomegranate,Bhagwa,FAQ,2026-08-16,5769,7342,6556,180
Maharashtra,Pune,Khed,Pomegranate,Bhagwa,FAQ,2026-08-15,5765,7338,6552,777
Maharashtra,Pune,Khed,Pomegranate,Bhagwa,FAQ,2026-08-14,5776,7351,6564,105
Maharashtra,Pune,Khed,Pomegranate,Bhagwa,FAQ,2026-08-13,5804,7387,6596,506
Maharashtra,Pune,Khed,Pomegranate,Bhagwa,FAQ,2026-08-12,5808,7393,6601,564
Maharashtra,Pune,Khed,Pomegranate,Bhagwa,FAQ,2026-08-11,5822,7411,6617,133
Maharashtra,Pune,Khed,Pomegranate,Bhagwa,FAQ,2026-08-10,5774,7349,6562,614
Maharashtra,Pune,Khed,Pomegranate,Bhagwa,FAQ,2026-08-09,5781,7358,6570,418
Maharashtra,Pune,Khed,Pomegranate,Bhagwa,FAQ,2026-08-08,5800,7381,6591,707
Maharashtra,Pune,Khed,Pomegranate,Bhagwa,FAQ,2026-08-07,5768,7341,6555,106
Maharashtra,Pune,Khed,Pomegranate,Bhagwa,FAQ,2026-08-06,5770,7343,6557,777
Maharashtra,Pune,Khed,Pomegranate,Bhagwa,FAQ,2026-08-05,5813,7398,6606,652
Maharashtra,Pune,Khed,Pomegranate,Bhagwa,FAQ,2026-08-04,5795,7376,6586,303
Maharashtra,Pune,Khed,Pomegranate,Bhagwa,FAQ,2026-08-03,5755,7324,6540,715
Maharashtra,Pune,Khed,Pomegranate,Bhagwa,FAQ,2026-08-02,5742,7309,6526,403
Maharashtra,Pune,Khed,Pomegranate,Bhagwa,FAQ,2026-08-01,5758,7329,6544,301
Maharashtra,Pune,Khed,Pomegranate,Bhagwa,FAQ,2026-07-31,5731,7294,6513,480
Maharashtra,Pune,Khed,Pomegranate,Bhagwa,FAQ,2026-07-30,5705,7260,6483,158
Maharashtra,Pune,Khed,Pomegranate,Bhagwa,FAQ,2026-07-29,5664,7209,6437,734
Maharashtra,Pune,Khed,Pomegranate,Bhagwa,FAQ,2026-07-28,5676,7224,6450,754
Maharashtra,Pune,Manchar,Tomato,Vaishali,FAQ,2026-08-26,1879,2392,2136,364
Maharashtra,Pune,Manchar,Tomato,Hybrid,FAQ,2026-08-25,1901,2420,2161,571
Maharashtra,Pune,Manchar,Tomato,Local,FAQ,2026-08-24,1905,2424,2165,575
Maharashtra,Pune,Manchar,Tomato,Vaishali,FAQ,2026-08-23,1877,2388,2133,250
Maharashtra,Pune,Manchar,Tomato,Vaishali,FAQ,2026-08-22,1961,2496,2229,425
Maharashtra,Pune,Manchar,Tomato,Hybrid,FAQ,2026-08-21,1967,2504,2236,272
Maharashtra,Pune,Manchar,Tomato,Hybrid,FAQ,2026-08-20,1989,2532,2261,755
Maharashtra,Pune,Manchar,Tomato,Local,FAQ,2026-08-19,2002,2549,2276,223
Maharashtra,Pune,Manchar,Tomato,Hybrid,FAQ,2026-08-18,2018,2569,2294,711
Maharashtra,Pune,Manchar,Tomato,Vaishali,FAQ,2026-08-17,1987,2528,2258,383
Maharashtra,Pune,Manchar,Tomato,Hybrid,FAQ,2026-08-16,1991,2534,2263,167
Maharashtra,Pune,Manchar,Tomato,Vaishali,FAQ,2026-08-15,2016,2567,2292,629
Maharashtra,Pune,Manchar,Tomato,Hybrid,FAQ,2026-08-14,2030,2583,2307,273
Maharashtra,Pune,Manchar,Tomato,Local,FAQ,2026-08-13,2033,2588,2311,348
Maharashtra,Pune,Manchar,Tomato,Vaishali,FAQ,2026-08-12,2000,2545,2273,590
Maharashtra,Pune,Manchar,Tomato,Hybrid,FAQ,2026-08-11,2053,2612,2333,526
Maharashtra,Pune,Manchar,Tomato,Vaishali,FAQ,2026-08-10,2021,2572,2297,647
Maharashtra,Pune,Manchar,Tomato,Vaishali,FAQ,2026-08-09,2038,2595,2317,142
Maharashtra,Pune,Manchar,Tomato,Hybrid,FAQ,2026-08-08,2024,2576,2300,793
Maharashtra,Pune,Manchar,Tomato,Hybrid,FAQ,2026-08-07,1987,2530,2259,207
Maharashtra,Pune,Manchar,Tomato,Vaishali,FAQ,2026-08-06,2019,2570,2295,383
Maharashtra,Pune,Manchar,Tomato,Local,FAQ,2026-08-05,1998,2543,2271,356
Maharashtra,Pune,Manchar,Tomato,Local,FAQ,2026-08-04,1959,2494,2227,451
Maharashtra,Pune,Manchar,Tomato,Hybrid,FAQ,2026-08-03,2004,2551,2278,731
Maharashtra,Pune,Manchar,Tomato,Local,FAQ,2026-08-02,1960,2495,2228,425
Maharashtra,Pune,Manchar,Tomato,Vaishali,FAQ,2026-08-01,1941,2470,2206,117
Maharashtra,Pune,Manchar,Tomato,Hybrid,FAQ,2026-07-31,1911,2432,2172,572
Maharashtra,Pune,Manchar,Tomato,Hybrid,FAQ,2026-07-30,1878,2391,2135,415
Maharashtra,Pune,Manchar,Tomato,Vaishali,FAQ,2026-07-29,1925,2450,2188,427
Maharashtra,Pune,Manchar,Tomato,Vaishali,FAQ,2026-07-28,1836,2337,2087,116
Maharashtra,Pune,Manchar,Onion,Garwa,FAQ,2026-08-26,1516,1929,1723,397
Maharashtra,Pune,Manchar,Onion,Red,FAQ,2026-08-25,1537,1956,1747,114
Maharashtra,Pune,Manchar,Onion,Garwa,FAQ,2026-08-24,1568,1995,1782,630
Maharashtra,Pune,Manchar,Onion,Red,FAQ,2026-08-23,1591,2024,1808,302
Maharashtra,Pune,Manchar,Onion,Red,FAQ,2026-08-22,1629,2074,1852,794
Maharashtra,Pune,Manchar,Onion,Garwa,FAQ,2026-08-21,1604,2041,1823,114
Maharashtra,Pune,Manchar,Onion,White,FAQ,2026-08-20,1637,2084,1861,644
Maharashtra,Pune,Manchar,Onion,White,FAQ,2026-08-19,1667,2122,1895,119
Maharashtra,Pune,Manchar,Onion,White,FAQ,2026-08-18,1693,2154,1924,367
Maharashtra,Pune,Manchar,Onion,Red,FAQ,2026-08-17,1653,2104,1879,200
Maharashtra,Pune,Manchar,Onion,White,FAQ,2026-08-16,1668,2123,1896,789
Maharashtra,Pune,Manchar,Onion,White,FAQ,2026-08-15,1713,2180,1947,624
Maharashtra,Pune,Manchar,Onion,Red,FAQ,2026-08-14,1704,2169,1937,389
Maharashtra,Pune,Manchar,Onion,White,FAQ,2026-08-13,1698,2161,1930,772
Maharashtra,Pune,Manchar,Onion,Red,FAQ,2026-08-12,1736,2209,1973,298
Maharashtra,Pune,Manchar,Onion,Garwa,FAQ,2026-08-11,1708,2173,1941,566
Maharashtra,Pune,Manchar,Onion,Garwa,FAQ,2026-08-10,1716,2185,1951,483
Maharashtra,Pune,Manchar,Onion,Red,FAQ,2026-08-09,1737,2210,1974,203
Maharashtra,Pune,Manchar,Onion,White,FAQ,2026-08-08,1735,2208,1972,529
Maharashtra,Pune,Manchar,Onion,Red,FAQ,2026-08-07,1673,2130,1902,704
Maharashtra,Pune,Manchar,Onion,Red,FAQ,2026-08-06,1720,2189,1955,780
Maharashtra,Pune,Manchar,Onion,Garwa,FAQ,2026-08-05,1694,2156,1925,745
Maharashtra,Pune,Manchar,Onion,White,FAQ,2026-08-04,1661,2114,1888,548
Maharashtra,Pune,Manchar,Onion,Garwa,FAQ,2026-08-03,1656,2107,1882,733
Maharashtra,Pune,Manchar,Onion,Garwa,FAQ,2026-08-02,1650,2100,1875,618
Maharashtra,Pune,Manchar,Onion,White,FAQ,2026-08-01,1669,2124,1897,354
Maharashtra,Pune,Manchar,Onion,White,FAQ,2026-07-31,1629,2074,1852,410
Maharashtra,Pune,Manchar,Onion,Garwa,FAQ,2026-07-30,1628,2073,1851,616
Maharashtra,Pune,Manchar,Onion,White,FAQ,2026-07-29,1598,2035,1817,349
Maharashtra,Pune,Manchar,Onion,Garwa,FAQ,2026-07-28,1564,1991,1778,585
Maharashtra,Pune,Manchar,Wheat,FAQ,FAQ,2026-08-26,2067,2630,2349,236
Maharashtra,Pune,Manchar,Wheat,FAQ,FAQ,2026-08-25,2063,2626,2345,486
Maharashtra,Pune,Manchar,Wheat,FAQ,FAQ,2026-08-24,2142,2727,2435,309
Maharashtra,Pune,Manchar,Wheat,FAQ,FAQ,2026-08-23,2143,2728,2436,255
Maharashtra,Pune,Manchar,Wheat,Lok-1,FAQ,2026-08-22,2149,2736,2443,740
Maharashtra,Pune,Manchar,Wheat,FAQ,FAQ,2026-08-21,2181,2776,2479,635
Maharashtra,Pune,Manchar,Wheat,FAQ,FAQ,2026-08-20,2179,2774,2477,324
Maharashtra,Pune,Manchar,Wheat,FAQ,FAQ,2026-08-19,2215,2820,2518,720
Maharashtra,Pune,Manchar,Wheat,Sharbati,FAQ,2026-08-18,2237,2848,2543,252
Maharashtra,Pune,Manchar,Wheat,FAQ,FAQ,2026-08-17,2241,2852,2547,160
Maharashtra,Pune,Manchar,Wheat,FAQ,FAQ,2026-08-16,2244,2856,2550,703
Maharashtra,Pune,Manchar,Wheat,Lok-1,FAQ,2026-08-15,2197,2796,2497,413
Maharashtra,Pune,Manchar,Wheat,Sharbati,FAQ,2026-08-14,2209,2812,2511,197
Maharashtra,Pune,Manchar,Wheat,FAQ,FAQ,2026-08-13,2258,2875,2567,416
Maharashtra,Pune,Manchar,Wheat,FAQ,FAQ,2026-08-12,2244,2856,2550,606
Maharashtra,Pune,Manchar,Wheat,Sharbati,FAQ,2026-08-11,2242,2853,2548,638
Maharashtra,Pune,Manchar,Wheat,Lok-1,FAQ,2026-08-10,2236,2847,2542,205
Maharashtra,Pune,Manchar,Wheat,FAQ,FAQ,2026-08-09,2243,2854,2549,737
Maharashtra,Pune,Manchar,Wheat,FAQ,FAQ,2026-08-08,2247,2860,2554,716
Maharashtra,Pune,Manchar,Wheat,FAQ,FAQ,2026-08-07,2221,2826,2524,191
Maharashtra,Pune,Manchar,Wheat,FAQ,FAQ,2026-08-06,2203,2804,2504,588
Maharashtra,Pune,Manchar,Wheat,FAQ,FAQ,2026-08-05,2248,2861,2555,222
Maharashtra,Pune,Manchar,Wheat,Sharbati,FAQ,2026-08-04,2197,2796,2497,142
Maharashtra,Pune,Manchar,Wheat,Sharbati,FAQ,2026-08-03,2195,2794,2495,773
Maharashtra,Pune,Manchar,Wheat,Lok-1,FAQ,2026-08-02,2157,2746,2452,452
Maharashtra,Pune,Manchar,Wheat,FAQ,FAQ,2026-08-01,2152,2739,2446,484
Maharashtra,Pune,Manchar,Wheat,Lok-1,FAQ,2026-07-31,2170,2761,2466,736
Maharashtra,Pune,Manchar,Wheat,Lok-1,FAQ,2026-07-30,2120,2699,2410,288
Maharashtra,Pune,Manchar,Wheat,Sharbati,FAQ,2026-07-29,2116,2693,2405,381
Maharashtra,Pune,Manchar,Wheat,FAQ,FAQ,2026-07-28,2068,2632,2350,748
Maharashtra,Pune,Manchar,Rice,Swarna,FAQ,2026-08-26,2225,2832,2529,265
Maharashtra,Pune,Manchar,Rice,Paddy(Dpr),FAQ,2026-08-25,2187,2784,2486,782
Maharashtra,Pune,Manchar,Rice,Paddy(Dpr),FAQ,2026-08-24,2268,2887,2578,314
Maharashtra,Pune,Manchar,Rice,Swarna,FAQ,2026-08-23,2236,2847,2542,507
Maharashtra,Pune,Manchar,Rice,Paddy(Dpr),FAQ,2026-08-22,2281,2904,2593,482
Maharashtra,Pune,Manchar,Rice,Paddy(Dpr),FAQ,2026-08-21,2329,2964,2647,237
Maharashtra,Pune,Manchar,Rice,Swarna,FAQ,2026-08-20,2310,2940,2625,441
Maharashtra,Pune,Manchar,Rice,Paddy(Dpr),FAQ,2026-08-19,2331,2966,2649,791
Maharashtra,Pune,Manchar,Rice,Basmati,FAQ,2026-08-18,2339,2978,2659,462
Maharashtra,Pune,Manchar,Rice,Paddy(Dpr),FAQ,2026-08-17,2344,2983,2664,128
Maharashtra,Pune,Manchar,Rice,Basmati,FAQ,2026-08-16,2348,2989,2669,266
Maharashtra,Pune,Manchar,Rice,Basmati,FAQ,2026-08-15,2338,2975,2657,639
Maharashtra,Pune,Manchar,Rice,Basmati,FAQ,2026-08-14,2373,3020,2697,790
Maharashtra,Pune,Manchar,Rice,Basmati,FAQ,2026-08-13,2394,3047,2721,654
Maharashtra,Pune,Manchar,Rice,Paddy(Dpr),FAQ,2026-08-12,2398,3052,2725,569
Maharashtra,Pune,Manchar,Rice,Swarna,FAQ,2026-08-11,2356,2999,2678,228
Maharashtra,Pune,Manchar,Rice,Basmati,FAQ,2026-08-10,2385,3036,2711,562
Maharashtra,Pune,Manchar,Rice,Basmati,FAQ,2026-08-09,2398,3052,2725,383
Maharashtra,Pune,Manchar,Rice,Basmati,FAQ,2026-08-08,2339,2978,2659,603
Maharashtra,Pune,Manchar,Rice,Basmati,FAQ,2026-08-07,2367,3012,2690,548
Maharashtra,Pune,Manchar,Rice,Paddy(Dpr),FAQ,2026-08-06,2380,3029,2705,253
Maharashtra,Pune,Manchar,Rice,Swarna,FAQ,2026-08-05,2361,3004,2683,740
Maharashtra,Pune,Manchar,Rice,Swarna,FAQ,2026-08-04,2326,2961,2644,466
Maharashtra,Pune,Manchar,Rice,Paddy(Dpr),FAQ,2026-08-03,2328,2963,2646,188
Maharashtra,Pune,Manchar,Rice,Paddy(Dpr),FAQ,2026-08-02,2323,2956,2640,397
Maharashtra,Pune,Manchar,Rice,Basmati,FAQ,2026-08-01,2320,2953,2637,717
Maharashtra,Pune,Manchar,Rice,Swarna,FAQ,2026-07-31,2265,2882,2574,609
Maharashtra,Pune,Manchar,Rice,Basmati,FAQ,2026-07-30,2291,2916,2604,436
Maharashtra,Pune,Manchar,Rice,Basmati,FAQ,2026-07-29,2251,2864,2558,265
Maharashtra,Pune,Manchar,Rice,Paddy(Dpr),FAQ,2026-07-28,2254,2869,2562,323
Maharashtra,Pune,Manchar,Potato,Jyoti,FAQ,2026-08-26,1259,1602,1431,327
Maharashtra,Pune,Manchar,Potato,Jyoti,FAQ,2026-08-25,1255,1598,1427,689
Maharashtra,Pune,Manchar,Potato,Jyoti,FAQ,2026-08-24,1261,1606,1434,624
Maharashtra,Pune,Manchar,Potato,Kufri,FAQ,2026-08-23,1307,1664,1486,537
Maharashtra,Pune,Manchar,Potato,Jyoti,FAQ,2026-08-22,1329,1692,1511,209
Maharashtra,Pune,Manchar,Potato,Jyoti,FAQ,2026-08-21,1305,1662,1484,284
Maharashtra,Pune,Manchar,Potato,Kufri,FAQ,2026-08-20,1317,1676,1497,716
Maharashtra,Pune,Manchar,Potato,Jyoti,FAQ,2026-08-19,1357,1728,1543,699
Maharashtra,Pune,Manchar,Potato,Kufri,FAQ,2026-08-18,1393,1774,1584,321
Maharashtra,Pune,Manchar,Potato,Kufri,FAQ,2026-08-17,1358,1729,1544,135
Maharashtra,Pune,Manchar,Potato,Kufri,FAQ,2026-08-16,1404,1787,1596,605
Maharashtra,Pune,Manchar,Potato,Kufri,FAQ,2026-08-15,1390,1769,1580,396
Maharashtra,Pune,Manchar,Potato,Jyoti,FAQ,2026-08-14,1374,1749,1562,192
Maharashtra,Pune,Manchar,Potato,Jyoti,FAQ,2026-08-13,1436,1827,1632,777
Maharashtra,Pune,Manchar,Potato,Jyoti,FAQ,2026-08-12,1422,1811,1617,599
Maharashtra,Pune,Manchar,Potato,Kufri,FAQ,2026-08-11,1416,1803,1610,691
Maharashtra,Pune,Manchar,Potato,Jyoti,FAQ,2026-08-10,1420,1807,1614,733
Maharashtra,Pune,Manchar,Potato,Kufri,FAQ,2026-08-09,1411,1796,1604,578
Maharashtra,Pune,Manchar,Potato,Jyoti,FAQ,2026-08-08,1386,1764,1575,177
Maharashtra,Pune,Manchar,Potato,Kufri,FAQ,2026-08-07,1417,1804,1611,456
Maharashtra,Pune,Manchar,Potato,Kufri,FAQ,2026-08-06,1414,1799,1607,220
Maharashtra,Pune,Manchar,Potato,Kufri,FAQ,2026-08-05,1373,1748,1561,741
Maharashtra,Pune,Manchar,Potato,Kufri,FAQ,2026-08-04,1351,1720,1536,690
Maharashtra,Pune,Manchar,Potato,Kufri,FAQ,2026-08-03,1359,1730,1545,227
Maharashtra,Pune,Manchar,Potato,Jyoti,FAQ,2026-08-02,1349,1716,1533,268
Maharashtra,Pune,Manchar,Potato,Jyoti,FAQ,2026-08-01,1345,1712,1529,638
Maharashtra,Pune,Manchar,Potato,Jyoti,FAQ,2026-07-31,1310,1667,1489,507
Maharashtra,Pune,Manchar,Potato,Kufri,FAQ,2026-07-30,1327,1688,1508,634
Maharashtra,Pune,Manchar,Potato,Kufri,FAQ,2026-07-29,1260,1603,1432,732
Maharashtra,Pune,Manchar,Potato,Jyoti,FAQ,2026-07-28,1228,1563,1396,599
Maharashtra,Pune,Manchar,Soyabean,JS-335,FAQ,2026-08-26,3798,4833,4316,679
Maharashtra,Pune,Manchar,Soyabean,JS-335,FAQ,2026-08-25,3794,4829,4312,413
Maharashtra,Pune,Manchar,Soyabean,Yellow,FAQ,2026-08-24,3840,4887,4364,256
Maharashtra,Pune,Manchar,Soyabean,Yellow,FAQ,2026-08-23,3813,4854,4334,673
Maharashtra,Pune,Manchar,Soyabean,Yellow,FAQ,2026-08-22,3864,4917,4391,166
Maharashtra,Pune,Manchar,Soyabean,JS-335,FAQ,2026-08-21,3894,4956,4425,267
Maharashtra,Pune,Manchar,Soyabean,JS-335,FAQ,2026-08-20,3863,4916,4390,268
Maharashtra,Pune,Manchar,Soyabean,Yellow,FAQ,2026-08-19,3882,4941,4412,150
Maharashtra,Pune,Manchar,Soyabean,JS-335,FAQ,2026-08-18,3943,5018,4481,710
Maharashtra,Pune,Manchar,Soyabean,JS-335,FAQ,2026-08-17,3896,4959,4428,150
Maharashtra,Pune,Manchar,Soyabean,Yellow,FAQ,2026-08-16,3955,5034,4495,103
Maharashtra,Pune,Manchar,Soyabean,Yellow,FAQ,2026-08-15,3976,5061,4519,756
Maharashtra,Pune,Manchar,Soyabean,JS-335,FAQ,2026-08-14,3960,5041,4501,128
Maharashtra,Pune,Manchar,Soyabean,JS-335,FAQ,2026-08-13,3930,5003,4467,388
Maharashtra,Pune,Manchar,Soyabean,JS-335,FAQ,2026-08-12,3971,5054,4513,349
Maharashtra,Pune,Manchar,Soyabean,Yellow,FAQ,2026-08-11,3974,5057,4516,431
Maharashtra,Pune,Manchar,Soyabean,Yellow,FAQ,2026-08-10,3933,5006,4470,201
Maharashtra,Pune,Manchar,Soyabean,JS-335,FAQ,2026-08-09,3944,5019,4482,605
Maharashtra,Pune,Manchar,Soyabean,JS-335,FAQ,2026-08-08,3937,5010,4474,354
Maharashtra,Pune,Manchar,Soyabean,Yellow,FAQ,2026-08-07,3918,4987,4453,603
Maharashtra,Pune,Manchar,Soyabean,JS-335,FAQ,2026-08-06,3908,4975,4442,730
Maharashtra,Pune,Manchar,Soyabean,JS-335,FAQ,2026-08-05,3952,5031,4492,428
Maharashtra,Pune,Manchar,Soyabean,Yellow,FAQ,2026-08-04,3949,5026,4488,601
Maharashtra,Pune,Manchar,Soyabean,Yellow,FAQ,2026-08-03,3924,4995,4460,715
Maharashtra,Pune,Manchar,Soyabean,Yellow,FAQ,2026-08-02,3889,4950,4420,561
Maharashtra,Pune,Manchar,Soyabean,JS-335,FAQ,2026-08-01,3891,4952,4422,559
Maharashtra,Pune,Manchar,Soyabean,JS-335,FAQ,2026-07-31,3852,4903,4378,477
Maharashtra,Pune,Manchar,Soyabean,JS-335,FAQ,2026-07-30,3837,4884,4361,706
Maharashtra,Pune,Manchar,Soyabean,Yellow,FAQ,2026-07-29,3857,4908,4383,174
Maharashtra,Pune,Manchar,Soyabean,JS-335,FAQ,2026-07-28,3776,4805,4291,271
Maharashtra,Pune,Manchar,Maize,Yellow,FAQ,2026-08-26,1624,2067,1846,732
Maharashtra,Pune,Manchar,Maize,Yellow,FAQ,2026-08-25,1631,2076,1854,212
Maharashtra,Pune,Manchar,Maize,Hybrid,FAQ,2026-08-24,1697,2160,1929,522
Maharashtra,Pune,Manchar,Maize,Hybrid,FAQ,2026-08-23,1705,2170,1938,111
Maharashtra,Pune,Manchar,Maize,Hybrid,FAQ,2026-08-22,1679,2138,1909,164
Maharashtra,Pune,Manchar,Maize,Hybrid,FAQ,2026-08-21,1729,2200,1965,129
Maharashtra,Pune,Manchar,Maize,Yellow,FAQ,2026-08-20,1775,2260,2018,431
Maharashtra,Pune,Manchar,Maize,Yellow,FAQ,2026-08-19,1777,2262,2020,227
Maharashtra,Pune,Manchar,Maize,Yellow,FAQ,2026-08-18,1735,2208,1972,557
Maharashtra,Pune,Manchar,Maize,Yellow,FAQ,2026-08-17,1796,2287,2042,286
Maharashtra,Pune,Manchar,Maize,Hybrid,FAQ,2026-08-16,1777,2262,2020,372
Maharashtra,Pune,Manchar,Maize,Hybrid,FAQ,2026-08-15,1769,2252,2011,561
Maharashtra,Pune,Manchar,Maize,Yellow,FAQ,2026-08-14,1776,2261,2019,298
Maharashtra,Pune,Manchar,Maize,Hybrid,FAQ,2026-08-13,1823,2320,2072,711
Maharashtra,Pune,Manchar,Maize,Yellow,FAQ,2026-08-12,1800,2291,2046,282
Maharashtra,Pune,Manchar,Maize,Hybrid,FAQ,2026-08-11,1786,2273,2030,172
Maharashtra,Pune,Manchar,Maize,Yellow,FAQ,2026-08-10,1767,2250,2009,304
Maharashtra,Pune,Manchar,Maize,Yellow,FAQ,2026-08-09,1784,2271,2028,217
Maharashtra,Pune,Manchar,Maize,Yellow,FAQ,2026-08-08,1818,2313,2066,345
Maharashtra,Pune,Manchar,Maize,Hybrid,FAQ,2026-08-07,1789,2276,2033,257
Maharashtra,Pune,Manchar,Maize,Hybrid,FAQ,2026-08-06,1813,2308,2061,730
Maharashtra,Pune,Manchar,Maize,Yellow,FAQ,2026-08-05,1752,2229,1991,113
Maharashtra,Pune,Manchar,Maize,Yellow,FAQ,2026-08-04,1764,2245,2005,553
Maharashtra,Pune,Manchar,Maize,Hybrid,FAQ,2026-08-03,1722,2191,1957,278
Maharashtra,Pune,Manchar,Maize,Yellow,FAQ,2026-08-02,1720,2189,1955,188
Maharashtra,Pune,Manchar,Maize,Yellow,FAQ,2026-08-01,1737,2210,1974,735
Maharashtra,Pune,Manchar,Maize,Yellow,FAQ,2026-07-31,1728,2199,1964,550
Maharashtra,Pune,Manchar,Maize,Yellow,FAQ,2026-07-30,1723,2194,1959,389
Maharashtra,Pune,Manchar,Maize,Yellow,FAQ,2026-07-29,1695,2158,1927,534
Maharashtra,Pune,Manchar,Maize,Hybrid,FAQ,2026-07-28,1650,2101,1876,713
Maharashtra,Pune,Manchar,Cotton,Medium Staple,FAQ,2026-08-26,5736,7301,6519,521
Maharashtra,Pune,Manchar,Cotton,Medium Staple,FAQ,2026-08-25,5750,7319,6535,487
Maharashtra,Pune,Manchar,Cotton,Medium Staple,FAQ,2026-08-24,5796,7377,6587,274
Maharashtra,Pune,Manchar,Cotton,Medium Staple,FAQ,2026-08-23,5813,7398,6606,396
Maharashtra,Pune,Manchar,Cotton,Medium Staple,FAQ,2026-08-22,5808,7393,6601,554
Maharashtra,Pune,Manchar,Cotton,Medium Staple,FAQ,2026-08-21,5825,7414,6620,734
Maharashtra,Pune,Manchar,Cotton,Medium Staple,FAQ,2026-08-20,5832,7423,6628,254
Maharashtra,Pune,Manchar,Cotton,Medium Staple,FAQ,2026-08-19,5825,7414,6620,621
Maharashtra,Pune,Manchar,Cotton,Medium Staple,FAQ,2026-08-18,5852,7448,6650,557
Maharashtra,Pune,Manchar,Cotton,Medium Staple,FAQ,2026-08-17,5866,7465,6666,457
Maharashtra,Pune,Manchar,Cotton,Medium Staple,FAQ,2026-08-16,5853,7450,6652,378
Maharashtra,Pune,Manchar,Cotton,Medium Staple,FAQ,2026-08-15,5910,7523,6717,639
Maharashtra,Pune,Manchar,Cotton,Medium Staple,FAQ,2026-08-14,5903,7514,6709,684
Maharashtra,Pune,Manchar,Cotton,Medium Staple,FAQ,2026-08-13,5903,7512,6708,348
Maharashtra,Pune,Manchar,Cotton,Medium Staple,FAQ,2026-08-12,5907,7518,6713,625
Maharashtra,Pune,Manchar,Cotton,Medium Staple,FAQ,2026-08-11,5889,7496,6693,508
Maharashtra,Pune,Manchar,Cotton,Medium Staple,FAQ,2026-08-10,5892,7499,6696,336
Maharashtra,Pune,Manchar,Cotton,Medium Staple,FAQ,2026-08-09,5865,7464,6665,323
Maharashtra,Pune,Manchar,Cotton,Medium Staple,FAQ,2026-08-08,5856,7453,6655,765
Maharashtra,Pune,Manchar,Cotton,Medium Staple,FAQ,2026-08-07,5895,7502,6699,615
Maharashtra,Pune,Manchar,Cotton,Medium Staple,FAQ,2026-08-06,5879,7482,6681,188
Maharashtra,Pune,Manchar,Cotton,Medium Staple,FAQ,2026-08-05,5894,7501,6698,308
Maharashtra,Pune,Manchar,Cotton,Medium Staple,FAQ,2026-08-04,5860,7459,6660,575
Maharashtra,Pune,Manchar,Cotton,Medium Staple,FAQ,2026-08-03,5877,7480,6679,138
Maharashtra,Pune,Manchar,Cotton,Medium Staple,FAQ,2026-08-02,5797,7378,6588,785
Maharashtra,Pune,Manchar,Cotton,Medium Staple,FAQ,2026-08-01,5816,7403,6610,658
Maharashtra,Pune,Manchar,Cotton,Medium Staple,FAQ,2026-07-31,5788,7367,6578,388
Maharashtra,Pune,Manchar,Cotton,Medium Staple,FAQ,2026-07-30,5794,7375,6585,275
Maharashtra,Pune,Manchar,Cotton,Medium Staple,FAQ,2026-07-29,5753,7322,6538,320
Maharashtra,Pune,Manchar,Cotton,Medium Staple,FAQ,2026-07-28,5709,7266,6488,595
Maharashtra,Pune,Manchar,Sugarcane,Co-86032,FAQ,2026-08-26,264,336,300,544
Maharashtra,Pune,Manchar,Sugarcane,Co-86032,FAQ,2026-08-25,264,336,300,197
Maharashtra,Pune,Manchar,Sugarcane,Co-86032,FAQ,2026-08-24,264,336,300,543
Maharashtra,Pune,Manchar,Sugarcane,Co-86032,FAQ,2026-08-23,264,336,300,667
Maharashtra,Pune,Manchar,Sugarcane,Co-86032,FAQ,2026-08-22,306,389,348,535
Maharashtra,Pune,Manchar,Sugarcane,Co-86032,FAQ,2026-08-21,296,377,337,795
Maharashtra,Pune,Manchar,Sugarcane,Co-86032,FAQ,2026-08-20,297,378,338,385
Maharashtra,Pune,Manchar,Sugarcane,Co-86032,FAQ,2026-08-19,298,379,339,254
Maharashtra,Pune,Manchar,Sugarcane,Co-86032,FAQ,2026-08-18,324,413,369,515
Maharashtra,Pune,Manchar,Sugarcane,Co-86032,FAQ,2026-08-17,313,398,356,556
Maharashtra,Pune,Manchar,Sugarcane,Co-86032,FAQ,2026-08-16,374,476,425,238
Maharashtra,Pune,Manchar,Sugarcane,Co-86032,FAQ,2026-08-15,361,460,411,507
Maharashtra,Pune,Manchar,Sugarcane,Co-86032,FAQ,2026-08-14,331,422,377,569
Maharashtra,Pune,Manchar,Sugarcane,Co-86032,FAQ,2026-08-13,357,454,406,591
Maharashtra,Pune,Manchar,Sugarcane,Co-86032,FAQ,2026-08-12,352,449,401,117
Maharashtra,Pune,Manchar,Sugarcane,Co-86032,FAQ,2026-08-11,375,478,427,771
Maharashtra,Pune,Manchar,Sugarcane,Co-86032,FAQ,2026-08-10,350,445,398,188
Maharashtra,Pune,Manchar,Sugarcane,Co-86032,FAQ,2026-08-09,393,500,447,401
Maharashtra,Pune,Manchar,Sugarcane,Co-86032,FAQ,2026-08-08,388,493,441,558
Maharashtra,Pune,Manchar,Sugarcane,Co-86032,FAQ,2026-08-07,347,442,395,748
Maharashtra,Pune,Manchar,Sugarcane,Co-86032,FAQ,2026-08-06,380,483,432,502
Maharashtra,Pune,Manchar,Sugarcane,Co-86032,FAQ,2026-08-05,329,418,374,653
Maharashtra,Pune,Manchar,Sugarcane,Co-86032,FAQ,2026-08-04,311,396,354,785
Maharashtra,Pune,Manchar,Sugarcane,Co-86032,FAQ,2026-08-03,332,423,378,276
Maharashtra,Pune,Manchar,Sugarcane,Co-86032,FAQ,2026-08-02,308,393,351,270
Maharashtra,Pune,Manchar,Sugarcane,Co-86032,FAQ,2026-08-01,297,378,338,310
Maharashtra,Pune,Manchar,Sugarcane,Co-86032,FAQ,2026-07-31,264,336,300,453
Maharashtra,Pune,Manchar,Sugarcane,Co-86032,FAQ,2026-07-30,268,341,305,584
Maharashtra,Pune,Manchar,Sugarcane,Co-86032,FAQ,2026-07-29,264,336,300,324
Maharashtra,Pune,Manchar,Sugarcane,Co-86032,FAQ,2026-07-28,264,336,300,145
Maharashtra,Pune,Manchar,Mustard,Yellow,FAQ,2026-08-26,4708,5993,5351,431
Maharashtra,Pune,Manchar,Mustard,Black,FAQ,2026-08-25,4707,5990,5349,391
Maharashtra,Pune,Manchar,Mustard,Yellow,FAQ,2026-08-24,4724,6013,5369,629
Maharashtra,Pune,Manchar,Mustard,Black,FAQ,2026-08-23,4770,6071,5421,546
Maharashtra,Pune,Manchar,Mustard,Yellow,FAQ,2026-08-22,4825,6140,5483,316
Maharashtra,Pune,Manchar,Mustard,Yellow,FAQ,2026-08-21,4782,6087,5435,349
Maharashtra,Pune,Manchar,Mustard,Black,FAQ,2026-08-20,4835,6154,5495,685
Maharashtra,Pune,Manchar,Mustard,Yellow,FAQ,2026-08-19,4847,6168,5508,111
Maharashtra,Pune,Manchar,Mustard,Black,FAQ,2026-08-18,4871,6200,5536,505
Maharashtra,Pune,Manchar,Mustard,Yellow,FAQ,2026-08-17,4825,6142,5484,286
Maharashtra,Pune,Manchar,Mustard,Black,FAQ,2026-08-16,4852,6175,5514,369
Maharashtra,Pune,Manchar,Mustard,Black,FAQ,2026-08-15,4903,6240,5572,351
Maharashtra,Pune,Manchar,Mustard,Black,FAQ,2026-08-14,4864,6191,5528,565
Maharashtra,Pune,Manchar,Mustard,Yellow,FAQ,2026-08-13,4887,6220,5554,416
Maharashtra,Pune,Manchar,Mustard,Black,FAQ,2026-08-12,4855,6180,5518,200
Maharashtra,Pune,Manchar,Mustard,Black,FAQ,2026-08-11,4867,6194,5531,620
Maharashtra,Pune,Manchar,Mustard,Black,FAQ,2026-08-10,4860,6185,5523,278
Maharashtra,Pune,Manchar,Mustard,Yellow,FAQ,2026-08-09,4905,6242,5574,580
Maharashtra,Pune,Manchar,Mustard,Yellow,FAQ,2026-08-08,4864,6191,5528,574
Maharashtra,Pune,Manchar,Mustard,Black,FAQ,2026-08-07,4885,6218,5552,133
Maharashtra,Pune,Manchar,Mustard,Black,FAQ,2026-08-06,4893,6228,5561,252
Maharashtra,Pune,Manchar,Mustard,Yellow,FAQ,2026-08-05,4852,6175,5514,670
Maharashtra,Pune,Manchar,Mustard,Black,FAQ,2026-08-04,4849,6172,5511,676
Maharashtra,Pune,Manchar,Mustard,Black,FAQ,2026-08-03,4798,6107,5453,388
Maharashtra,Pune,Manchar,Mustard,Yellow,FAQ,2026-08-02,4854,6177,5516,125
Maharashtra,Pune,Manchar,Mustard,Black,FAQ,2026-08-01,4823,6138,5481,594
Maharashtra,Pune,Manchar,Mustard,Yellow,FAQ,2026-07-31,4796,6104,5450,445
Maharashtra,Pune,Manchar,Mustard,Yellow,FAQ,2026-07-30,4754,6051,5403,216
Maharashtra,Pune,Manchar,Mustard,Black,FAQ,2026-07-29,4722,6009,5366,174
Maharashtra,Pune,Manchar,Mustard,Yellow,FAQ,2026-07-28,4704,5987,5346,156
Maharashtra,Pune,Manchar,Grapes,Thompson Seedless,FAQ,2026-08-26,4331,5512,4922,128
Maharashtra,Pune,Manchar,Grapes,Thompson Seedless,FAQ,2026-08-25,4319,5498,4909,337
Maharashtra,Pune,Manchar,Grapes,Thompson Seedless,FAQ,2026-08-24,4344,5529,4937,464
Maharashtra,Pune,Manchar,Grapes,Thompson Seedless,FAQ,2026-08-23,4381,5576,4979,131
Maharashtra,Pune,Manchar,Grapes,Thompson Seedless,FAQ,2026-08-22,4421,5626,5024,601
Maharashtra,Pune,Manchar,Grapes,Thompson Seedless,FAQ,2026-08-21,4388,5585,4987,162
Maharashtra,Pune,Manchar,Grapes,Thompson Seedless,FAQ,2026-08-20,4428,5635,5032,526
Maharashtra,Pune,Manchar,Grapes,Thompson Seedless,FAQ,2026-08-19,4436,5647,5042,534
Maharashtra,Pune,Manchar,Grapes,Thompson Seedless,FAQ,2026-08-18,4450,5663,5057,230
Maharashtra,Pune,Manchar,Grapes,Thompson Seedless,FAQ,2026-08-17,4476,5697,5087,248
Maharashtra,Pune,Manchar,Grapes,Thompson Seedless,FAQ,2026-08-16,4445,5658,5052,658
Maharashtra,Pune,Manchar,Grapes,Thompson Seedless,FAQ,2026-08-15,4440,5651,5046,352
Maharashtra,Pune,Manchar,Grapes,Thompson Seedless,FAQ,2026-08-14,4515,5746,5131,730
Maharashtra,Pune,Manchar,Grapes,Thompson Seedless,FAQ,2026-08-13,4481,5704,5093,387
Maharashtra,Pune,Manchar,Grapes,Thompson Seedless,FAQ,2026-08-12,4474,5695,5085,355
Maharashtra,Pune,Manchar,Grapes,Thompson Seedless,FAQ,2026-08-11,4490,5715,5103,163
Maharashtra,Pune,Manchar,Grapes,Thompson Seedless,FAQ,2026-08-10,4466,5684,5075,555
Maharashtra,Pune,Manchar,Grapes,Thompson Seedless,FAQ,2026-08-09,4493,5718,5106,780
Maharashtra,Pune,Manchar,Grapes,Thompson Seedless,FAQ,2026-08-08,4465,5682,5074,250
Maharashtra,Pune,Manchar,Grapes,Thompson Seedless,FAQ,2026-08-07,4488,5713,5101,532
Maharashtra,Pune,Manchar,Grapes,Thompson Seedless,FAQ,2026-08-06,4498,5725,5112,344
Maharashtra,Pune,Manchar,Grapes,Thompson Seedless,FAQ,2026-08-05,4471,5690,5081,212
Maharashtra,Pune,Manchar,Grapes,Thompson Seedless,FAQ,2026-08-04,4483,5706,5095,338
Maharashtra,Pune,Manchar,Grapes,Thompson Seedless,FAQ,2026-08-03,4428,5635,5032,274
Maharashtra,Pune,Manchar,Grapes,Thompson Seedless,FAQ,2026-08-02,4392,5591,4992,555
Maharashtra,Pune,Manchar,Grapes,Thompson Seedless,FAQ,2026-08-01,4400,5600,5000,464
Maharashtra,Pune,Manchar,Grapes,Thompson Seedless,FAQ,2026-07-31,4418,5623,5021,547
Maharashtra,Pune,Manchar,Grapes,Thompson Seedless,FAQ,2026-07-30,4344,5529,4937,552
Maharashtra,Pune,Manchar,Grapes,Thompson Seedless,FAQ,2026-07-29,4381,5576,4979,657
Maharashtra,Pune,Manchar,Grapes,Thompson Seedless,FAQ,2026-07-28,4308,5483,4896,339
Maharashtra,Pune,Manchar,Pomegranate,Bhagwa,FAQ,2026-08-26,5642,7181,6412,382
Maharashtra,Pune,Manchar,Pomegranate,Bhagwa,FAQ,2026-08-25,5620,7153,6387,228
Maharashtra,Pune,Manchar,Pomegranate,Bhagwa,FAQ,2026-08-24,5669,7216,6443,769
Maharashtra,Pune,Manchar,Pomegranate,Bhagwa,FAQ,2026-08-23,5695,7248,6472,534
Maharashtra,Pune,Manchar,Pomegranate,Bhagwa,FAQ,2026-08-22,5742,7309,6526,504
Maharashtra,Pune,Manchar,Pomegranate,Bhagwa,FAQ,2026-08-21,5713,7272,6493,470
Maharashtra,Pune,Manchar,Pomegranate,Bhagwa,FAQ,2026-08-20,5746,7313,6530,182
Maharashtra,Pune,Manchar,Pomegranate,Bhagwa,FAQ,2026-08-19,5751,7320,6536,727
Maharashtra,Pune,Manchar,Pomegranate,Bhagwa,FAQ,2026-08-18,5786,7364,6575,268
Maharashtra,Pune,Manchar,Pomegranate,Bhagwa,FAQ,2026-08-17,5756,7327,6542,152
Maharashtra,Pune,Manchar,Pomegranate,Bhagwa,FAQ,2026-08-16,5819,7406,6613,120
Maharashtra,Pune,Manchar,Pomegranate,Bhagwa,FAQ,2026-08-15,5764,7336,6550,670
Maharashtra,Pune,Manchar,Pomegranate,Bhagwa,FAQ,2026-08-14,5832,7423,6628,247
Maharashtra,Pune,Manchar,Pomegranate,Bhagwa,FAQ,2026-08-13,5822,7411,6617,448
Maharashtra,Pune,Manchar,Pomegranate,Bhagwa,FAQ,2026-08-12,5819,7406,6613,423
Maharashtra,Pune,Manchar,Pomegranate,Bhagwa,FAQ,2026-08-11,5797,7378,6588,371
Maharashtra,Pune,Manchar,Pomegranate,Bhagwa,FAQ,2026-08-10,5811,7396,6604,493
Maharashtra,Pune,Manchar,Pomegranate,Bhagwa,FAQ,2026-08-09,5835,7426,6631,542
Maharashtra,Pune,Manchar,Pomegranate,Bhagwa,FAQ,2026-08-08,5822,7409,6616,464
Maharashtra,Pune,Manchar,Pomegranate,Bhagwa,FAQ,2026-08-07,5771,7346,6559,666
Maharashtra,Pune,Manchar,Pomegranate,Bhagwa,FAQ,2026-08-06,5810,7395,6603,251
Maharashtra,Pune,Manchar,Pomegranate,Bhagwa,FAQ,2026-08-05,5786,7365,6576,512
Maharashtra,Pune,Manchar,Pomegranate,Bhagwa,FAQ,2026-08-04,5756,7325,6541,169
Maharashtra,Pune,Manchar,Pomegranate,Bhagwa,FAQ,2026-08-03,5746,7313,6530,471
Maharashtra,Pune,Manchar,Pomegranate,Bhagwa,FAQ,2026-08-02,5735,7300,6518,476
Maharashtra,Pune,Manchar,Pomegranate,Bhagwa,FAQ,2026-08-01,5756,7327,6542,477
Maharashtra,Pune,Manchar,Pomegranate,Bhagwa,FAQ,2026-07-31,5711,7268,6490,482
Maharashtra,Pune,Manchar,Pomegranate,Bhagwa,FAQ,2026-07-30,5679,7228,6454,778
Maharashtra,Pune,Manchar,Pomegranate,Bhagwa,FAQ,2026-07-29,5683,7234,6459,395
Maharashtra,Pune,Manchar,Pomegranate,Bhagwa,FAQ,2026-07-28,5673,7220,6447,432
Maharashtra,Ahmednagar,Rahata,Tomato,Vaishali,FAQ,2026-08-26,1863,2372,2118,359
Maharashtra,Ahmednagar,Rahata,Tomato,Local,FAQ,2026-08-25,1856,2363,2110,632
Maharashtra,Ahmednagar,Rahata,Tomato,Vaishali,FAQ,2026-08-24,1923,2448,2186,500
Maharashtra,Ahmednagar,Rahata,Tomato,Local,FAQ,2026-08-23,1928,2455,2192,370
Maharashtra,Ahmednagar,Rahata,Tomato,Hybrid,FAQ,2026-08-22,1914,2437,2176,317
Maharashtra,Ahmednagar,Rahata,Tomato,Hybrid,FAQ,2026-08-21,1943,2472,2208,566
Maharashtra,Ahmednagar,Rahata,Tomato,Local,FAQ,2026-08-20,1993,2536,2265,649
Maharashtra,Ahmednagar,Rahata,Tomato,Vaishali,FAQ,2026-08-19,2006,2553,2280,644
Maharashtra,Ahmednagar,Rahata,Tomato,Local,FAQ,2026-08-18,2002,2548,2275,389
Maharashtra,Ahmednagar,Rahata,Tomato,Vaishali,FAQ,2026-08-17,2015,2564,2290,643
Maharashtra,Ahmednagar,Rahata,Tomato,Hybrid,FAQ,2026-08-16,1987,2528,2258,106
Maharashtra,Ahmednagar,Rahata,Tomato,Local,FAQ,2026-08-15,2016,2565,2291,567
Maharashtra,Ahmednagar,Rahata,Tomato,Hybrid,FAQ,2026-08-14,1993,2536,2265,124
Maharashtra,Ahmednagar,Rahata,Tomato,Local,FAQ,2026-08-13,2046,2604,2325,293
Maharashtra,Ahmednagar,Rahata,Tomato,Vaishali,FAQ,2026-08-12,2049,2608,2329,644
Maharashtra,Ahmednagar,Rahata,Tomato,Local,FAQ,2026-08-11,2031,2584,2308,460
Maharashtra,Ahmednagar,Rahata,Tomato,Vaishali,FAQ,2026-08-10,2058,2619,2339,431
Maharashtra,Ahmednagar,Rahata,Tomato,Vaishali,FAQ,2026-08-09,2023,2574,2299,197
Maharashtra,Ahmednagar,Rahata,Tomato,Vaishali,FAQ,2026-08-08,2011,2560,2286,434
Maharashtra,Ahmednagar,Rahata,Tomato,Hybrid,FAQ,2026-08-07,2037,2592,2315,256
Maharashtra,Ahmednagar,Rahata,Tomato,Local,FAQ,2026-08-06,1984,2525,2255,548
Maharashtra,Ahmednagar,Rahata,Tomato,Hybrid,FAQ,2026-08-05,1996,2541,2269,185
Maharashtra,Ahmednagar,Rahata,Tomato,Local,FAQ,2026-08-04,1989,2532,2261,502
Maharashtra,Ahmednagar,Rahata,Tomato,Vaishali,FAQ,2026-08-03,1978,2517,2248,710
Maharashtra,Ahmednagar,Rahata,Tomato,Hybrid,FAQ,2026-08-02,1942,2471,2207,526
Maharashtra,Ahmednagar,Rahata,Tomato,Local,FAQ,2026-08-01,1943,2474,2209,206
Maharashtra,Ahmednagar,Rahata,Tomato,Hybrid,FAQ,2026-07-31,1924,2449,2187,543
Maharashtra,Ahmednagar,Rahata,Tomato,Vaishali,FAQ,2026-07-30,1892,2409,2151,605
Maharashtra,Ahmednagar,Rahata,Tomato,Local,FAQ,2026-07-29,1874,2385,2130,571
Maharashtra,Ahmednagar,Rahata,Tomato,Vaishali,FAQ,2026-07-28,1852,2357,2105,595
Maharashtra,Ahmednagar,Rahata,Onion,Garwa,FAQ,2026-08-26,1538,1957,1748,672
Maharashtra,Ahmednagar,Rahata,Onion,Garwa,FAQ,2026-08-25,1531,1948,1740,475
Maharashtra,Ahmednagar,Rahata,Onion,Garwa,FAQ,2026-08-24,1594,2029,1812,329
Maharashtra,Ahmednagar,Rahata,Onion,White,FAQ,2026-08-23,1602,2039,1821,498
Maharashtra,Ahmednagar,Rahata,Onion,Garwa,FAQ,2026-08-22,1608,2047,1828,517
Maharashtra,Ahmednagar,Rahata,Onion,Garwa,FAQ,2026-08-21,1635,2080,1858,644
Maharashtra,Ahmednagar,Rahata,Onion,Garwa,FAQ,2026-08-20,1673,2130,1902,686
Maharashtra,Ahmednagar,Rahata,Onion,Garwa,FAQ,2026-08-19,1674,2131,1903,107
Maharashtra,Ahmednagar,Rahata,Onion,Red,FAQ,2026-08-18,1654,2105,1880,513
Maharashtra,Ahmednagar,Rahata,Onion,Red,FAQ,2026-08-17,1653,2104,1879,670
Maharashtra,Ahmednagar,Rahata,Onion,White,FAQ,2026-08-16,1716,2184,1950,446
Maharashtra,Ahmednagar,Rahata,Onion,Garwa,FAQ,2026-08-15,1683,2142,1913,305
Maharashtra,Ahmednagar,Rahata,Onion,White,FAQ,2026-08-14,1707,2172,1940,526
Maharashtra,Ahmednagar,Rahata,Onion,White,FAQ,2026-08-13,1742,2217,1980,267
Maharashtra,Ahmednagar,Rahata,Onion,Garwa,FAQ,2026-08-12,1718,2187,1953,223
Maharashtra,Ahmednagar,Rahata,Onion,Garwa,FAQ,2026-08-11,1686,2147,1917,342
Maharashtra,Ahmednagar,Rahata,Onion,White,FAQ,2026-08-10,1681,2140,1911,796
Maharashtra,Ahmednagar,Rahata,Onion,Garwa,FAQ,2026-08-09,1731,2204,1968,288
Maharashtra,Ahmednagar,Rahata,Onion,Red,FAQ,2026-08-08,1710,2177,1944,341
Maharashtra,Ahmednagar,Rahata,Onion,White,FAQ,2026-08-07,1722,2191,1957,469
Maharashtra,Ahmednagar,Rahata,Onion,Garwa,FAQ,2026-08-06,1688,2149,1919,434
Maharashtra,Ahmednagar,Rahata,Onion,Red,FAQ,2026-08-05,1660,2113,1887,120
Maharashtra,Ahmednagar,Rahata,Onion,Red,FAQ,2026-08-04,1675,2132,1904,674
Maharashtra,Ahmednagar,Rahata,Onion,Red,FAQ,2026-08-03,1700,2163,1932,472
Maharashtra,Ahmednagar,Rahata,Onion,Garwa,FAQ,2026-08-02,1649,2098,1874,526
Maharashtra,Ahmednagar,Rahata,Onion,Garwa,FAQ,2026-08-01,1672,2128,1900,594
Maharashtra,Ahmednagar,Rahata,Onion,Red,FAQ,2026-07-31,1643,2092,1868,147
Maharashtra,Ahmednagar,Rahata,Onion,White,FAQ,2026-07-30,1628,2072,1850,250
Maharashtra,Ahmednagar,Rahata,Onion,Red,FAQ,2026-07-29,1548,1971,1760,471
Maharashtra,Ahmednagar,Rahata,Onion,Red,FAQ,2026-07-28,1597,2032,1815,303
Maharashtra,Ahmednagar,Rahata,Wheat,FAQ,FAQ,2026-08-26,2075,2642,2359,217
Maharashtra,Ahmednagar,Rahata,Wheat,FAQ,FAQ,2026-08-25,2123,2702,2413,614
Maharashtra,Ahmednagar,Rahata,Wheat,FAQ,FAQ,2026-08-24,2089,2658,2374,596
Maharashtra,Ahmednagar,Rahata,Wheat,Lok-1,FAQ,2026-08-23,2113,2690,2402,532
Maharashtra,Ahmednagar,Rahata,Wheat,Sharbati,FAQ,2026-08-22,2170,2763,2467,605
Maharashtra,Ahmednagar,Rahata,Wheat,FAQ,FAQ,2026-08-21,2151,2738,2445,139
Maharashtra,Ahmednagar,Rahata,Wheat,Sharbati,FAQ,2026-08-20,2203,2804,2504,561
Maharashtra,Ahmednagar,Rahata,Wheat,FAQ,FAQ,2026-08-19,2161,2750,2456,677
Maharashtra,Ahmednagar,Rahata,Wheat,Sharbati,FAQ,2026-08-18,2182,2777,2480,395
Maharashtra,Ahmednagar,Rahata,Wheat,Lok-1,FAQ,2026-08-17,2249,2862,2556,792
Maharashtra,Ahmednagar,Rahata,Wheat,FAQ,FAQ,2026-08-16,2257,2872,2565,574
Maharashtra,Ahmednagar,Rahata,Wheat,FAQ,FAQ,2026-08-15,2207,2810,2509,142
Maharashtra,Ahmednagar,Rahata,Wheat,FAQ,FAQ,2026-08-14,2218,2823,2521,197
Maharashtra,Ahmednagar,Rahata,Wheat,Lok-1,FAQ,2026-08-13,2230,2839,2535,727
Maharashtra,Ahmednagar,Rahata,Wheat,Lok-1,FAQ,2026-08-12,2210,2813,2512,291
Maharashtra,Ahmednagar,Rahata,Wheat,Sharbati,FAQ,2026-08-11,2217,2822,2520,118
Maharashtra,Ahmednagar,Rahata,Wheat,Sharbati,FAQ,2026-08-10,2222,2828,2525,171
Maharashtra,Ahmednagar,Rahata,Wheat,Sharbati,FAQ,2026-08-09,2236,2847,2542,107
Maharashtra,Ahmednagar,Rahata,Wheat,FAQ,FAQ,2026-08-08,2237,2848,2543,407
Maharashtra,Ahmednagar,Rahata,Wheat,FAQ,FAQ,2026-08-07,2227,2834,2531,731
Maharashtra,Ahmednagar,Rahata,Wheat,Sharbati,FAQ,2026-08-06,2223,2830,2527,260
Maharashtra,Ahmednagar,Rahata,Wheat,Lok-1,FAQ,2026-08-05,2198,2797,2498,522
Maharashtra,Ahmednagar,Rahata,Wheat,Lok-1,FAQ,2026-08-04,2194,2793,2494,443
Maharashtra,Ahmednagar,Rahata,Wheat,Lok-1,FAQ,2026-08-03,2176,2769,2473,576
Maharashtra,Ahmednagar,Rahata,Wheat,Lok-1,FAQ,2026-08-02,2166,2757,2462,795
Maharashtra,Ahmednagar,Rahata,Wheat,Lok-1,FAQ,2026-08-01,2200,2800,2500,396
Maharashtra,Ahmednagar,Rahata,Wheat,Lok-1,FAQ,2026-07-31,2168,2759,2464,219
Maharashtra,Ahmednagar,Rahata,Wheat,Sharbati,FAQ,2026-07-30,2120,2699,2410,228
Maharashtra,Ahmednagar,Rahata,Wheat,FAQ,FAQ,2026-07-29,2095,2666,2381,253
Maharashtra,Ahmednagar,Rahata,Wheat,Sharbati,FAQ,2026-07-28,2091,2662,2377,256
Maharashtra,Ahmednagar,Rahata,Rice,Swarna,FAQ,2026-08-26,2232,2841,2537,181
Maharashtra,Ahmednagar,Rahata,Rice,Swarna,FAQ,2026-08-25,2255,2870,2563,762
Maharashtra,Ahmednagar,Rahata,Rice,Swarna,FAQ,2026-08-24,2223,2830,2527,391
Maharashtra,Ahmednagar,Rahata,Rice,Swarna,FAQ,2026-08-23,2281,2904,2593,209
Maharashtra,Ahmednagar,Rahata,Rice,Swarna,FAQ,2026-08-22,2284,2907,2596,747
Maharashtra,Ahmednagar,Rahata,Rice,Swarna,FAQ,2026-08-21,2301,2928,2615,337
Maharashtra,Ahmednagar,Rahata,Rice,Paddy(Dpr),FAQ,2026-08-20,2289,2914,2602,124
Maharashtra,Ahmednagar,Rahata,Rice,Paddy(Dpr),FAQ,2026-08-19,2290,2915,2603,565
Maharashtra,Ahmednagar,Rahata,Rice,Swarna,FAQ,2026-08-18,2324,2959,2642,281
Maharashtra,Ahmednagar,Rahata,Rice,Paddy(Dpr),FAQ,2026-08-17,2349,2990,2670,774
Maharashtra,Ahmednagar,Rahata,Rice,Basmati,FAQ,2026-08-16,2376,3024,2700,306
Maharashtra,Ahmednagar,Rahata,Rice,Swarna,FAQ,2026-08-15,2377,3026,2702,492
Maharashtra,Ahmednagar,Rahata,Rice,Swarna,FAQ,2026-08-14,2368,3013,2691,243
Maharashtra,Ahmednagar,Rahata,Rice,Basmati,FAQ,2026-08-13,2356,2999,2678,652
Maharashtra,Ahmednagar,Rahata,Rice,Paddy(Dpr),FAQ,2026-08-12,2407,3064,2736,132
Maharashtra,Ahmednagar,Rahata,Rice,Swarna,FAQ,2026-08-11,2348,2989,2669,465
Maharashtra,Ahmednagar,Rahata,Rice,Swarna,FAQ,2026-08-10,2398,3053,2726,698
Maharashtra,Ahmednagar,Rahata,Rice,Swarna,FAQ,2026-08-09,2352,2993,2673,432
Maharashtra,Ahmednagar,Rahata,Rice,Paddy(Dpr),FAQ,2026-08-08,2370,3017,2694,306
Maharashtra,Ahmednagar,Rahata,Rice,Swarna,FAQ,2026-08-07,2361,3004,2683,472
Maharashtra,Ahmednagar,Rahata,Rice,Basmati,FAQ,2026-08-06,2374,3021,2698,397
Maharashtra,Ahmednagar,Rahata,Rice,Basmati,FAQ,2026-08-05,2325,2960,2643,412
Maharashtra,Ahmednagar,Rahata,Rice,Paddy(Dpr),FAQ,2026-08-04,2311,2942,2627,694
Maharashtra,Ahmednagar,Rahata,Rice,Basmati,FAQ,2026-08-03,2338,2975,2657,218
Maharashtra,Ahmednagar,Rahata,Rice,Swarna,FAQ,2026-08-02,2319,2952,2636,155
Maharashtra,Ahmednagar,Rahata,Rice,Paddy(Dpr),FAQ,2026-08-01,2320,2953,2637,597
Maharashtra,Ahmednagar,Rahata,Rice,Swarna,FAQ,2026-07-31,2258,2873,2566,161
Maharashtra,Ahmednagar,Rahata,Rice,Swarna,FAQ,2026-07-30,2295,2920,2608,724
Maharashtra,Ahmednagar,Rahata,Rice,Basmati,FAQ,2026-07-29,2272,2891,2582,537
Maharashtra,Ahmednagar,Rahata,Rice,Paddy(Dpr),FAQ,2026-07-28,2207,2810,2509,673
Maharashtra,Ahmednagar,Rahata,Potato,Kufri,FAQ,2026-08-26,1261,1606,1434,675
Maharashtra,Ahmednagar,Rahata,Potato,Kufri,FAQ,2026-08-25,1281,1630,1456,165
Maharashtra,Ahmednagar,Rahata,Potato,Jyoti,FAQ,2026-08-24,1305,1662,1484,710
Maharashtra,Ahmednagar,Rahata,Potato,Jyoti,FAQ,2026-08-23,1325,1686,1506,128
Maharashtra,Ahmednagar,Rahata,Potato,Jyoti,FAQ,2026-08-22,1296,1649,1473,412
Maharashtra,Ahmednagar,Rahata,Potato,Kufri,FAQ,2026-08-21,1349,1718,1534,581
Maharashtra,Ahmednagar,Rahata,Potato,Jyoti,FAQ,2026-08-20,1334,1697,1516,115
Maharashtra,Ahmednagar,Rahata,Potato,Kufri,FAQ,2026-08-19,1367,1740,1554,311
Maharashtra,Ahmednagar,Rahata,Potato,Kufri,FAQ,2026-08-18,1347,1714,1531,505
Maharashtra,Ahmednagar,Rahata,Potato,Kufri,FAQ,2026-08-17,1369,1742,1556,520
Maharashtra,Ahmednagar,Rahata,Potato,Jyoti,FAQ,2026-08-16,1403,1786,1595,630
Maharashtra,Ahmednagar,Rahata,Potato,Kufri,FAQ,2026-08-15,1397,1778,1588,243
Maharashtra,Ahmednagar,Rahata,Potato,Jyoti,FAQ,2026-08-14,1402,1785,1594,276
Maharashtra,Ahmednagar,Rahata,Potato,Kufri,FAQ,2026-08-13,1371,1746,1559,487
Maharashtra,Ahmednagar,Rahata,Potato,Jyoti,FAQ,2026-08-12,1417,1804,1611,663
Maharashtra,Ahmednagar,Rahata,Potato,Jyoti,FAQ,2026-08-11,1429,1818,1624,306
Maharashtra,Ahmednagar,Rahata,Potato,Jyoti,FAQ,2026-08-10,1387,1766,1577,630
Maharashtra,Ahmednagar,Rahata,Potato,Jyoti,FAQ,2026-08-09,1371,1746,1559,167
Maharashtra,Ahmednagar,Rahata,Potato,Jyoti,FAQ,2026-08-08,1426,1815,1621,775
Maharashtra,Ahmednagar,Rahata,Potato,Jyoti,FAQ,2026-08-07,1415,1802,1609,735
Maharashtra,Ahmednagar,Rahata,Potato,Kufri,FAQ,2026-08-06,1393,1772,1583,687
Maharashtra,Ahmednagar,Rahata,Potato,Jyoti,FAQ,2026-08-05,1397,1778,1588,768
Maharashtra,Ahmednagar,Rahata,Potato,Jyoti,FAQ,2026-08-04,1344,1711,1528,208
Maharashtra,Ahmednagar,Rahata,Potato,Jyoti,FAQ,2026-08-03,1327,1688,1508,419
Maharashtra,Ahmednagar,Rahata,Potato,Jyoti,FAQ,2026-08-02,1371,1744,1558,479
Maharashtra,Ahmednagar,Rahata,Potato,Jyoti,FAQ,2026-08-01,1359,1730,1545,430
Maharashtra,Ahmednagar,Rahata,Potato,Kufri,FAQ,2026-07-31,1314,1673,1494,700
Maharashtra,Ahmednagar,Rahata,Potato,Kufri,FAQ,2026-07-30,1274,1621,1448,636
Maharashtra,Ahmednagar,Rahata,Potato,Kufri,FAQ,2026-07-29,1282,1631,1457,670
Maharashtra,Ahmednagar,Rahata,Potato,Jyoti,FAQ,2026-07-28,1255,1598,1427,640
Maharashtra,Ahmednagar,Rahata,Soyabean,Yellow,FAQ,2026-08-26,3785,4818,4302,399
Maharashtra,Ahmednagar,Rahata,Soyabean,Yellow,FAQ,2026-08-25,3776,4807,4292,399
Maharashtra,Ahmednagar,Rahata,Soyabean,JS-335,FAQ,2026-08-24,3822,4865,4344,361
Maharashtra,Ahmednagar,Rahata,Soyabean,Yellow,FAQ,2026-08-23,3847,4896,4372,684
Maharashtra,Ahmednagar,Rahata,Soyabean,JS-335,FAQ,2026-08-22,3879,4938,4409,452
Maharashtra,Ahmednagar,Rahata,Soyabean,Yellow,FAQ,2026-08-21,3872,4928,4400,409
Maharashtra,Ahmednagar,Rahata,Soyabean,Yellow,FAQ,2026-08-20,3924,4995,4460,424
Maharashtra,Ahmednagar,Rahata,Soyabean,JS-335,FAQ,2026-08-19,3903,4968,4436,594
Maharashtra,Ahmednagar,Rahata,Soyabean,JS-335,FAQ,2026-08-18,3895,4958,4427,328
Maharashtra,Ahmednagar,Rahata,Soyabean,Yellow,FAQ,2026-08-17,3948,5025,4487,403
Maharashtra,Ahmednagar,Rahata,Soyabean,Yellow,FAQ,2026-08-16,3960,5041,4501,483
Maharashtra,Ahmednagar,Rahata,Soyabean,JS-335,FAQ,2026-08-15,3928,4999,4464,627
Maharashtra,Ahmednagar,Rahata,Soyabean,JS-335,FAQ,2026-08-14,3980,5065,4523,633
Maharashtra,Ahmednagar,Rahata,Soyabean,JS-335,FAQ,2026-08-13,3979,5064,4522,275
Maharashtra,Ahmednagar,Rahata,Soyabean,JS-335,FAQ,2026-08-12,3968,5051,4510,610
Maharashtra,Ahmednagar,Rahata,Soyabean,Yellow,FAQ,2026-08-11,3928,4999,4464,214
Maharashtra,Ahmednagar,Rahata,Soyabean,Yellow,FAQ,2026-08-10,3946,5023,4485,287
Maharashtra,Ahmednagar,Rahata,Soyabean,JS-335,FAQ,2026-08-09,3971,5054,4513,756
Maharashtra,Ahmednagar,Rahata,Soyabean,JS-335,FAQ,2026-08-08,3971,5054,4513,389
Maharashtra,Ahmednagar,Rahata,Soyabean,JS-335,FAQ,2026-08-07,3976,5061,4519,155
Maharashtra,Ahmednagar,Rahata,Soyabean,JS-335,FAQ,2026-08-06,3957,5036,4497,524
Maharashtra,Ahmednagar,Rahata,Soyabean,JS-335,FAQ,2026-08-05,3902,4967,4435,230
Maharashtra,Ahmednagar,Rahata,Soyabean,Yellow,FAQ,2026-08-04,3932,5005,4469,256
Maharashtra,Ahmednagar,Rahata,Soyabean,Yellow,FAQ,2026-08-03,3941,5016,4479,587
Maharashtra,Ahmednagar,Rahata,Soyabean,JS-335,FAQ,2026-08-02,3906,4971,4439,407
Maharashtra,Ahmednagar,Rahata,Soyabean,JS-335,FAQ,2026-08-01,3867,4922,4395,406
Maharashtra,Ahmednagar,Rahata,Soyabean,Yellow,FAQ,2026-07-31,3877,4934,4406,348
Maharashtra,Ahmednagar,Rahata,Soyabean,JS-335,FAQ,2026-07-30,3850,4901,4376,671
Maharashtra,Ahmednagar,Rahata,Soyabean,JS-335,FAQ,2026-07-29,3797,4832,4315,276
Maharashtra,Ahmednagar,Rahata,Soyabean,Yellow,FAQ,2026-07-28,3773,4802,4288,562
Maharashtra,Ahmednagar,Rahata,Maize,Hybrid,FAQ,2026-08-26,1607,2046,1827,754
Maharashtra,Ahmednagar,Rahata,Maize,Yellow,FAQ,2026-08-25,1650,2100,1875,768
Maharashtra,Ahmednagar,Rahata,Maize,Yellow,FAQ,2026-08-24,1678,2135,1907,122
Maharashtra,Ahmednagar,Rahata,Maize,Yellow,FAQ,2026-08-23,1710,2177,1944,617
Maharashtra,Ahmednagar,Rahata,Maize,Yellow,FAQ,2026-08-22,1730,2203,1967,764
Maharashtra,Ahmednagar,Rahata,Maize,Hybrid,FAQ,2026-08-21,1721,2190,1956,261
Maharashtra,Ahmednagar,Rahata,Maize,Hybrid,FAQ,2026-08-20,1733,2206,1970,219
Maharashtra,Ahmednagar,Rahata,Maize,Yellow,FAQ,2026-08-19,1722,2191,1957,291
Maharashtra,Ahmednagar,Rahata,Maize,Hybrid,FAQ,2026-08-18,1731,2204,1968,386
Maharashtra,Ahmednagar,Rahata,Maize,Hybrid,FAQ,2026-08-17,1762,2243,2003,555
Maharashtra,Ahmednagar,Rahata,Maize,Hybrid,FAQ,2026-08-16,1777,2262,2020,377
Maharashtra,Ahmednagar,Rahata,Maize,Yellow,FAQ,2026-08-15,1757,2236,1997,274
Maharashtra,Ahmednagar,Rahata,Maize,Yellow,FAQ,2026-08-14,1824,2321,2073,571
Maharashtra,Ahmednagar,Rahata,Maize,Yellow,FAQ,2026-08-13,1829,2328,2079,711
Maharashtra,Ahmednagar,Rahata,Maize,Hybrid,FAQ,2026-08-12,1813,2308,2061,462
Maharashtra,Ahmednagar,Rahata,Maize,Yellow,FAQ,2026-08-11,1827,2326,2077,766
Maharashtra,Ahmednagar,Rahata,Maize,Yellow,FAQ,2026-08-10,1782,2269,2026,296
Maharashtra,Ahmednagar,Rahata,Maize,Yellow,FAQ,2026-08-09,1795,2284,2040,136
Maharashtra,Ahmednagar,Rahata,Maize,Yellow,FAQ,2026-08-08,1812,2307,2060,198
Maharashtra,Ahmednagar,Rahata,Maize,Yellow,FAQ,2026-08-07,1777,2262,2020,484
Maharashtra,Ahmednagar,Rahata,Maize,Hybrid,FAQ,2026-08-06,1782,2269,2026,736
Maharashtra,Ahmednagar,Rahata,Maize,Yellow,FAQ,2026-08-05,1790,2279,2035,205
Maharashtra,Ahmednagar,Rahata,Maize,Hybrid,FAQ,2026-08-04,1799,2290,2045,782
Maharashtra,Ahmednagar,Rahata,Maize,Yellow,FAQ,2026-08-03,1786,2273,2030,714
Maharashtra,Ahmednagar,Rahata,Maize,Hybrid,FAQ,2026-08-02,1737,2210,1974,758
Maharashtra,Ahmednagar,Rahata,Maize,Hybrid,FAQ,2026-08-01,1698,2161,1930,628
Maharashtra,Ahmednagar,Rahata,Maize,Yellow,FAQ,2026-07-31,1692,2153,1923,608
Maharashtra,Ahmednagar,Rahata,Maize,Hybrid,FAQ,2026-07-30,1687,2148,1918,439
Maharashtra,Ahmednagar,Rahata,Maize,Yellow,FAQ,2026-07-29,1669,2124,1897,362
Maharashtra,Ahmednagar,Rahata,Maize,Hybrid,FAQ,2026-07-28,1620,2063,1842,280
Maharashtra,Ahmednagar,Rahata,Cotton,Medium Staple,FAQ,2026-08-26,5731,7294,6513,738
Maharashtra,Ahmednagar,Rahata,Cotton,Medium Staple,FAQ,2026-08-25,5770,7343,6557,782
Maharashtra,Ahmednagar,Rahata,Cotton,Medium Staple,FAQ,2026-08-24,5768,7341,6555,343
Maharashtra,Ahmednagar,Rahata,Cotton,Medium Staple,FAQ,2026-08-23,5804,7387,6596,525
Maharashtra,Ahmednagar,Rahata,Cotton,Medium Staple,FAQ,2026-08-22,5833,7424,6629,770
Maharashtra,Ahmednagar,Rahata,Cotton,Medium Staple,FAQ,2026-08-21,5844,7437,6641,292
Maharashtra,Ahmednagar,Rahata,Cotton,Medium Staple,FAQ,2026-08-20,5834,7425,6630,162
Maharashtra,Ahmednagar,Rahata,Cotton,Medium Staple,FAQ,2026-08-19,5873,7474,6674,266
Maharashtra,Ahmednagar,Rahata,Cotton,Medium Staple,FAQ,2026-08-18,5859,7458,6659,159
Maharashtra,Ahmednagar,Rahata,Cotton,Medium Staple,FAQ,2026-08-17,5868,7469,6669,521
Maharashtra,Ahmednagar,Rahata,Cotton,Medium Staple,FAQ,2026-08-16,5865,7464,6665,702
Maharashtra,Ahmednagar,Rahata,Cotton,Medium Staple,FAQ,2026-08-15,5879,7482,6681,165
Maharashtra,Ahmednagar,Rahata,Cotton,Medium Staple,FAQ,2026-08-14,5915,7528,6722,242
Maharashtra,Ahmednagar,Rahata,Cotton,Medium Staple,FAQ,2026-08-13,5894,7501,6698,124
Maharashtra,Ahmednagar,Rahata,Cotton,Medium Staple,FAQ,2026-08-12,5918,7532,6725,601
Maharashtra,Ahmednagar,Rahata,Cotton,Medium Staple,FAQ,2026-08-11,5891,7498,6695,183
Maharashtra,Ahmednagar,Rahata,Cotton,Medium Staple,FAQ,2026-08-10,5922,7537,6730,740
Maharashtra,Ahmednagar,Rahata,Cotton,Medium Staple,FAQ,2026-08-09,5919,7534,6727,625
Maharashtra,Ahmednagar,Rahata,Cotton,Medium Staple,FAQ,2026-08-08,5918,7533,6726,611
Maharashtra,Ahmednagar,Rahata,Cotton,Medium Staple,FAQ,2026-08-07,5896,7505,6701,329
Maharashtra,Ahmednagar,Rahata,Cotton,Medium Staple,FAQ,2026-08-06,5907,7518,6713,153
Maharashtra,Ahmednagar,Rahata,Cotton,Medium Staple,FAQ,2026-08-05,5865,7464,6665,498
Maharashtra,Ahmednagar,Rahata,Cotton,Medium Staple,FAQ,2026-08-04,5860,7459,6660,383
Maharashtra,Ahmednagar,Rahata,Cotton,Medium Staple,FAQ,2026-08-03,5849,7444,6647,785
Maharashtra,Ahmednagar,Rahata,Cotton,Medium Staple,FAQ,2026-08-02,5861,7460,6661,718
Maharashtra,Ahmednagar,Rahata,Cotton,Medium Staple,FAQ,2026-08-01,5839,7432,6636,639
Maharashtra,Ahmednagar,Rahata,Cotton,Medium Staple,FAQ,2026-07-31,5777,7352,6565,317
Maharashtra,Ahmednagar,Rahata,Cotton,Medium Staple,FAQ,2026-07-30,5762,7333,6548,453
Maharashtra,Ahmednagar,Rahata,Cotton,Medium Staple,FAQ,2026-07-29,5775,7350,6563,357
Maharashtra,Ahmednagar,Rahata,Cotton,Medium Staple,FAQ,2026-07-28,5710,7267,6489,478
Maharashtra,Ahmednagar,Rahata,Sugarcane,Co-86032,FAQ,2026-08-26,264,336,300,644
Maharashtra,Ahmednagar,Rahata,Sugarcane,Co-86032,FAQ,2026-08-25,264,336,300,696
Maharashtra,Ahmednagar,Rahata,Sugarcane,Co-86032,FAQ,2026-08-24,264,336,300,242
Maharashtra,Ahmednagar,Rahata,Sugarcane,Co-86032,FAQ,2026-08-23,264,336,300,249
Maharashtra,Ahmednagar,Rahata,Sugarcane,Co-86032,FAQ,2026-08-22,278,353,316,135
Maharashtra,Ahmednagar,Rahata,Sugarcane,Co-86032,FAQ,2026-08-21,299,380,340,352
Maharashtra,Ahmednagar,Rahata,Sugarcane,Co-86032,FAQ,2026-08-20,281,358,320,467
Maharashtra,Ahmednagar,Rahata,Sugarcane,Co-86032,FAQ,2026-08-19,315,400,358,136
Maharashtra,Ahmednagar,Rahata,Sugarcane,Co-86032,FAQ,2026-08-18,316,403,360,502
Maharashtra,Ahmednagar,Rahata,Sugarcane,Co-86032,FAQ,2026-08-17,361,460,411,371
Maharashtra,Ahmednagar,Rahata,Sugarcane,Co-86032,FAQ,2026-08-16,381,486,434,477
Maharashtra,Ahmednagar,Rahata,Sugarcane,Co-86032,FAQ,2026-08-15,390,497,444,767
Maharashtra,Ahmednagar,Rahata,Sugarcane,Co-86032,FAQ,2026-08-14,354,451,403,629
Maharashtra,Ahmednagar,Rahata,Sugarcane,Co-86032,FAQ,2026-08-13,368,469,419,753
Maharashtra,Ahmednagar,Rahata,Sugarcane,Co-86032,FAQ,2026-08-12,356,453,405,457
Maharashtra,Ahmednagar,Rahata,Sugarcane,Co-86032,FAQ,2026-08-11,344,439,392,788
Maharashtra,Ahmednagar,Rahata,Sugarcane,Co-86032,FAQ,2026-08-10,398,507,453,402
Maharashtra,Ahmednagar,Rahata,Sugarcane,Co-86032,FAQ,2026-08-09,401,510,456,723
Maharashtra,Ahmednagar,Rahata,Sugarcane,Co-86032,FAQ,2026-08-08,374,477,426,406
Maharashtra,Ahmednagar,Rahata,Sugarcane,Co-86032,FAQ,2026-08-07,346,441,394,493
Maharashtra,Ahmednagar,Rahata,Sugarcane,Co-86032,FAQ,2026-08-06,324,413,369,766
Maharashtra,Ahmednagar,Rahata,Sugarcane,Co-86032,FAQ,2026-08-05,373,474,424,365
Maharashtra,Ahmednagar,Rahata,Sugarcane,Co-86032,FAQ,2026-08-04,319,406,363,625
Maharashtra,Ahmednagar,Rahata,Sugarcane,Co-86032,FAQ,2026-08-03,348,443,396,396
Maharashtra,Ahmednagar,Rahata,Sugarcane,Co-86032,FAQ,2026-08-02,333,424,379,797
Maharashtra,Ahmednagar,Rahata,Sugarcane,Co-86032,FAQ,2026-08-01,321,408,365,756
Maharashtra,Ahmednagar,Rahata,Sugarcane,Co-86032,FAQ,2026-07-31,265,338,302,561
Maharashtra,Ahmednagar,Rahata,Sugarcane,Co-86032,FAQ,2026-07-30,264,336,300,313
Maharashtra,Ahmednagar,Rahata,Sugarcane,Co-86032,FAQ,2026-07-29,264,336,300,470
Maharashtra,Ahmednagar,Rahata,Sugarcane,Co-86032,FAQ,2026-07-28,264,336,300,118
Maharashtra,Ahmednagar,Rahata,Mustard,Yellow,FAQ,2026-08-26,4694,5975,5335,754
Maharashtra,Ahmednagar,Rahata,Mustard,Yellow,FAQ,2026-08-25,4755,6052,5404,756
Maharashtra,Ahmednagar,Rahata,Mustard,Yellow,FAQ,2026-08-24,4752,6048,5400,578
Maharashtra,Ahmednagar,Rahata,Mustard,Yellow,FAQ,2026-08-23,4775,6078,5427,474
Maharashtra,Ahmednagar,Rahata,Mustard,Yellow,FAQ,2026-08-22,4791,6098,5445,533
Maharashtra,Ahmednagar,Rahata,Mustard,Black,FAQ,2026-08-21,4829,6146,5488,131
Maharashtra,Ahmednagar,Rahata,Mustard,Yellow,FAQ,2026-08-20,4838,6157,5498,728
Maharashtra,Ahmednagar,Rahata,Mustard,Yellow,FAQ,2026-08-19,4802,6111,5457,131
Maharashtra,Ahmednagar,Rahata,Mustard,Yellow,FAQ,2026-08-18,4847,6170,5509,612
Maharashtra,Ahmednagar,Rahata,Mustard,Black,FAQ,2026-08-17,4872,6201,5537,660
Maharashtra,Ahmednagar,Rahata,Mustard,Yellow,FAQ,2026-08-16,4865,6192,5529,342
Maharashtra,Ahmednagar,Rahata,Mustard,Black,FAQ,2026-08-15,4862,6188,5525,451
Maharashtra,Ahmednagar,Rahata,Mustard,Black,FAQ,2026-08-14,4858,6183,5521,743
Maharashtra,Ahmednagar,Rahata,Mustard,Black,FAQ,2026-08-13,4883,6214,5549,369
Maharashtra,Ahmednagar,Rahata,Mustard,Yellow,FAQ,2026-08-12,4857,6182,5520,328
Maharashtra,Ahmednagar,Rahata,Mustard,Black,FAQ,2026-08-11,4855,6180,5518,406
Maharashtra,Ahmednagar,Rahata,Mustard,Yellow,FAQ,2026-08-10,4861,6186,5524,388
Maharashtra,Ahmednagar,Rahata,Mustard,Black,FAQ,2026-08-09,4880,6211,5546,292
Maharashtra,Ahmednagar,Rahata,Mustard,Black,FAQ,2026-08-08,4876,6207,5542,515
Maharashtra,Ahmednagar,Rahata,Mustard,Yellow,FAQ,2026-08-07,4864,6191,5528,154
Maharashtra,Ahmednagar,Rahata,Mustard,Black,FAQ,2026-08-06,4838,6157,5498,594
Maharashtra,Ahmednagar,Rahata,Mustard,Black,FAQ,2026-08-05,4844,6165,5505,592
Maharashtra,Ahmednagar,Rahata,Mustard,Black,FAQ,2026-08-04,4818,6132,5475,208
Maharashtra,Ahmednagar,Rahata,Mustard,Black,FAQ,2026-08-03,4857,6182,5520,299
Maharashtra,Ahmednagar,Rahata,Mustard,Black,FAQ,2026-08-02,4813,6126,5470,637
Maharashtra,Ahmednagar,Rahata,Mustard,Black,FAQ,2026-08-01,4840,6160,5500,684
Maharashtra,Ahmednagar,Rahata,Mustard,Yellow,FAQ,2026-07-31,4756,6053,5405,454
Maharashtra,Ahmednagar,Rahata,Mustard,Black,FAQ,2026-07-30,4801,6110,5456,390
Maharashtra,Ahmednagar,Rahata,Mustard,Yellow,FAQ,2026-07-29,4787,6092,5440,740
Maharashtra,Ahmednagar,Rahata,Mustard,Black,FAQ,2026-07-28,4736,6027,5382,184
Maharashtra,Ahmednagar,Rahata,Grapes,Thompson Seedless,FAQ,2026-08-26,4287,5456,4872,116
Maharashtra,Ahmednagar,Rahata,Grapes,Thompson Seedless,FAQ,2026-08-25,4368,5559,4964,211
Maharashtra,Ahmednagar,Rahata,Grapes,Thompson Seedless,FAQ,2026-08-24,4333,5514,4924,615
Maharashtra,Ahmednagar,Rahata,Grapes,Thompson Seedless,FAQ,2026-08-23,4405,5606,5006,513
Maharashtra,Ahmednagar,Rahata,Grapes,Thompson Seedless,FAQ,2026-08-22,4407,5608,5008,525
Maharashtra,Ahmednagar,Rahata,Grapes,Thompson Seedless,FAQ,2026-08-21,4413,5616,5015,351
Maharashtra,Ahmednagar,Rahata,Grapes,Thompson Seedless,FAQ,2026-08-20,4455,5670,5063,623
Maharashtra,Ahmednagar,Rahata,Grapes,Thompson Seedless,FAQ,2026-08-19,4443,5654,5049,618
Maharashtra,Ahmednagar,Rahata,Grapes,Thompson Seedless,FAQ,2026-08-18,4424,5631,5028,170
Maharashtra,Ahmednagar,Rahata,Grapes,Thompson Seedless,FAQ,2026-08-17,4451,5664,5058,724
Maharashtra,Ahmednagar,Rahata,Grapes,Thompson Seedless,FAQ,2026-08-16,4487,5710,5099,387
Maharashtra,Ahmednagar,Rahata,Grapes,Thompson Seedless,FAQ,2026-08-15,4492,5717,5105,546
Maharashtra,Ahmednagar,Rahata,Grapes,Thompson Seedless,FAQ,2026-08-14,4480,5701,5091,223
Maharashtra,Ahmednagar,Rahata,Grapes,Thompson Seedless,FAQ,2026-08-13,4517,5750,5134,319
Maharashtra,Ahmednagar,Rahata,Grapes,Thompson Seedless,FAQ,2026-08-12,4511,5742,5127,178
Maharashtra,Ahmednagar,Rahata,Grapes,Thompson Seedless,FAQ,2026-08-11,4483,5706,5095,471
Maharashtra,Ahmednagar,Rahata,Grapes,Thompson Seedless,FAQ,2026-08-10,4454,5669,5062,385
Maharashtra,Ahmednagar,Rahata,Grapes,Thompson Seedless,FAQ,2026-08-09,4513,5744,5129,633
Maharashtra,Ahmednagar,Rahata,Grapes,Thompson Seedless,FAQ,2026-08-08,4512,5743,5128,764
Maharashtra,Ahmednagar,Rahata,Grapes,Thompson Seedless,FAQ,2026-08-07,4445,5658,5052,160
Maharashtra,Ahmednagar,Rahata,Grapes,Thompson Seedless,FAQ,2026-08-06,4439,5650,5045,726
Maharashtra,Ahmednagar,Rahata,Grapes,Thompson Seedless,FAQ,2026-08-05,4459,5676,5068,618
Maharashtra,Ahmednagar,Rahata,Grapes,Thompson Seedless,FAQ,2026-08-04,4460,5677,5069,342
Maharashtra,Ahmednagar,Rahata,Grapes,Thompson Seedless,FAQ,2026-08-03,4422,5629,5026,220
Maharashtra,Ahmednagar,Rahata,Grapes,Thompson Seedless,FAQ,2026-08-02,4390,5587,4989,437
Maharashtra,Ahmednagar,Rahata,Grapes,Thompson Seedless,FAQ,2026-08-01,4383,5578,4981,227
Maharashtra,Ahmednagar,Rahata,Grapes,Thompson Seedless,FAQ,2026-07-31,4424,5631,5028,386
Maharashtra,Ahmednagar,Rahata,Grapes,Thompson Seedless,FAQ,2026-07-30,4355,5542,4949,674
Maharashtra,Ahmednagar,Rahata,Grapes,Thompson Seedless,FAQ,2026-07-29,4341,5524,4933,348
Maharashtra,Ahmednagar,Rahata,Grapes,Thompson Seedless,FAQ,2026-07-28,4350,5537,4944,156
Maharashtra,Ahmednagar,Rahata,Pomegranate,Bhagwa,FAQ,2026-08-26,5598,7125,6362,595
Maharashtra,Ahmednagar,Rahata,Pomegranate,Bhagwa,FAQ,2026-08-25,5673,7220,6447,391
Maharashtra,Ahmednagar,Rahata,Pomegranate,Bhagwa,FAQ,2026-08-24,5692,7245,6469,446
Maharashtra,Ahmednagar,Rahata,Pomegranate,Bhagwa,FAQ,2026-08-23,5666,7211,6439,702
Maharashtra,Ahmednagar,Rahata,Pomegranate,Bhagwa,FAQ,2026-08-22,5692,7245,6469,404
Maharashtra,Ahmednagar,Rahata,Pomegranate,Bhagwa,FAQ,2026-08-21,5730,7293,6512,157
Maharashtra,Ahmednagar,Rahata,Pomegranate,Bhagwa,FAQ,2026-08-20,5734,7299,6517,595
Maharashtra,Ahmednagar,Rahata,Pomegranate,Bhagwa,FAQ,2026-08-19,5764,7337,6551,439
Maharashtra,Ahmednagar,Rahata,Pomegranate,Bhagwa,FAQ,2026-08-18,5742,7309,6526,464
Maharashtra,Ahmednagar,Rahata,Pomegranate,Bhagwa,FAQ,2026-08-17,5781,7358,6570,318
Maharashtra,Ahmednagar,Rahata,Pomegranate,Bhagwa,FAQ,2026-08-16,5813,7398,6606,128
Maharashtra,Ahmednagar,Rahata,Pomegranate,Bhagwa,FAQ,2026-08-15,5771,7346,6559,194
Maharashtra,Ahmednagar,Rahata,Pomegranate,Bhagwa,FAQ,2026-08-14,5789,7368,6579,439
Maharashtra,Ahmednagar,Rahata,Pomegranate,Bhagwa,FAQ,2026-08-13,5832,7423,6628,573
Maharashtra,Ahmednagar,Rahata,Pomegranate,Bhagwa,FAQ,2026-08-12,5829,7418,6624,650
Maharashtra,Ahmednagar,Rahata,Pomegranate,Bhagwa,FAQ,2026-08-11,5829,7418,6624,651
Maharashtra,Ahmednagar,Rahata,Pomegranate,Bhagwa,FAQ,2026-08-10,5801,7384,6593,100
Maharashtra,Ahmednagar,Rahata,Pomegranate,Bhagwa,FAQ,2026-08-09,5807,7390,6599,131
Maharashtra,Ahmednagar,Rahata,Pomegranate,Bhagwa,FAQ,2026-08-08,5813,7398,6606,142
Maharashtra,Ahmednagar,Rahata,Pomegranate,Bhagwa,FAQ,2026-08-07,5810,7395,6603,523
Maharashtra,Ahmednagar,Rahata,Pomegranate,Bhagwa,FAQ,2026-08-06,5783,7360,6572,284
Maharashtra,Ahmednagar,Rahata,Pomegranate,Bhagwa,FAQ,2026-08-05,5809,7394,6602,625
Maharashtra,Ahmednagar,Rahata,Pomegranate,Bhagwa,FAQ,2026-08-04,5793,7374,6584,611
Maharashtra,Ahmednagar,Rahata,Pomegranate,Bhagwa,FAQ,2026-08-03,5767,7340,6554,736
Maharashtra,Ahmednagar,Rahata,Pomegranate,Bhagwa,FAQ,2026-08-02,5776,7351,6564,674
Maharashtra,Ahmednagar,Rahata,Pomegranate,Bhagwa,FAQ,2026-08-01,5762,7333,6548,453
Maharashtra,Ahmednagar,Rahata,Pomegranate,Bhagwa,FAQ,2026-07-31,5698,7253,6476,219
Maharashtra,Ahmednagar,Rahata,Pomegranate,Bhagwa,FAQ,2026-07-30,5701,7256,6479,214
Maharashtra,Ahmednagar,Rahata,Pomegranate,Bhagwa,FAQ,2026-07-29,5641,7180,6411,260
Maharashtra,Ahmednagar,Rahata,Pomegranate,Bhagwa,FAQ,2026-07-28,5624,7157,6391,646
Maharashtra,Ahmednagar,Kopargaon,Tomato,Local,FAQ,2026-08-26,1841,2344,2093,516
Maharashtra,Ahmednagar,Kopargaon,Tomato,Hybrid,FAQ,2026-08-25,1838,2339,2089,627
Maharashtra,Ahmednagar,Kopargaon,Tomato,Local,FAQ,2026-08-24,1864,2373,2119,473
Maharashtra,Ahmednagar,Kopargaon,Tomato,Local,FAQ,2026-08-23,1880,2393,2137,340
Maharashtra,Ahmednagar,Kopargaon,Tomato,Local,FAQ,2026-08-22,1952,2485,2219,535
Maharashtra,Ahmednagar,Kopargaon,Tomato,Hybrid,FAQ,2026-08-21,1936,2464,2200,292
Maharashtra,Ahmednagar,Kopargaon,Tomato,Vaishali,FAQ,2026-08-20,1985,2526,2256,627
Maharashtra,Ahmednagar,Kopargaon,Tomato,Vaishali,FAQ,2026-08-19,1973,2512,2243,339
Maharashtra,Ahmednagar,Kopargaon,Tomato,Vaishali,FAQ,2026-08-18,1993,2536,2265,551
Maharashtra,Ahmednagar,Kopargaon,Tomato,Local,FAQ,2026-08-17,1980,2521,2251,170
Maharashtra,Ahmednagar,Kopargaon,Tomato,Hybrid,FAQ,2026-08-16,1996,2541,2269,760
Maharashtra,Ahmednagar,Kopargaon,Tomato,Local,FAQ,2026-08-15,2036,2591,2314,583
Maharashtra,Ahmednagar,Kopargaon,Tomato,Hybrid,FAQ,2026-08-14,2038,2593,2316,616
Maharashtra,Ahmednagar,Kopargaon,Tomato,Vaishali,FAQ,2026-08-13,2012,2561,2287,359
Maharashtra,Ahmednagar,Kopargaon,Tomato,Hybrid,FAQ,2026-08-12,2038,2593,2316,144
Maharashtra,Ahmednagar,Kopargaon,Tomato,Vaishali,FAQ,2026-08-11,1990,2533,2262,149
Maharashtra,Ahmednagar,Kopargaon,Tomato,Local,FAQ,2026-08-10,2004,2551,2278,356
Maharashtra,Ahmednagar,Kopargaon,Tomato,Vaishali,FAQ,2026-08-09,2011,2560,2286,290
Maharashtra,Ahmednagar,Kopargaon,Tomato,Hybrid,FAQ,2026-08-08,2009,2558,2284,385
Maharashtra,Ahmednagar,Kopargaon,Tomato,Vaishali,FAQ,2026-08-07,2045,2602,2324,330
Maharashtra,Ahmednagar,Kopargaon,Tomato,Local,FAQ,2026-08-06,1972,2509,2241,243
Maharashtra,Ahmednagar,Kopargaon,Tomato,Hybrid,FAQ,2026-08-05,1980,2520,2250,541
Maharashtra,Ahmednagar,Kopargaon,Tomato,Vaishali,FAQ,2026-08-04,2006,2553,2280,629
Maharashtra,Ahmednagar,Kopargaon,Tomato,Vaishali,FAQ,2026-08-03,1954,2487,2221,730
Maharashtra,Ahmednagar,Kopargaon,Tomato,Hybrid,FAQ,2026-08-02,1953,2486,2220,186
Maharashtra,Ahmednagar,Kopargaon,Tomato,Hybrid,FAQ,2026-08-01,1949,2480,2215,463
Maharashtra,Ahmednagar,Kopargaon,Tomato,Vaishali,FAQ,2026-07-31,1948,2479,2214,665
Maharashtra,Ahmednagar,Kopargaon,Tomato,Local,FAQ,2026-07-30,1910,2431,2171,295
Maharashtra,Ahmednagar,Kopargaon,Tomato,Hybrid,FAQ,2026-07-29,1910,2431,2171,711
Maharashtra,Ahmednagar,Kopargaon,Tomato,Hybrid,FAQ,2026-07-28,1904,2423,2164,677
Maharashtra,Ahmednagar,Kopargaon,Onion,White,FAQ,2026-08-26,1528,1945,1737,527
Maharashtra,Ahmednagar,Kopargaon,Onion,Red,FAQ,2026-08-25,1527,1944,1736,743
Maharashtra,Ahmednagar,Kopargaon,Onion,Red,FAQ,2026-08-24,1550,1973,1762,114
Maharashtra,Ahmednagar,Kopargaon,Onion,Red,FAQ,2026-08-23,1633,2078,1856,400
Maharashtra,Ahmednagar,Kopargaon,Onion,White,FAQ,2026-08-22,1635,2080,1858,464
Maharashtra,Ahmednagar,Kopargaon,Onion,White,FAQ,2026-08-21,1649,2098,1874,662
Maharashtra,Ahmednagar,Kopargaon,Onion,White,FAQ,2026-08-20,1633,2078,1856,559
Maharashtra,Ahmednagar,Kopargaon,Onion,Red,FAQ,2026-08-19,1689,2150,1920,764
Maharashtra,Ahmednagar,Kopargaon,Onion,White,FAQ,2026-08-18,1668,2123,1896,638
Maharashtra,Ahmednagar,Kopargaon,Onion,Garwa,FAQ,2026-08-17,1720,2189,1955,624
Maharashtra,Ahmednagar,Kopargaon,Onion,Garwa,FAQ,2026-08-16,1681,2140,1911,438
Maharashtra,Ahmednagar,Kopargaon,Onion,Garwa,FAQ,2026-08-15,1667,2122,1895,741
Maharashtra,Ahmednagar,Kopargaon,Onion,Red,FAQ,2026-08-14,1729,2200,1965,365
Maharashtra,Ahmednagar,Kopargaon,Onion,Garwa,FAQ,2026-08-13,1708,2173,1941,662
Maharashtra,Ahmednagar,Kopargaon,Onion,Garwa,FAQ,2026-08-12,1721,2190,1956,348
Maharashtra,Ahmednagar,Kopargaon,Onion,White,FAQ,2026-08-11,1742,2217,1980,310
Maharashtra,Ahmednagar,Kopargaon,Onion,White,FAQ,2026-08-10,1726,2197,1962,471
Maharashtra,Ahmednagar,Kopargaon,Onion,Red,FAQ,2026-08-09,1716,2184,1950,100
Maharashtra,Ahmednagar,Kopargaon,Onion,Garwa,FAQ,2026-08-08,1723,2192,1958,564
Maharashtra,Ahmednagar,Kopargaon,Onion,Red,FAQ,2026-08-07,1669,2124,1897,610
Maharashtra,Ahmednagar,Kopargaon,Onion,Red,FAQ,2026-08-06,1679,2136,1908,155
Maharashtra,Ahmednagar,Kopargaon,Onion,Garwa,FAQ,2026-08-05,1719,2188,1954,295
Maharashtra,Ahmednagar,Kopargaon,Onion,White,FAQ,2026-08-04,1695,2158,1927,161
Maharashtra,Ahmednagar,Kopargaon,Onion,Garwa,FAQ,2026-08-03,1671,2126,1899,588
Maharashtra,Ahmednagar,Kopargaon,Onion,Garwa,FAQ,2026-08-02,1687,2148,1918,584
Maharashtra,Ahmednagar,Kopargaon,Onion,Red,FAQ,2026-08-01,1661,2114,1888,741
Maharashtra,Ahmednagar,Kopargaon,Onion,Garwa,FAQ,2026-07-31,1589,2022,1806,213
Maharashtra,Ahmednagar,Kopargaon,Onion,White,FAQ,2026-07-30,1615,2056,1836,110
Maharashtra,Ahmednagar,Kopargaon,Onion,White,FAQ,2026-07-29,1572,2001,1787,631
Maharashtra,Ahmednagar,Kopargaon,Onion,Garwa,FAQ,2026-07-28,1556,1981,1769,253
Maharashtra,Ahmednagar,Kopargaon,Wheat,Sharbati,FAQ,2026-08-26,2098,2671,2385,309
Maharashtra,Ahmednagar,Kopargaon,Wheat,FAQ,FAQ,2026-08-25,2064,2627,2346,733
Maharashtra,Ahmednagar,Kopargaon,Wheat,Lok-1,FAQ,2026-08-24,2135,2718,2427,149
Maharashtra,Ahmednagar,Kopargaon,Wheat,FAQ,FAQ,2026-08-23,2097,2670,2384,747
Maharashtra,Ahmednagar,Kopargaon,Wheat,Sharbati,FAQ,2026-08-22,2137,2720,2429,774
Maharashtra,Ahmednagar,Kopargaon,Wheat,FAQ,FAQ,2026-08-21,2145,2730,2438,336
Maharashtra,Ahmednagar,Kopargaon,Wheat,Sharbati,FAQ,2026-08-20,2183,2778,2481,625
Maharashtra,Ahmednagar,Kopargaon,Wheat,Lok-1,FAQ,2026-08-19,2190,2787,2489,471
Maharashtra,Ahmednagar,Kopargaon,Wheat,FAQ,FAQ,2026-08-18,2185,2780,2483,691
Maharashtra,Ahmednagar,Kopargaon,Wheat,Sharbati,FAQ,2026-08-17,2203,2804,2504,509
Maharashtra,Ahmednagar,Kopargaon,Wheat,FAQ,FAQ,2026-08-16,2207,2810,2509,695
Maharashtra,Ahmednagar,Kopargaon,Wheat,Sharbati,FAQ,2026-08-15,2207,2808,2508,216
Maharashtra,Ahmednagar,Kopargaon,Wheat,FAQ,FAQ,2026-08-14,2211,2814,2513,178
Maharashtra,Ahmednagar,Kopargaon,Wheat,FAQ,FAQ,2026-08-13,2234,2843,2539,710
Maharashtra,Ahmednagar,Kopargaon,Wheat,FAQ,FAQ,2026-08-12,2273,2894,2584,562
Maharashtra,Ahmednagar,Kopargaon,Wheat,FAQ,FAQ,2026-08-11,2224,2831,2528,777
Maharashtra,Ahmednagar,Kopargaon,Wheat,FAQ,FAQ,2026-08-10,2251,2864,2558,787
Maharashtra,Ahmednagar,Kopargaon,Wheat,Lok-1,FAQ,2026-08-09,2262,2879,2571,220
Maharashtra,Ahmednagar,Kopargaon,Wheat,Sharbati,FAQ,2026-08-08,2270,2889,2580,658
Maharashtra,Ahmednagar,Kopargaon,Wheat,Lok-1,FAQ,2026-08-07,2200,2801,2501,574
Maharashtra,Ahmednagar,Kopargaon,Wheat,FAQ,FAQ,2026-08-06,2196,2795,2496,149
Maharashtra,Ahmednagar,Kopargaon,Wheat,Lok-1,FAQ,2026-08-05,2251,2864,2558,749
Maharashtra,Ahmednagar,Kopargaon,Wheat,Lok-1,FAQ,2026-08-04,2226,2833,2530,169
Maharashtra,Ahmednagar,Kopargaon,Wheat,Lok-1,FAQ,2026-08-03,2210,2813,2512,304
Maharashtra,Ahmednagar,Kopargaon,Wheat,Sharbati,FAQ,2026-08-02,2205,2806,2506,384
Maharashtra,Ahmednagar,Kopargaon,Wheat,FAQ,FAQ,2026-08-01,2152,2739,2446,490
Maharashtra,Ahmednagar,Kopargaon,Wheat,Lok-1,FAQ,2026-07-31,2136,2719,2428,648
Maharashtra,Ahmednagar,Kopargaon,Wheat,FAQ,FAQ,2026-07-30,2104,2679,2392,397
Maharashtra,Ahmednagar,Kopargaon,Wheat,Sharbati,FAQ,2026-07-29,2099,2672,2386,745
Maharashtra,Ahmednagar,Kopargaon,Wheat,Lok-1,FAQ,2026-07-28,2110,2685,2398,364
Maharashtra,Ahmednagar,Kopargaon,Rice,Basmati,FAQ,2026-08-26,2227,2834,2531,219
Maharashtra,Ahmednagar,Kopargaon,Rice,Swarna,FAQ,2026-08-25,2223,2830,2527,163
Maharashtra,Ahmednagar,Kopargaon,Rice,Swarna,FAQ,2026-08-24,2254,2869,2562,602
Maharashtra,Ahmednagar,Kopargaon,Rice,Paddy(Dpr),FAQ,2026-08-23,2271,2890,2581,104
Maharashtra,Ahmednagar,Kopargaon,Rice,Swarna,FAQ,2026-08-22,2293,2918,2606,735
Maharashtra,Ahmednagar,Kopargaon,Rice,Basmati,FAQ,2026-08-21,2317,2950,2634,698
Maharashtra,Ahmednagar,Kopargaon,Rice,Paddy(Dpr),FAQ,2026-08-20,2295,2922,2609,187
Maharashtra,Ahmednagar,Kopargaon,Rice,Paddy(Dpr),FAQ,2026-08-19,2309,2938,2624,555
Maharashtra,Ahmednagar,Kopargaon,Rice,Swarna,FAQ,2026-08-18,2338,2975,2657,787
Maharashtra,Ahmednagar,Kopargaon,Rice,Basmati,FAQ,2026-08-17,2380,3029,2705,301
Maharashtra,Ahmednagar,Kopargaon,Rice,Paddy(Dpr),FAQ,2026-08-16,2385,3036,2711,772
Maharashtra,Ahmednagar,Kopargaon,Rice,Swarna,FAQ,2026-08-15,2360,3003,2682,608
Maharashtra,Ahmednagar,Kopargaon,Rice,Basmati,FAQ,2026-08-14,2339,2976,2658,797
Maharashtra,Ahmednagar,Kopargaon,Rice,Swarna,FAQ,2026-08-13,2345,2984,2665,709
Maharashtra,Ahmednagar,Kopargaon,Rice,Basmati,FAQ,2026-08-12,2341,2980,2661,690
Maharashtra,Ahmednagar,Kopargaon,Rice,Swarna,FAQ,2026-08-11,2402,3057,2730,335
Maharashtra,Ahmednagar,Kopargaon,Rice,Paddy(Dpr),FAQ,2026-08-10,2396,3049,2723,750
Maharashtra,Ahmednagar,Kopargaon,Rice,Swarna,FAQ,2026-08-09,2356,2999,2678,700
Maharashtra,Ahmednagar,Kopargaon,Rice,Basmati,FAQ,2026-08-08,2400,3055,2728,689
Maharashtra,Ahmednagar,Kopargaon,Rice,Basmati,FAQ,2026-08-07,2341,2980,2661,132
Maharashtra,Ahmednagar,Kopargaon,Rice,Swarna,FAQ,2026-08-06,2339,2976,2658,497
Maharashtra,Ahmednagar,Kopargaon,Rice,Basmati,FAQ,2026-08-05,2328,2963,2646,126
Maharashtra,Ahmednagar,Kopargaon,Rice,Basmati,FAQ,2026-08-04,2361,3006,2684,417
Maharashtra,Ahmednagar,Kopargaon,Rice,Swarna,FAQ,2026-08-03,2309,2938,2624,306
Maharashtra,Ahmednagar,Kopargaon,Rice,Swarna,FAQ,2026-08-02,2295,2920,2608,348
Maharashtra,Ahmednagar,Kopargaon,Rice,Basmati,FAQ,2026-08-01,2293,2918,2606,198
Maharashtra,Ahmednagar,Kopargaon,Rice,Paddy(Dpr),FAQ,2026-07-31,2303,2932,2618,124
Maharashtra,Ahmednagar,Kopargaon,Rice,Basmati,FAQ,2026-07-30,2268,2887,2578,310
Maharashtra,Ahmednagar,Kopargaon,Rice,Paddy(Dpr),FAQ,2026-07-29,2278,2899,2589,672
Maharashtra,Ahmednagar,Kopargaon,Rice,Paddy(Dpr),FAQ,2026-07-28,2192,2791,2492,348
Maharashtra,Ahmednagar,Kopargaon,Potato,Jyoti,FAQ,2026-08-26,1233,1570,1402,541
Maharashtra,Ahmednagar,Kopargaon,Potato,Kufri,FAQ,2026-08-25,1272,1619,1446,623
Maharashtra,Ahmednagar,Kopargaon,Potato,Jyoti,FAQ,2026-08-24,1286,1637,1462,321
Maharashtra,Ahmednagar,Kopargaon,Potato,Jyoti,FAQ,2026-08-23,1270,1617,1444,672
Maharashtra,Ahmednagar,Kopargaon,Potato,Kufri,FAQ,2026-08-22,1288,1639,1464,285
Maharashtra,Ahmednagar,Kopargaon,Potato,Kufri,FAQ,2026-08-21,1305,1660,1483,382
Maharashtra,Ahmednagar,Kopargaon,Potato,Jyoti,FAQ,2026-08-20,1343,1710,1527,499
Maharashtra,Ahmednagar,Kopargaon,Potato,Jyoti,FAQ,2026-08-19,1371,1746,1559,416
Maharashtra,Ahmednagar,Kopargaon,Potato,Kufri,FAQ,2026-08-18,1340,1705,1523,594
Maharashtra,Ahmednagar,Kopargaon,Potato,Kufri,FAQ,2026-08-17,1400,1781,1591,451
Maharashtra,Ahmednagar,Kopargaon,Potato,Jyoti,FAQ,2026-08-16,1370,1743,1557,378
Maharashtra,Ahmednagar,Kopargaon,Potato,Kufri,FAQ,2026-08-15,1398,1779,1589,357
Maharashtra,Ahmednagar,Kopargaon,Potato,Kufri,FAQ,2026-08-14,1369,1742,1556,388
Maharashtra,Ahmednagar,Kopargaon,Potato,Jyoti,FAQ,2026-08-13,1390,1769,1580,491
Maharashtra,Ahmednagar,Kopargaon,Potato,Kufri,FAQ,2026-08-12,1393,1774,1584,436
Maharashtra,Ahmednagar,Kopargaon,Potato,Jyoti,FAQ,2026-08-11,1373,1748,1561,334
Maharashtra,Ahmednagar,Kopargaon,Potato,Kufri,FAQ,2026-08-10,1433,1824,1629,650
Maharashtra,Ahmednagar,Kopargaon,Potato,Kufri,FAQ,2026-08-09,1414,1799,1607,466
Maharashtra,Ahmednagar,Kopargaon,Potato,Jyoti,FAQ,2026-08-08,1413,1798,1606,483
Maharashtra,Ahmednagar,Kopargaon,Potato,Jyoti,FAQ,2026-08-07,1429,1818,1624,156
Maharashtra,Ahmednagar,Kopargaon,Potato,Jyoti,FAQ,2026-08-06,1353,1722,1538,644
Maharashtra,Ahmednagar,Kopargaon,Potato,Kufri,FAQ,2026-08-05,1358,1729,1544,177
Maharashtra,Ahmednagar,Kopargaon,Potato,Kufri,FAQ,2026-08-04,1345,1712,1529,238
Maharashtra,Ahmednagar,Kopargaon,Potato,Jyoti,FAQ,2026-08-03,1326,1687,1507,302
Maharashtra,Ahmednagar,Kopargaon,Potato,Jyoti,FAQ,2026-08-02,1312,1671,1492,495
Maharashtra,Ahmednagar,Kopargaon,Potato,Jyoti,FAQ,2026-08-01,1317,1676,1497,227
Maharashtra,Ahmednagar,Kopargaon,Potato,Kufri,FAQ,2026-07-31,1311,1668,1490,129
Maharashtra,Ahmednagar,Kopargaon,Potato,Kufri,FAQ,2026-07-30,1284,1635,1460,144
Maharashtra,Ahmednagar,Kopargaon,Potato,Jyoti,FAQ,2026-07-29,1247,1588,1418,690
Maharashtra,Ahmednagar,Kopargaon,Potato,Kufri,FAQ,2026-07-28,1241,1580,1411,249
Maharashtra,Ahmednagar,Kopargaon,Soyabean,Yellow,FAQ,2026-08-26,3760,4785,4273,206
Maharashtra,Ahmednagar,Kopargaon,Soyabean,Yellow,FAQ,2026-08-25,3809,4848,4329,329
Maharashtra,Ahmednagar,Kopargaon,Soyabean,Yellow,FAQ,2026-08-24,3863,4916,4390,389
Maharashtra,Ahmednagar,Kopargaon,Soyabean,JS-335,FAQ,2026-08-23,3841,4888,4365,459
Maharashtra,Ahmednagar,Kopargaon,Soyabean,JS-335,FAQ,2026-08-22,3839,4886,4363,671
Maharashtra,Ahmednagar,Kopargaon,Soyabean,Yellow,FAQ,2026-08-21,3857,4908,4383,357
Maharashtra,Ahmednagar,Kopargaon,Soyabean,JS-335,FAQ,2026-08-20,3879,4938,4409,304
Maharashtra,Ahmednagar,Kopargaon,Soyabean,Yellow,FAQ,2026-08-19,3894,4956,4425,749
Maharashtra,Ahmednagar,Kopargaon,Soyabean,Yellow,FAQ,2026-08-18,3906,4971,4439,410
Maharashtra,Ahmednagar,Kopargaon,Soyabean,Yellow,FAQ,2026-08-17,3916,4985,4451,653
Maharashtra,Ahmednagar,Kopargaon,Soyabean,Yellow,FAQ,2026-08-16,3908,4975,4442,263
Maharashtra,Ahmednagar,Kopargaon,Soyabean,JS-335,FAQ,2026-08-15,3957,5036,4497,594
Maharashtra,Ahmednagar,Kopargaon,Soyabean,JS-335,FAQ,2026-08-14,3954,5033,4494,564
Maharashtra,Ahmednagar,Kopargaon,Soyabean,Yellow,FAQ,2026-08-13,3954,5033,4494,467
Maharashtra,Ahmednagar,Kopargaon,Soyabean,Yellow,FAQ,2026-08-12,3987,5074,4531,609
Maharashtra,Ahmednagar,Kopargaon,Soyabean,JS-335,FAQ,2026-08-11,3925,4996,4461,609
Maharashtra,Ahmednagar,Kopargaon,Soyabean,Yellow,FAQ,2026-08-10,3941,5016,4479,693
Maharashtra,Ahmednagar,Kopargaon,Soyabean,Yellow,FAQ,2026-08-09,3980,5065,4523,240
Maharashtra,Ahmednagar,Kopargaon,Soyabean,Yellow,FAQ,2026-08-08,3972,5055,4514,670
Maharashtra,Ahmednagar,Kopargaon,Soyabean,JS-335,FAQ,2026-08-07,3912,4979,4446,690
Maharashtra,Ahmednagar,Kopargaon,Soyabean,Yellow,FAQ,2026-08-06,3943,5018,4481,383
Maharashtra,Ahmednagar,Kopargaon,Soyabean,Yellow,FAQ,2026-08-05,3930,5001,4466,496
Maharashtra,Ahmednagar,Kopargaon,Soyabean,JS-335,FAQ,2026-08-04,3903,4968,4436,245
Maharashtra,Ahmednagar,Kopargaon,Soyabean,JS-335,FAQ,2026-08-03,3928,4999,4464,302
Maharashtra,Ahmednagar,Kopargaon,Soyabean,Yellow,FAQ,2026-08-02,3880,4939,4410,697
Maharashtra,Ahmednagar,Kopargaon,Soyabean,JS-335,FAQ,2026-08-01,3873,4930,4402,714
Maharashtra,Ahmednagar,Kopargaon,Soyabean,JS-335,FAQ,2026-07-31,3892,4953,4423,267
Maharashtra,Ahmednagar,Kopargaon,Soyabean,JS-335,FAQ,2026-07-30,3831,4876,4354,667
Maharashtra,Ahmednagar,Kopargaon,Soyabean,JS-335,FAQ,2026-07-29,3854,4905,4380,716
Maharashtra,Ahmednagar,Kopargaon,Soyabean,JS-335,FAQ,2026-07-28,3824,4867,4346,229
Maharashtra,Ahmednagar,Kopargaon,Maize,Yellow,FAQ,2026-08-26,1635,2082,1859,497
Maharashtra,Ahmednagar,Kopargaon,Maize,Hybrid,FAQ,2026-08-25,1617,2058,1838,451
Maharashtra,Ahmednagar,Kopargaon,Maize,Yellow,FAQ,2026-08-24,1699,2162,1931,486
Maharashtra,Ahmednagar,Kopargaon,Maize,Yellow,FAQ,2026-08-23,1659,2112,1886,372
Maharashtra,Ahmednagar,Kopargaon,Maize,Yellow,FAQ,2026-08-22,1701,2166,1934,576
Maharashtra,Ahmednagar,Kopargaon,Maize,Hybrid,FAQ,2026-08-21,1727,2198,1963,783
Maharashtra,Ahmednagar,Kopargaon,Maize,Hybrid,FAQ,2026-08-20,1716,2185,1951,632
Maharashtra,Ahmednagar,Kopargaon,Maize,Yellow,FAQ,2026-08-19,1740,2215,1978,632
Maharashtra,Ahmednagar,Kopargaon,Maize,Hybrid,FAQ,2026-08-18,1758,2237,1998,154
Maharashtra,Ahmednagar,Kopargaon,Maize,Yellow,FAQ,2026-08-17,1754,2233,1994,511
Maharashtra,Ahmednagar,Kopargaon,Maize,Hybrid,FAQ,2026-08-16,1767,2250,2009,355
Maharashtra,Ahmednagar,Kopargaon,Maize,Yellow,FAQ,2026-08-15,1789,2278,2034,390
Maharashtra,Ahmednagar,Kopargaon,Maize,Yellow,FAQ,2026-08-14,1765,2246,2006,614
Maharashtra,Ahmednagar,Kopargaon,Maize,Hybrid,FAQ,2026-08-13,1826,2325,2076,739
Maharashtra,Ahmednagar,Kopargaon,Maize,Hybrid,FAQ,2026-08-12,1790,2279,2035,708
Maharashtra,Ahmednagar,Kopargaon,Maize,Yellow,FAQ,2026-08-11,1835,2336,2086,477
Maharashtra,Ahmednagar,Kopargaon,Maize,Yellow,FAQ,2026-08-10,1774,2259,2017,119
Maharashtra,Ahmednagar,Kopargaon,Maize,Hybrid,FAQ,2026-08-09,1803,2294,2049,508
Maharashtra,Ahmednagar,Kopargaon,Maize,Yellow,FAQ,2026-08-08,1816,2311,2064,437
Maharashtra,Ahmednagar,Kopargaon,Maize,Yellow,FAQ,2026-08-07,1791,2280,2036,380
Maharashtra,Ahmednagar,Kopargaon,Maize,Yellow,FAQ,2026-08-06,1773,2256,2015,216
Maharashtra,Ahmednagar,Kopargaon,Maize,Yellow,FAQ,2026-08-05,1800,2291,2046,380
Maharashtra,Ahmednagar,Kopargaon,Maize,Hybrid,FAQ,2026-08-04,1733,2206,1970,230
Maharashtra,Ahmednagar,Kopargaon,Maize,Yellow,FAQ,2026-08-03,1736,2209,1973,396
Maharashtra,Ahmednagar,Kopargaon,Maize,Yellow,FAQ,2026-08-02,1744,2219,1982,310
Maharashtra,Ahmednagar,Kopargaon,Maize,Yellow,FAQ,2026-08-01,1732,2205,1969,121
Maharashtra,Ahmednagar,Kopargaon,Maize,Yellow,FAQ,2026-07-31,1679,2138,1909,236
Maharashtra,Ahmednagar,Kopargaon,Maize,Hybrid,FAQ,2026-07-30,1723,2194,1959,770
Maharashtra,Ahmednagar,Kopargaon,Maize,Yellow,FAQ,2026-07-29,1657,2108,1883,113
Maharashtra,Ahmednagar,Kopargaon,Maize,Hybrid,FAQ,2026-07-28,1628,2073,1851,654
Maharashtra,Ahmednagar,Kopargaon,Cotton,Medium Staple,FAQ,2026-08-26,5715,7274,6495,618
Maharashtra,Ahmednagar,Kopargaon,Cotton,Medium Staple,FAQ,2026-08-25,5742,7309,6526,346
Maharashtra,Ahmednagar,Kopargaon,Cotton,Medium Staple,FAQ,2026-08-24,5777,7352,6565,736
Maharashtra,Ahmednagar,Kopargaon,Cotton,Medium Staple,FAQ,2026-08-23,5764,7336,6550,558
Maharashtra,Ahmednagar,Kopargaon,Cotton,Medium Staple,FAQ,2026-08-22,5796,7377,6587,486
Maharashtra,Ahmednagar,Kopargaon,Cotton,Medium Staple,FAQ,2026-08-21,5815,7400,6608,481
Maharashtra,Ahmednagar,Kopargaon,Cotton,Medium Staple,FAQ,2026-08-20,5798,7379,6589,242
Maharashtra,Ahmednagar,Kopargaon,Cotton,Medium Staple,FAQ,2026-08-19,5826,7415,6621,492
Maharashtra,Ahmednagar,Kopargaon,Cotton,Medium Staple,FAQ,2026-08-18,5871,7472,6672,297
Maharashtra,Ahmednagar,Kopargaon,Cotton,Medium Staple,FAQ,2026-08-17,5866,7465,6666,304
Maharashtra,Ahmednagar,Kopargaon,Cotton,Medium Staple,FAQ,2026-08-16,5863,7462,6663,601
Maharashtra,Ahmednagar,Kopargaon,Cotton,Medium Staple,FAQ,2026-08-15,5868,7469,6669,158
Maharashtra,Ahmednagar,Kopargaon,Cotton,Medium Staple,FAQ,2026-08-14,5906,7517,6712,779
Maharashtra,Ahmednagar,Kopargaon,Cotton,Medium Staple,FAQ,2026-08-13,5882,7487,6685,217
Maharashtra,Ahmednagar,Kopargaon,Cotton,Medium Staple,FAQ,2026-08-12,5863,7462,6663,507
Maharashtra,Ahmednagar,Kopargaon,Cotton,Medium Staple,FAQ,2026-08-11,5900,7509,6705,209
Maharashtra,Ahmednagar,Kopargaon,Cotton,Medium Staple,FAQ,2026-08-10,5874,7476,6675,560
Maharashtra,Ahmednagar,Kopargaon,Cotton,Medium Staple,FAQ,2026-08-09,5859,7456,6658,236
Maharashtra,Ahmednagar,Kopargaon,Cotton,Medium Staple,FAQ,2026-08-08,5867,7468,6668,153
Maharashtra,Ahmednagar,Kopargaon,Cotton,Medium Staple,FAQ,2026-08-07,5914,7527,6721,383
Maharashtra,Ahmednagar,Kopargaon,Cotton,Medium Staple,FAQ,2026-08-06,5890,7497,6694,354
Maharashtra,Ahmednagar,Kopargaon,Cotton,Medium Staple,FAQ,2026-08-05,5882,7487,6685,367
Maharashtra,Ahmednagar,Kopargaon,Cotton,Medium Staple,FAQ,2026-08-04,5875,7478,6677,260
Maharashtra,Ahmednagar,Kopargaon,Cotton,Medium Staple,FAQ,2026-08-03,5819,7406,6613,444
Maharashtra,Ahmednagar,Kopargaon,Cotton,Medium Staple,FAQ,2026-08-02,5854,7451,6653,750
Maharashtra,Ahmednagar,Kopargaon,Cotton,Medium Staple,FAQ,2026-08-01,5835,7426,6631,637
Maharashtra,Ahmednagar,Kopargaon,Cotton,Medium Staple,FAQ,2026-07-31,5831,7422,6627,628
Maharashtra,Ahmednagar,Kopargaon,Cotton,Medium Staple,FAQ,2026-07-30,5796,7377,6587,464
Maharashtra,Ahmednagar,Kopargaon,Cotton,Medium Staple,FAQ,2026-07-29,5759,7330,6545,384
Maharashtra,Ahmednagar,Kopargaon,Cotton,Medium Staple,FAQ,2026-07-28,5761,7332,6547,699
Maharashtra,Ahmednagar,Kopargaon,Sugarcane,Co-86032,FAQ,2026-08-26,264,336,300,433
Maharashtra,Ahmednagar,Kopargaon,Sugarcane,Co-86032,FAQ,2026-08-25,264,336,300,286
Maharashtra,Ahmednagar,Kopargaon,Sugarcane,Co-86032,FAQ,2026-08-24,264,336,300,261
Maharashtra,Ahmednagar,Kopargaon,Sugarcane,Co-86032,FAQ,2026-08-23,264,336,300,402
Maharashtra,Ahmednagar,Kopargaon,Sugarcane,Co-86032,FAQ,2026-08-22,264,336,300,101
Maharashtra,Ahmednagar,Kopargaon,Sugarcane,Co-86032,FAQ,2026-08-21,323,412,368,169
Maharashtra,Ahmednagar,Kopargaon,Sugarcane,Co-86032,FAQ,2026-08-20,293,372,333,338
Maharashtra,Ahmednagar,Kopargaon,Sugarcane,Co-86032,FAQ,2026-08-19,300,383,342,395
Maharashtra,Ahmednagar,Kopargaon,Sugarcane,Co-86032,FAQ,2026-08-18,336,427,382,198
Maharashtra,Ahmednagar,Kopargaon,Sugarcane,Co-86032,FAQ,2026-08-17,371,472,422,190
Maharashtra,Ahmednagar,Kopargaon,Sugarcane,Co-86032,FAQ,2026-08-16,344,439,392,705
Maharashtra,Ahmednagar,Kopargaon,Sugarcane,Co-86032,FAQ,2026-08-15,388,493,441,285
Maharashtra,Ahmednagar,Kopargaon,Sugarcane,Co-86032,FAQ,2026-08-14,396,504,450,693
Maharashtra,Ahmednagar,Kopargaon,Sugarcane,Co-86032,FAQ,2026-08-13,372,473,423,451
Maharashtra,Ahmednagar,Kopargaon,Sugarcane,Co-86032,FAQ,2026-08-12,393,500,447,308
Maharashtra,Ahmednagar,Kopargaon,Sugarcane,Co-86032,FAQ,2026-08-11,382,487,435,701
Maharashtra,Ahmednagar,Kopargaon,Sugarcane,Co-86032,FAQ,2026-08-10,341,434,388,136
Maharashtra,Ahmednagar,Kopargaon,Sugarcane,Co-86032,FAQ,2026-08-09,349,444,397,654
Maharashtra,Ahmednagar,Kopargaon,Sugarcane,Co-86032,FAQ,2026-08-08,356,453,405,193
Maharashtra,Ahmednagar,Kopargaon,Sugarcane,Co-86032,FAQ,2026-08-07,344,437,391,540
Maharashtra,Ahmednagar,Kopargaon,Sugarcane,Co-86032,FAQ,2026-08-06,354,451,403,295
Maharashtra,Ahmednagar,Kopargaon,Sugarcane,Co-86032,FAQ,2026-08-05,315,400,358,726
Maharashtra,Ahmednagar,Kopargaon,Sugarcane,Co-86032,FAQ,2026-08-04,303,386,345,255
Maharashtra,Ahmednagar,Kopargaon,Sugarcane,Co-86032,FAQ,2026-08-03,311,396,354,101
Maharashtra,Ahmednagar,Kopargaon,Sugarcane,Co-86032,FAQ,2026-08-02,307,390,349,525
Maharashtra,Ahmednagar,Kopargaon,Sugarcane,Co-86032,FAQ,2026-08-01,264,336,300,419
Maharashtra,Ahmednagar,Kopargaon,Sugarcane,Co-86032,FAQ,2026-07-31,270,343,307,179
Maharashtra,Ahmednagar,Kopargaon,Sugarcane,Co-86032,FAQ,2026-07-30,264,336,300,486
Maharashtra,Ahmednagar,Kopargaon,Sugarcane,Co-86032,FAQ,2026-07-29,264,336,300,499
Maharashtra,Ahmednagar,Kopargaon,Sugarcane,Co-86032,FAQ,2026-07-28,264,336,300,391
Maharashtra,Ahmednagar,Kopargaon,Mustard,Yellow,FAQ,2026-08-26,4680,5957,5319,489
Maharashtra,Ahmednagar,Kopargaon,Mustard,Black,FAQ,2026-08-25,4752,6048,5400,605
Maharashtra,Ahmednagar,Kopargaon,Mustard,Black,FAQ,2026-08-24,4787,6092,5440,286
Maharashtra,Ahmednagar,Kopargaon,Mustard,Yellow,FAQ,2026-08-23,4772,6073,5423,789
Maharashtra,Ahmednagar,Kopargaon,Mustard,Black,FAQ,2026-08-22,4760,6059,5410,365
Maharashtra,Ahmednagar,Kopargaon,Mustard,Yellow,FAQ,2026-08-21,4779,6082,5431,115
Maharashtra,Ahmednagar,Kopargaon,Mustard,Black,FAQ,2026-08-20,4841,6162,5502,658
Maharashtra,Ahmednagar,Kopargaon,Mustard,Yellow,FAQ,2026-08-19,4861,6186,5524,361
Maharashtra,Ahmednagar,Kopargaon,Mustard,Black,FAQ,2026-08-18,4831,6148,5490,487
Maharashtra,Ahmednagar,Kopargaon,Mustard,Yellow,FAQ,2026-08-17,4842,6163,5503,661
Maharashtra,Ahmednagar,Kopargaon,Mustard,Black,FAQ,2026-08-16,4838,6157,5498,729
Maharashtra,Ahmednagar,Kopargaon,Mustard,Black,FAQ,2026-08-15,4852,6175,5514,681
Maharashtra,Ahmednagar,Kopargaon,Mustard,Yellow,FAQ,2026-08-14,4849,6172,5511,207
Maharashtra,Ahmednagar,Kopargaon,Mustard,Yellow,FAQ,2026-08-13,4905,6242,5574,371
Maharashtra,Ahmednagar,Kopargaon,Mustard,Black,FAQ,2026-08-12,4860,6185,5523,477
Maharashtra,Ahmednagar,Kopargaon,Mustard,Yellow,FAQ,2026-08-11,4898,6233,5566,245
Maharashtra,Ahmednagar,Kopargaon,Mustard,Black,FAQ,2026-08-10,4912,6251,5582,541
Maharashtra,Ahmednagar,Kopargaon,Mustard,Black,FAQ,2026-08-09,4847,6170,5509,614
Maharashtra,Ahmednagar,Kopargaon,Mustard,Black,FAQ,2026-08-08,4879,6210,5545,562
Maharashtra,Ahmednagar,Kopargaon,Mustard,Black,FAQ,2026-08-07,4870,6199,5535,521
Maharashtra,Ahmednagar,Kopargaon,Mustard,Yellow,FAQ,2026-08-06,4885,6218,5552,780
Maharashtra,Ahmednagar,Kopargaon,Mustard,Black,FAQ,2026-08-05,4860,6185,5523,403
Maharashtra,Ahmednagar,Kopargaon,Mustard,Yellow,FAQ,2026-08-04,4836,6155,5496,113
Maharashtra,Ahmednagar,Kopargaon,Mustard,Black,FAQ,2026-08-03,4803,6112,5458,650
Maharashtra,Ahmednagar,Kopargaon,Mustard,Black,FAQ,2026-08-02,4810,6123,5467,742
Maharashtra,Ahmednagar,Kopargaon,Mustard,Yellow,FAQ,2026-08-01,4808,6119,5464,351
Maharashtra,Ahmednagar,Kopargaon,Mustard,Yellow,FAQ,2026-07-31,4754,6051,5403,539
Maharashtra,Ahmednagar,Kopargaon,Mustard,Black,FAQ,2026-07-30,4784,6089,5437,451
Maharashtra,Ahmednagar,Kopargaon,Mustard,Yellow,FAQ,2026-07-29,4763,6062,5413,128
Maharashtra,Ahmednagar,Kopargaon,Mustard,Black,FAQ,2026-07-28,4722,6009,5366,565
Maharashtra,Ahmednagar,Kopargaon,Grapes,Thompson Seedless,FAQ,2026-08-26,4287,5456,4872,596
Maharashtra,Ahmednagar,Kopargaon,Grapes,Thompson Seedless,FAQ,2026-08-25,4322,5501,4912,658
Maharashtra,Ahmednagar,Kopargaon,Grapes,Thompson Seedless,FAQ,2026-08-24,4358,5547,4953,717
Maharashtra,Ahmednagar,Kopargaon,Grapes,Thompson Seedless,FAQ,2026-08-23,4401,5602,5002,669
Maharashtra,Ahmednagar,Kopargaon,Grapes,Thompson Seedless,FAQ,2026-08-22,4389,5586,4988,501
Maharashtra,Ahmednagar,Kopargaon,Grapes,Thompson Seedless,FAQ,2026-08-21,4439,5650,5045,365
Maharashtra,Ahmednagar,Kopargaon,Grapes,Thompson Seedless,FAQ,2026-08-20,4428,5635,5032,530
Maharashtra,Ahmednagar,Kopargaon,Grapes,Thompson Seedless,FAQ,2026-08-19,4418,5623,5021,508
Maharashtra,Ahmednagar,Kopargaon,Grapes,Thompson Seedless,FAQ,2026-08-18,4457,5672,5065,309
Maharashtra,Ahmednagar,Kopargaon,Grapes,Thompson Seedless,FAQ,2026-08-17,4490,5715,5103,205
Maharashtra,Ahmednagar,Kopargaon,Grapes,Thompson Seedless,FAQ,2026-08-16,4441,5652,5047,194
Maharashtra,Ahmednagar,Kopargaon,Grapes,Thompson Seedless,FAQ,2026-08-15,4494,5719,5107,629
Maharashtra,Ahmednagar,Kopargaon,Grapes,Thompson Seedless,FAQ,2026-08-14,4468,5687,5078,375
Maharashtra,Ahmednagar,Kopargaon,Grapes,Thompson Seedless,FAQ,2026-08-13,4477,5698,5088,794
Maharashtra,Ahmednagar,Kopargaon,Grapes,Thompson Seedless,FAQ,2026-08-12,4521,5754,5138,102
Maharashtra,Ahmednagar,Kopargaon,Grapes,Thompson Seedless,FAQ,2026-08-11,4461,5678,5070,494
Maharashtra,Ahmednagar,Kopargaon,Grapes,Thompson Seedless,FAQ,2026-08-10,4503,5732,5118,708
Maharashtra,Ahmednagar,Kopargaon,Grapes,Thompson Seedless,FAQ,2026-08-09,4474,5695,5085,594
Maharashtra,Ahmednagar,Kopargaon,Grapes,Thompson Seedless,FAQ,2026-08-08,4504,5733,5119,160
Maharashtra,Ahmednagar,Kopargaon,Grapes,Thompson Seedless,FAQ,2026-08-07,4481,5704,5093,196
Maharashtra,Ahmednagar,Kopargaon,Grapes,Thompson Seedless,FAQ,2026-08-06,4477,5698,5088,353
Maharashtra,Ahmednagar,Kopargaon,Grapes,Thompson Seedless,FAQ,2026-08-05,4446,5659,5053,710
Maharashtra,Ahmednagar,Kopargaon,Grapes,Thompson Seedless,FAQ,2026-08-04,4473,5694,5084,211
Maharashtra,Ahmednagar,Kopargaon,Grapes,Thompson Seedless,FAQ,2026-08-03,4427,5634,5031,730
Maharashtra,Ahmednagar,Kopargaon,Grapes,Thompson Seedless,FAQ,2026-08-02,4414,5619,5017,694
Maharashtra,Ahmednagar,Kopargaon,Grapes,Thompson Seedless,FAQ,2026-08-01,4424,5631,5028,665
Maharashtra,Ahmednagar,Kopargaon,Grapes,Thompson Seedless,FAQ,2026-07-31,4393,5592,4993,516
Maharashtra,Ahmednagar,Kopargaon,Grapes,Thompson Seedless,FAQ,2026-07-30,4349,5536,4943,600
Maharashtra,Ahmednagar,Kopargaon,Grapes,Thompson Seedless,FAQ,2026-07-29,4325,5504,4915,306
Maharashtra,Ahmednagar,Kopargaon,Grapes,Thompson Seedless,FAQ,2026-07-28,4326,5507,4917,414
Maharashtra,Ahmednagar,Kopargaon,Pomegranate,Bhagwa,FAQ,2026-08-26,5656,7199,6428,529
Maharashtra,Ahmednagar,Kopargaon,Pomegranate,Bhagwa,FAQ,2026-08-25,5665,7210,6438,122
Maharashtra,Ahmednagar,Kopargaon,Pomegranate,Bhagwa,FAQ,2026-08-24,5673,7220,6447,417
Maharashtra,Ahmednagar,Kopargaon,Pomegranate,Bhagwa,FAQ,2026-08-23,5691,7244,6468,737
Maharashtra,Ahmednagar,Kopargaon,Pomegranate,Bhagwa,FAQ,2026-08-22,5704,7259,6482,599
Maharashtra,Ahmednagar,Kopargaon,Pomegranate,Bhagwa,FAQ,2026-08-21,5750,7319,6535,676
Maharashtra,Ahmednagar,Kopargaon,Pomegranate,Bhagwa,FAQ,2026-08-20,5741,7306,6524,175
Maharashtra,Ahmednagar,Kopargaon,Pomegranate,Bhagwa,FAQ,2026-08-19,5728,7291,6510,726
Maharashtra,Ahmednagar,Kopargaon,Pomegranate,Bhagwa,FAQ,2026-08-18,5752,7321,6537,374
Maharashtra,Ahmednagar,Kopargaon,Pomegranate,Bhagwa,FAQ,2026-08-17,5768,7341,6555,117
Maharashtra,Ahmednagar,Kopargaon,Pomegranate,Bhagwa,FAQ,2026-08-16,5792,7371,6582,107
Maharashtra,Ahmednagar,Kopargaon,Pomegranate,Bhagwa,FAQ,2026-08-15,5778,7355,6567,374
Maharashtra,Ahmednagar,Kopargaon,Pomegranate,Bhagwa,FAQ,2026-08-14,5775,7350,6563,406
Maharashtra,Ahmednagar,Kopargaon,Pomegranate,Bhagwa,FAQ,2026-08-13,5832,7423,6628,773
Maharashtra,Ahmednagar,Kopargaon,Pomegranate,Bhagwa,FAQ,2026-08-12,5832,7423,6628,376
Maharashtra,Ahmednagar,Kopargaon,Pomegranate,Bhagwa,FAQ,2026-08-11,5793,7374,6584,712
Maharashtra,Ahmednagar,Kopargaon,Pomegranate,Bhagwa,FAQ,2026-08-10,5771,7346,6559,788
Maharashtra,Ahmednagar,Kopargaon,Pomegranate,Bhagwa,FAQ,2026-08-09,5793,7374,6584,106
Maharashtra,Ahmednagar,Kopargaon,Pomegranate,Bhagwa,FAQ,2026-08-08,5777,7352,6565,620
Maharashtra,Ahmednagar,Kopargaon,Pomegranate,Bhagwa,FAQ,2026-08-07,5800,7381,6591,300
Maharashtra,Ahmednagar,Kopargaon,Pomegranate,Bhagwa,FAQ,2026-08-06,5785,7362,6574,366
Maharashtra,Ahmednagar,Kopargaon,Pomegranate,Bhagwa,FAQ,2026-08-05,5778,7355,6567,506
Maharashtra,Ahmednagar,Kopargaon,Pomegranate,Bhagwa,FAQ,2026-08-04,5742,7308,6525,725
Maharashtra,Ahmednagar,Kopargaon,Pomegranate,Bhagwa,FAQ,2026-08-03,5791,7370,6581,709
Maharashtra,Ahmednagar,Kopargaon,Pomegranate,Bhagwa,FAQ,2026-08-02,5768,7341,6555,561
Maharashtra,Ahmednagar,Kopargaon,Pomegranate,Bhagwa,FAQ,2026-08-01,5759,7330,6545,529
Maharashtra,Ahmednagar,Kopargaon,Pomegranate,Bhagwa,FAQ,2026-07-31,5701,7256,6479,736
Maharashtra,Ahmednagar,Kopargaon,Pomegranate,Bhagwa,FAQ,2026-07-30,5694,7247,6471,800
Maharashtra,Ahmednagar,Kopargaon,Pomegranate,Bhagwa,FAQ,2026-07-29,5661,7204,6433,399
Maharashtra,Ahmednagar,Kopargaon,Pomegranate,Bhagwa,FAQ,2026-07-28,5629,7164,6397,528
Maharashtra,Ahmednagar,Sangamner,Tomato,Vaishali,FAQ,2026-08-26,1818,2313,2066,449
Maharashtra,Ahmednagar,Sangamner,Tomato,Local,FAQ,2026-08-25,1853,2358,2106,393
Maharashtra,Ahmednagar,Sangamner,Tomato,Vaishali,FAQ,2026-08-24,1908,2429,2169,387
Maharashtra,Ahmednagar,Sangamner,Tomato,Hybrid,FAQ,2026-08-23,1914,2436,2175,423
Maharashtra,Ahmednagar,Sangamner,Tomato,Vaishali,FAQ,2026-08-22,1954,2487,2221,421
Maharashtra,Ahmednagar,Sangamner,Tomato,Vaishali,FAQ,2026-08-21,1950,2483,2217,771
Maharashtra,Ahmednagar,Sangamner,Tomato,Hybrid,FAQ,2026-08-20,1974,2513,2244,386
Maharashtra,Ahmednagar,Sangamner,Tomato,Local,FAQ,2026-08-19,2006,2553,2280,338
Maharashtra,Ahmednagar,Sangamner,Tomato,Local,FAQ,2026-08-18,1985,2526,2256,435
Maharashtra,Ahmednagar,Sangamner,Tomato,Hybrid,FAQ,2026-08-17,1983,2524,2254,463
Maharashtra,Ahmednagar,Sangamner,Tomato,Vaishali,FAQ,2026-08-16,2031,2584,2308,398
Maharashtra,Ahmednagar,Sangamner,Tomato,Vaishali,FAQ,2026-08-15,2009,2556,2283,719
Maharashtra,Ahmednagar,Sangamner,Tomato,Vaishali,FAQ,2026-08-14,2031,2586,2309,383
Maharashtra,Ahmednagar,Sangamner,Tomato,Local,FAQ,2026-08-13,2028,2581,2305,160
Maharashtra,Ahmednagar,Sangamner,Tomato,Local,FAQ,2026-08-12,1990,2533,2262,328
Maharashtra,Ahmednagar,Sangamner,Tomato,Hybrid,FAQ,2026-08-11,2051,2610,2331,520
Maharashtra,Ahmednagar,Sangamner,Tomato,Hybrid,FAQ,2026-08-10,2008,2555,2282,355
Maharashtra,Ahmednagar,Sangamner,Tomato,Local,FAQ,2026-08-09,1990,2533,2262,180
Maharashtra,Ahmednagar,Sangamner,Tomato,Vaishali,FAQ,2026-08-08,2045,2602,2324,518
Maharashtra,Ahmednagar,Sangamner,Tomato,Vaishali,FAQ,2026-08-07,1977,2516,2247,429
Maharashtra,Ahmednagar,Sangamner,Tomato,Local,FAQ,2026-08-06,2022,2573,2298,545
Maharashtra,Ahmednagar,Sangamner,Tomato,Vaishali,FAQ,2026-08-05,2017,2568,2293,158
Maharashtra,Ahmednagar,Sangamner,Tomato,Hybrid,FAQ,2026-08-04,1979,2518,2249,516
Maharashtra,Ahmednagar,Sangamner,Tomato,Local,FAQ,2026-08-03,1965,2502,2234,144
Maharashtra,Ahmednagar,Sangamner,Tomato,Hybrid,FAQ,2026-08-02,1990,2533,2262,325
Maharashtra,Ahmednagar,Sangamner,Tomato,Vaishali,FAQ,2026-08-01,1947,2478,2213,689
Maharashtra,Ahmednagar,Sangamner,Tomato,Vaishali,FAQ,2026-07-31,1956,2489,2223,114
Maharashtra,Ahmednagar,Sangamner,Tomato,Hybrid,FAQ,2026-07-30,1940,2469,2205,702
Maharashtra,Ahmednagar,Sangamner,Tomato,Vaishali,FAQ,2026-07-29,1898,2415,2157,430
Maharashtra,Ahmednagar,Sangamner,Tomato,Hybrid,FAQ,2026-07-28,1838,2339,2089,614
Maharashtra,Ahmednagar,Sangamner,Onion,White,FAQ,2026-08-26,1552,1975,1764,666
Maharashtra,Ahmednagar,Sangamner,Onion,Garwa,FAQ,2026-08-25,1547,1970,1759,535
Maharashtra,Ahmednagar,Sangamner,Onion,Red,FAQ,2026-08-24,1582,2013,1798,263
Maharashtra,Ahmednagar,Sangamner,Onion,Red,FAQ,2026-08-23,1623,2066,1845,555
Maharashtra,Ahmednagar,Sangamner,Onion,Red,FAQ,2026-08-22,1606,2045,1826,228
Maharashtra,Ahmednagar,Sangamner,Onion,Garwa,FAQ,2026-08-21,1612,2051,1832,791
Maharashtra,Ahmednagar,Sangamner,Onion,Garwa,FAQ,2026-08-20,1650,2100,1875,612
Maharashtra,Ahmednagar,Sangamner,Onion,Red,FAQ,2026-08-19,1695,2158,1927,582
Maharashtra,Ahmednagar,Sangamner,Onion,Garwa,FAQ,2026-08-18,1707,2172,1940,521
Maharashtra,Ahmednagar,Sangamner,Onion,White,FAQ,2026-08-17,1673,2130,1902,580
Maharashtra,Ahmednagar,Sangamner,Onion,Garwa,FAQ,2026-08-16,1697,2160,1929,497
Maharashtra,Ahmednagar,Sangamner,Onion,Red,FAQ,2026-08-15,1715,2182,1949,688
Maharashtra,Ahmednagar,Sangamner,Onion,Garwa,FAQ,2026-08-14,1715,2182,1949,310
Maharashtra,Ahmednagar,Sangamner,Onion,White,FAQ,2026-08-13,1708,2175,1942,700
Maharashtra,Ahmednagar,Sangamner,Onion,Red,FAQ,2026-08-12,1694,2156,1925,266
Maharashtra,Ahmednagar,Sangamner,Onion,White,FAQ,2026-08-11,1729,2200,1965,308
Maharashtra,Ahmednagar,Sangamner,Onion,White,FAQ,2026-08-10,1750,2227,1989,613
Maharashtra,Ahmednagar,Sangamner,Onion,White,FAQ,2026-08-09,1690,2151,1921,487
Maharashtra,Ahmednagar,Sangamner,Onion,Garwa,FAQ,2026-08-08,1742,2217,1980,720
Maharashtra,Ahmednagar,Sangamner,Onion,Garwa,FAQ,2026-08-07,1714,2181,1948,596
Maharashtra,Ahmednagar,Sangamner,Onion,Red,FAQ,2026-08-06,1676,2133,1905,214
Maharashtra,Ahmednagar,Sangamner,Onion,Garwa,FAQ,2026-08-05,1654,2105,1880,708
Maharashtra,Ahmednagar,Sangamner,Onion,Red,FAQ,2026-08-04,1695,2158,1927,512
Maharashtra,Ahmednagar,Sangamner,Onion,Red,FAQ,2026-08-03,1677,2134,1906,208
Maharashtra,Ahmednagar,Sangamner,Onion,Garwa,FAQ,2026-08-02,1680,2139,1910,736
Maharashtra,Ahmednagar,Sangamner,Onion,Red,FAQ,2026-08-01,1618,2059,1839,527
Maharashtra,Ahmednagar,Sangamner,Onion,Garwa,FAQ,2026-07-31,1644,2093,1869,541
Maharashtra,Ahmednagar,Sangamner,Onion,Red,FAQ,2026-07-30,1638,2085,1862,632
Maharashtra,Ahmednagar,Sangamner,Onion,White,FAQ,2026-07-29,1618,2059,1839,531
Maharashtra,Ahmednagar,Sangamner,Onion,White,FAQ,2026-07-28,1563,1990,1777,660
Maharashtra,Ahmednagar,Sangamner,Wheat,Lok-1,FAQ,2026-08-26,2041,2598,2320,619
Maharashtra,Ahmednagar,Sangamner,Wheat,Sharbati,FAQ,2026-08-25,2063,2626,2345,640
Maharashtra,Ahmednagar,Sangamner,Wheat,Sharbati,FAQ,2026-08-24,2141,2724,2433,694
Maharashtra,Ahmednagar,Sangamner,Wheat,Lok-1,FAQ,2026-08-23,2112,2689,2401,756
Maharashtra,Ahmednagar,Sangamner,Wheat,Lok-1,FAQ,2026-08-22,2123,2702,2413,664
Maharashtra,Ahmednagar,Sangamner,Wheat,FAQ,FAQ,2026-08-21,2188,2785,2487,229
Maharashtra,Ahmednagar,Sangamner,Wheat,Lok-1,FAQ,2026-08-20,2180,2775,2478,745
Maharashtra,Ahmednagar,Sangamner,Wheat,Lok-1,FAQ,2026-08-19,2226,2833,2530,281
Maharashtra,Ahmednagar,Sangamner,Wheat,Lok-1,FAQ,2026-08-18,2172,2765,2469,193
Maharashtra,Ahmednagar,Sangamner,Wheat,Lok-1,FAQ,2026-08-17,2190,2787,2489,700
Maharashtra,Ahmednagar,Sangamner,Wheat,Sharbati,FAQ,2026-08-16,2204,2805,2505,495
Maharashtra,Ahmednagar,Sangamner,Wheat,FAQ,FAQ,2026-08-15,2213,2816,2515,504
Maharashtra,Ahmednagar,Sangamner,Wheat,Lok-1,FAQ,2026-08-14,2268,2887,2578,321
Maharashtra,Ahmednagar,Sangamner,Wheat,FAQ,FAQ,2026-08-13,2248,2861,2555,703
Maharashtra,Ahmednagar,Sangamner,Wheat,Lok-1,FAQ,2026-08-12,2214,2819,2517,330
Maharashtra,Ahmednagar,Sangamner,Wheat,Sharbati,FAQ,2026-08-11,2237,2848,2543,311
Maharashtra,Ahmednagar,Sangamner,Wheat,Lok-1,FAQ,2026-08-10,2222,2828,2525,426
Maharashtra,Ahmednagar,Sangamner,Wheat,Lok-1,FAQ,2026-08-09,2270,2889,2580,545
Maharashtra,Ahmednagar,Sangamner,Wheat,FAQ,FAQ,2026-08-08,2236,2847,2542,103
Maharashtra,Ahmednagar,Sangamner,Wheat,FAQ,FAQ,2026-08-07,2222,2828,2525,632
Maharashtra,Ahmednagar,Sangamner,Wheat,Sharbati,FAQ,2026-08-06,2241,2852,2547,204
Maharashtra,Ahmednagar,Sangamner,Wheat,Sharbati,FAQ,2026-08-05,2220,2825,2523,139
Maharashtra,Ahmednagar,Sangamner,Wheat,Lok-1,FAQ,2026-08-04,2184,2779,2482,298
Maharashtra,Ahmednagar,Sangamner,Wheat,Lok-1,FAQ,2026-08-03,2163,2754,2459,107
Maharashtra,Ahmednagar,Sangamner,Wheat,Sharbati,FAQ,2026-08-02,2192,2789,2491,277
Maharashtra,Ahmednagar,Sangamner,Wheat,Lok-1,FAQ,2026-08-01,2148,2733,2441,199
Maharashtra,Ahmednagar,Sangamner,Wheat,Sharbati,FAQ,2026-07-31,2119,2698,2409,149
Maharashtra,Ahmednagar,Sangamner,Wheat,Lok-1,FAQ,2026-07-30,2098,2671,2385,711
Maharashtra,Ahmednagar,Sangamner,Wheat,Sharbati,FAQ,2026-07-29,2126,2707,2417,309
Maharashtra,Ahmednagar,Sangamner,Wheat,Lok-1,FAQ,2026-07-28,2120,2699,2410,311
Maharashtra,Ahmednagar,Sangamner,Rice,Paddy(Dpr),FAQ,2026-08-26,2217,2822,2520,271
Maharashtra,Ahmednagar,Sangamner,Rice,Swarna,FAQ,2026-08-25,2212,2815,2514,241
Maharashtra,Ahmednagar,Sangamner,Rice,Paddy(Dpr),FAQ,2026-08-24,2213,2816,2515,142
Maharashtra,Ahmednagar,Sangamner,Rice,Swarna,FAQ,2026-08-23,2281,2904,2593,192
Maharashtra,Ahmednagar,Sangamner,Rice,Paddy(Dpr),FAQ,2026-08-22,2255,2870,2563,120
Maharashtra,Ahmednagar,Sangamner,Rice,Paddy(Dpr),FAQ,2026-08-21,2309,2938,2624,303
Maharashtra,Ahmednagar,Sangamner,Rice,Swarna,FAQ,2026-08-20,2325,2960,2643,482
Maharashtra,Ahmednagar,Sangamner,Rice,Paddy(Dpr),FAQ,2026-08-19,2339,2978,2659,522
Maharashtra,Ahmednagar,Sangamner,Rice,Paddy(Dpr),FAQ,2026-08-18,2365,3010,2688,536
Maharashtra,Ahmednagar,Sangamner,Rice,Basmati,FAQ,2026-08-17,2327,2962,2645,551
Maharashtra,Ahmednagar,Sangamner,Rice,Swarna,FAQ,2026-08-16,2339,2976,2658,659
Maharashtra,Ahmednagar,Sangamner,Rice,Basmati,FAQ,2026-08-15,2331,2966,2649,360
Maharashtra,Ahmednagar,Sangamner,Rice,Paddy(Dpr),FAQ,2026-08-14,2347,2988,2668,154
Maharashtra,Ahmednagar,Sangamner,Rice,Paddy(Dpr),FAQ,2026-08-13,2373,3020,2697,266
Maharashtra,Ahmednagar,Sangamner,Rice,Paddy(Dpr),FAQ,2026-08-12,2363,3008,2686,283
Maharashtra,Ahmednagar,Sangamner,Rice,Paddy(Dpr),FAQ,2026-08-11,2354,2997,2676,507
Maharashtra,Ahmednagar,Sangamner,Rice,Paddy(Dpr),FAQ,2026-08-10,2362,3007,2685,701
Maharashtra,Ahmednagar,Sangamner,Rice,Paddy(Dpr),FAQ,2026-08-09,2358,3001,2680,316
Maharashtra,Ahmednagar,Sangamner,Rice,Basmati,FAQ,2026-08-08,2380,3029,2705,551
Maharashtra,Ahmednagar,Sangamner,Rice,Basmati,FAQ,2026-08-07,2358,3001,2680,484
Maharashtra,Ahmednagar,Sangamner,Rice,Swarna,FAQ,2026-08-06,2355,2998,2677,223
Maharashtra,Ahmednagar,Sangamner,Rice,Swarna,FAQ,2026-08-05,2364,3009,2687,303
Maharashtra,Ahmednagar,Sangamner,Rice,Swarna,FAQ,2026-08-04,2361,3006,2684,267
Maharashtra,Ahmednagar,Sangamner,Rice,Basmati,FAQ,2026-08-03,2295,2922,2609,271
Maharashtra,Ahmednagar,Sangamner,Rice,Basmati,FAQ,2026-08-02,2296,2923,2610,734
Maharashtra,Ahmednagar,Sangamner,Rice,Paddy(Dpr),FAQ,2026-08-01,2326,2961,2644,195
Maharashtra,Ahmednagar,Sangamner,Rice,Swarna,FAQ,2026-07-31,2260,2877,2569,283
Maharashtra,Ahmednagar,Sangamner,Rice,Swarna,FAQ,2026-07-30,2276,2897,2587,518
Maharashtra,Ahmednagar,Sangamner,Rice,Swarna,FAQ,2026-07-29,2219,2824,2522,333
Maharashtra,Ahmednagar,Sangamner,Rice,Swarna,FAQ,2026-07-28,2214,2817,2516,103
Maharashtra,Ahmednagar,Sangamner,Potato,Jyoti,FAQ,2026-08-26,1226,1561,1394,365
Maharashtra,Ahmednagar,Sangamner,Potato,Kufri,FAQ,2026-08-25,1273,1620,1447,296
Maharashtra,Ahmednagar,Sangamner,Potato,Jyoti,FAQ,2026-08-24,1303,1658,1481,632
Maharashtra,Ahmednagar,Sangamner,Potato,Kufri,FAQ,2026-08-23,1327,1690,1509,696
Maharashtra,Ahmednagar,Sangamner,Potato,Kufri,FAQ,2026-08-22,1289,1640,1465,377
Maharashtra,Ahmednagar,Sangamner,Potato,Kufri,FAQ,2026-08-21,1344,1711,1528,650
Maharashtra,Ahmednagar,Sangamner,Potato,Jyoti,FAQ,2026-08-20,1349,1716,1533,367
Maharashtra,Ahmednagar,Sangamner,Potato,Jyoti,FAQ,2026-08-19,1362,1733,1548,459
Maharashtra,Ahmednagar,Sangamner,Potato,Kufri,FAQ,2026-08-18,1403,1786,1595,406
Maharashtra,Ahmednagar,Sangamner,Potato,Jyoti,FAQ,2026-08-17,1363,1734,1549,501
Maharashtra,Ahmednagar,Sangamner,Potato,Kufri,FAQ,2026-08-16,1384,1761,1573,121
Maharashtra,Ahmednagar,Sangamner,Potato,Kufri,FAQ,2026-08-15,1402,1785,1594,224
Maharashtra,Ahmednagar,Sangamner,Potato,Jyoti,FAQ,2026-08-14,1368,1741,1555,624
Maharashtra,Ahmednagar,Sangamner,Potato,Kufri,FAQ,2026-08-13,1436,1827,1632,587
Maharashtra,Ahmednagar,Sangamner,Potato,Jyoti,FAQ,2026-08-12,1393,1774,1584,691
Maharashtra,Ahmednagar,Sangamner,Potato,Jyoti,FAQ,2026-08-11,1427,1816,1622,303
Maharashtra,Ahmednagar,Sangamner,Potato,Kufri,FAQ,2026-08-10,1428,1817,1623,198
Maharashtra,Ahmednagar,Sangamner,Potato,Kufri,FAQ,2026-08-09,1392,1771,1582,258
Maharashtra,Ahmednagar,Sangamner,Potato,Jyoti,FAQ,2026-08-08,1380,1757,1569,168
Maharashtra,Ahmednagar,Sangamner,Potato,Jyoti,FAQ,2026-08-07,1407,1790,1599,758
Maharashtra,Ahmednagar,Sangamner,Potato,Kufri,FAQ,2026-08-06,1363,1734,1549,786
Maharashtra,Ahmednagar,Sangamner,Potato,Jyoti,FAQ,2026-08-05,1371,1746,1559,632
Maharashtra,Ahmednagar,Sangamner,Potato,Kufri,FAQ,2026-08-04,1371,1744,1558,430
Maharashtra,Ahmednagar,Sangamner,Potato,Jyoti,FAQ,2026-08-03,1322,1683,1503,588
Maharashtra,Ahmednagar,Sangamner,Potato,Kufri,FAQ,2026-08-02,1326,1687,1507,189
Maharashtra,Ahmednagar,Sangamner,Potato,Kufri,FAQ,2026-08-01,1309,1666,1488,381
Maharashtra,Ahmednagar,Sangamner,Potato,Kufri,FAQ,2026-07-31,1311,1668,1490,349
Maharashtra,Ahmednagar,Sangamner,Potato,Jyoti,FAQ,2026-07-30,1309,1666,1488,238
Maharashtra,Ahmednagar,Sangamner,Potato,Jyoti,FAQ,2026-07-29,1258,1601,1430,780
Maharashtra,Ahmednagar,Sangamner,Potato,Jyoti,FAQ,2026-07-28,1245,1584,1415,561
Maharashtra,Ahmednagar,Sangamner,Soyabean,Yellow,FAQ,2026-08-26,3782,4813,4298,742
Maharashtra,Ahmednagar,Sangamner,Soyabean,Yellow,FAQ,2026-08-25,3802,4839,4321,625
Maharashtra,Ahmednagar,Sangamner,Soyabean,Yellow,FAQ,2026-08-24,3852,4903,4378,284
Maharashtra,Ahmednagar,Sangamner,Soyabean,Yellow,FAQ,2026-08-23,3843,4892,4368,528
Maharashtra,Ahmednagar,Sangamner,Soyabean,JS-335,FAQ,2026-08-22,3898,4961,4430,192
Maharashtra,Ahmednagar,Sangamner,Soyabean,Yellow,FAQ,2026-08-21,3864,4919,4392,744
Maharashtra,Ahmednagar,Sangamner,Soyabean,JS-335,FAQ,2026-08-20,3875,4932,4404,648
Maharashtra,Ahmednagar,Sangamner,Soyabean,JS-335,FAQ,2026-08-19,3927,4998,4463,574
Maharashtra,Ahmednagar,Sangamner,Soyabean,JS-335,FAQ,2026-08-18,3897,4960,4429,112
Maharashtra,Ahmednagar,Sangamner,Soyabean,Yellow,FAQ,2026-08-17,3963,5044,4504,231
Maharashtra,Ahmednagar,Sangamner,Soyabean,JS-335,FAQ,2026-08-16,3934,5007,4471,338
Maharashtra,Ahmednagar,Sangamner,Soyabean,Yellow,FAQ,2026-08-15,3931,5004,4468,530
Maharashtra,Ahmednagar,Sangamner,Soyabean,Yellow,FAQ,2026-08-14,3962,5043,4503,478
Maharashtra,Ahmednagar,Sangamner,Soyabean,JS-335,FAQ,2026-08-13,3973,5056,4515,143
Maharashtra,Ahmednagar,Sangamner,Soyabean,JS-335,FAQ,2026-08-12,3958,5037,4498,369
Maharashtra,Ahmednagar,Sangamner,Soyabean,JS-335,FAQ,2026-08-11,3956,5035,4496,183
Maharashtra,Ahmednagar,Sangamner,Soyabean,JS-335,FAQ,2026-08-10,3954,5033,4494,798
Maharashtra,Ahmednagar,Sangamner,Soyabean,JS-335,FAQ,2026-08-09,3991,5080,4536,403
Maharashtra,Ahmednagar,Sangamner,Soyabean,Yellow,FAQ,2026-08-08,3978,5063,4521,766
Maharashtra,Ahmednagar,Sangamner,Soyabean,JS-335,FAQ,2026-08-07,3922,4991,4457,175
Maharashtra,Ahmednagar,Sangamner,Soyabean,JS-335,FAQ,2026-08-06,3945,5020,4483,123
Maharashtra,Ahmednagar,Sangamner,Soyabean,Yellow,FAQ,2026-08-05,3916,4985,4451,310
Maharashtra,Ahmednagar,Sangamner,Soyabean,JS-335,FAQ,2026-08-04,3954,5033,4494,755
Maharashtra,Ahmednagar,Sangamner,Soyabean,Yellow,FAQ,2026-08-03,3923,4992,4458,303
Maharashtra,Ahmednagar,Sangamner,Soyabean,JS-335,FAQ,2026-08-02,3901,4966,4434,371
Maharashtra,Ahmednagar,Sangamner,Soyabean,Yellow,FAQ,2026-08-01,3897,4960,4429,303
Maharashtra,Ahmednagar,Sangamner,Soyabean,Yellow,FAQ,2026-07-31,3868,4923,4396,195
Maharashtra,Ahmednagar,Sangamner,Soyabean,JS-335,FAQ,2026-07-30,3840,4887,4364,259
Maharashtra,Ahmednagar,Sangamner,Soyabean,JS-335,FAQ,2026-07-29,3807,4846,4327,378
Maharashtra,Ahmednagar,Sangamner,Soyabean,JS-335,FAQ,2026-07-28,3832,4877,4355,342
Maharashtra,Ahmednagar,Sangamner,Maize,Hybrid,FAQ,2026-08-26,1628,2072,1850,146
Maharashtra,Ahmednagar,Sangamner,Maize,Yellow,FAQ,2026-08-25,1686,2145,1916,186
Maharashtra,Ahmednagar,Sangamner,Maize,Hybrid,FAQ,2026-08-24,1664,2119,1892,779
Maharashtra,Ahmednagar,Sangamner,Maize,Yellow,FAQ,2026-08-23,1694,2156,1925,230
Maharashtra,Ahmednagar,Sangamner,Maize,Hybrid,FAQ,2026-08-22,1710,2177,1944,345
Maharashtra,Ahmednagar,Sangamner,Maize,Hybrid,FAQ,2026-08-21,1734,2207,1971,599
Maharashtra,Ahmednagar,Sangamner,Maize,Yellow,FAQ,2026-08-20,1716,2184,1950,627
Maharashtra,Ahmednagar,Sangamner,Maize,Hybrid,FAQ,2026-08-19,1751,2228,1990,634
Maharashtra,Ahmednagar,Sangamner,Maize,Hybrid,FAQ,2026-08-18,1739,2214,1977,537
Maharashtra,Ahmednagar,Sangamner,Maize,Yellow,FAQ,2026-08-17,1741,2216,1979,498
Maharashtra,Ahmednagar,Sangamner,Maize,Yellow,FAQ,2026-08-16,1760,2240,2000,532
Maharashtra,Ahmednagar,Sangamner,Maize,Yellow,FAQ,2026-08-15,1761,2242,2002,274
Maharashtra,Ahmednagar,Sangamner,Maize,Yellow,FAQ,2026-08-14,1820,2317,2069,256
Maharashtra,Ahmednagar,Sangamner,Maize,Yellow,FAQ,2026-08-13,1774,2259,2017,253
Maharashtra,Ahmednagar,Sangamner,Maize,Hybrid,FAQ,2026-08-12,1803,2294,2049,546
Maharashtra,Ahmednagar,Sangamner,Maize,Hybrid,FAQ,2026-08-11,1836,2337,2087,445
Maharashtra,Ahmednagar,Sangamner,Maize,Yellow,FAQ,2026-08-10,1798,2289,2044,386
Maharashtra,Ahmednagar,Sangamner,Maize,Hybrid,FAQ,2026-08-09,1774,2257,2016,478
Maharashtra,Ahmednagar,Sangamner,Maize,Hybrid,FAQ,2026-08-08,1777,2262,2020,711
Maharashtra,Ahmednagar,Sangamner,Maize,Hybrid,FAQ,2026-08-07,1807,2300,2054,499
Maharashtra,Ahmednagar,Sangamner,Maize,Yellow,FAQ,2026-08-06,1796,2285,2041,265
Maharashtra,Ahmednagar,Sangamner,Maize,Yellow,FAQ,2026-08-05,1760,2240,2000,669
Maharashtra,Ahmednagar,Sangamner,Maize,Yellow,FAQ,2026-08-04,1760,2241,2001,631
Maharashtra,Ahmednagar,Sangamner,Maize,Hybrid,FAQ,2026-08-03,1749,2226,1988,428
Maharashtra,Ahmednagar,Sangamner,Maize,Hybrid,FAQ,2026-08-02,1710,2177,1944,134
Maharashtra,Ahmednagar,Sangamner,Maize,Hybrid,FAQ,2026-08-01,1749,2226,1988,739
Maharashtra,Ahmednagar,Sangamner,Maize,Hybrid,FAQ,2026-07-31,1711,2178,1945,169
Maharashtra,Ahmednagar,Sangamner,Maize,Hybrid,FAQ,2026-07-30,1676,2133,1905,587
Maharashtra,Ahmednagar,Sangamner,Maize,Hybrid,FAQ,2026-07-29,1674,2131,1903,708
Maharashtra,Ahmednagar,Sangamner,Maize,Yellow,FAQ,2026-07-28,1681,2140,1911,427
Maharashtra,Ahmednagar,Sangamner,Cotton,Medium Staple,FAQ,2026-08-26,5712,7269,6491,139
Maharashtra,Ahmednagar,Sangamner,Cotton,Medium Staple,FAQ,2026-08-25,5773,7348,6561,786
Maharashtra,Ahmednagar,Sangamner,Cotton,Medium Staple,FAQ,2026-08-24,5744,7311,6528,578
Maharashtra,Ahmednagar,Sangamner,Cotton,Medium Staple,FAQ,2026-08-23,5748,7315,6532,116
Maharashtra,Ahmednagar,Sangamner,Cotton,Medium Staple,FAQ,2026-08-22,5794,7375,6585,654
Maharashtra,Ahmednagar,Sangamner,Cotton,Medium Staple,FAQ,2026-08-21,5828,7417,6623,365
Maharashtra,Ahmednagar,Sangamner,Cotton,Medium Staple,FAQ,2026-08-20,5803,7386,6595,517
Maharashtra,Ahmednagar,Sangamner,Cotton,Medium Staple,FAQ,2026-08-19,5871,7472,6672,150
Maharashtra,Ahmednagar,Sangamner,Cotton,Medium Staple,FAQ,2026-08-18,5824,7413,6619,637
Maharashtra,Ahmednagar,Sangamner,Cotton,Medium Staple,FAQ,2026-08-17,5887,7492,6690,510
Maharashtra,Ahmednagar,Sangamner,Cotton,Medium Staple,FAQ,2026-08-16,5872,7473,6673,384
Maharashtra,Ahmednagar,Sangamner,Cotton,Medium Staple,FAQ,2026-08-15,5901,7510,6706,310
Maharashtra,Ahmednagar,Sangamner,Cotton,Medium Staple,FAQ,2026-08-14,5888,7495,6692,629
Maharashtra,Ahmednagar,Sangamner,Cotton,Medium Staple,FAQ,2026-08-13,5889,7496,6693,114
Maharashtra,Ahmednagar,Sangamner,Cotton,Medium Staple,FAQ,2026-08-12,5894,7501,6698,183
Maharashtra,Ahmednagar,Sangamner,Cotton,Medium Staple,FAQ,2026-08-11,5882,7487,6685,130
Maharashtra,Ahmednagar,Sangamner,Cotton,Medium Staple,FAQ,2026-08-10,5874,7477,6676,233
Maharashtra,Ahmednagar,Sangamner,Cotton,Medium Staple,FAQ,2026-08-09,5886,7491,6689,274
Maharashtra,Ahmednagar,Sangamner,Cotton,Medium Staple,FAQ,2026-08-08,5854,7451,6653,133
Maharashtra,Ahmednagar,Sangamner,Cotton,Medium Staple,FAQ,2026-08-07,5866,7465,6666,657
Maharashtra,Ahmednagar,Sangamner,Cotton,Medium Staple,FAQ,2026-08-06,5861,7460,6661,654
Maharashtra,Ahmednagar,Sangamner,Cotton,Medium Staple,FAQ,2026-08-05,5874,7476,6675,782
Maharashtra,Ahmednagar,Sangamner,Cotton,Medium Staple,FAQ,2026-08-04,5856,7453,6655,224
Maharashtra,Ahmednagar,Sangamner,Cotton,Medium Staple,FAQ,2026-08-03,5845,7440,6643,745
Maharashtra,Ahmednagar,Sangamner,Cotton,Medium Staple,FAQ,2026-08-02,5813,7398,6606,316
Maharashtra,Ahmednagar,Sangamner,Cotton,Medium Staple,FAQ,2026-08-01,5852,7448,6650,455
Maharashtra,Ahmednagar,Sangamner,Cotton,Medium Staple,FAQ,2026-07-31,5823,7412,6618,742
Maharashtra,Ahmednagar,Sangamner,Cotton,Medium Staple,FAQ,2026-07-30,5767,7340,6554,538
Maharashtra,Ahmednagar,Sangamner,Cotton,Medium Staple,FAQ,2026-07-29,5764,7336,6550,792
Maharashtra,Ahmednagar,Sangamner,Cotton,Medium Staple,FAQ,2026-07-28,5717,7276,6497,283
Maharashtra,Ahmednagar,Sangamner,Sugarcane,Co-86032,FAQ,2026-08-26,264,336,300,364
Maharashtra,Ahmednagar,Sangamner,Sugarcane,Co-86032,FAQ,2026-08-25,264,336,300,640
Maharashtra,Ahmednagar,Sangamner,Sugarcane,Co-86032,FAQ,2026-08-24,264,336,300,658
Maharashtra,Ahmednagar,Sangamner,Sugarcane,Co-86032,FAQ,2026-08-23,288,367,328,221
Maharashtra,Ahmednagar,Sangamner,Sugarcane,Co-86032,FAQ,2026-08-22,293,372,333,111
Maharashtra,Ahmednagar,Sangamner,Sugarcane,Co-86032,FAQ,2026-08-21,285,362,324,143
Maharashtra,Ahmednagar,Sangamner,Sugarcane,Co-86032,FAQ,2026-08-20,334,425,380,302
Maharashtra,Ahmednagar,Sangamner,Sugarcane,Co-86032,FAQ,2026-08-19,301,384,343,589
Maharashtra,Ahmednagar,Sangamner,Sugarcane,Co-86032,FAQ,2026-08-18,314,399,357,642
Maharashtra,Ahmednagar,Sangamner,Sugarcane,Co-86032,FAQ,2026-08-17,317,404,361,733
Maharashtra,Ahmednagar,Sangamner,Sugarcane,Co-86032,FAQ,2026-08-16,330,420,375,481
Maharashtra,Ahmednagar,Sangamner,Sugarcane,Co-86032,FAQ,2026-08-15,381,484,433,233
Maharashtra,Ahmednagar,Sangamner,Sugarcane,Co-86032,FAQ,2026-08-14,352,448,400,279
Maharashtra,Ahmednagar,Sangamner,Sugarcane,Co-86032,FAQ,2026-08-13,380,483,432,289
Maharashtra,Ahmednagar,Sangamner,Sugarcane,Co-86032,FAQ,2026-08-12,355,452,404,430
Maharashtra,Ahmednagar,Sangamner,Sugarcane,Co-86032,FAQ,2026-08-11,384,489,437,434
Maharashtra,Ahmednagar,Sangamner,Sugarcane,Co-86032,FAQ,2026-08-10,401,510,456,697
Maharashtra,Ahmednagar,Sangamner,Sugarcane,Co-86032,FAQ,2026-08-09,397,506,452,166
Maharashtra,Ahmednagar,Sangamner,Sugarcane,Co-86032,FAQ,2026-08-08,376,479,428,482
Maharashtra,Ahmednagar,Sangamner,Sugarcane,Co-86032,FAQ,2026-08-07,330,421,376,119
Maharashtra,Ahmednagar,Sangamner,Sugarcane,Co-86032,FAQ,2026-08-06,351,446,399,197
Maharashtra,Ahmednagar,Sangamner,Sugarcane,Co-86032,FAQ,2026-08-05,325,414,370,636
Maharashtra,Ahmednagar,Sangamner,Sugarcane,Co-86032,FAQ,2026-08-04,365,464,415,227
Maharashtra,Ahmednagar,Sangamner,Sugarcane,Co-86032,FAQ,2026-08-03,330,421,376,763
Maharashtra,Ahmednagar,Sangamner,Sugarcane,Co-86032,FAQ,2026-08-02,323,412,368,290
Maharashtra,Ahmednagar,Sangamner,Sugarcane,Co-86032,FAQ,2026-08-01,274,349,312,743
Maharashtra,Ahmednagar,Sangamner,Sugarcane,Co-86032,FAQ,2026-07-31,290,369,330,647
Maharashtra,Ahmednagar,Sangamner,Sugarcane,Co-86032,FAQ,2026-07-30,264,336,300,231
Maharashtra,Ahmednagar,Sangamner,Sugarcane,Co-86032,FAQ,2026-07-29,264,336,300,515
Maharashtra,Ahmednagar,Sangamner,Sugarcane,Co-86032,FAQ,2026-07-28,264,336,300,773
Maharashtra,Ahmednagar,Sangamner,Mustard,Yellow,FAQ,2026-08-26,4693,5974,5334,234
Maharashtra,Ahmednagar,Sangamner,Mustard,Black,FAQ,2026-08-25,4703,5986,5345,311
Maharashtra,Ahmednagar,Sangamner,Mustard,Black,FAQ,2026-08-24,4739,6032,5386,484
Maharashtra,Ahmednagar,Sangamner,Mustard,Yellow,FAQ,2026-08-23,4738,6031,5385,751
Maharashtra,Ahmednagar,Sangamner,Mustard,Black,FAQ,2026-08-22,4793,6100,5447,203
Maharashtra,Ahmednagar,Sangamner,Mustard,Black,FAQ,2026-08-21,4794,6101,5448,557
Maharashtra,Ahmednagar,Sangamner,Mustard,Black,FAQ,2026-08-20,4839,6158,5499,559
Maharashtra,Ahmednagar,Sangamner,Mustard,Black,FAQ,2026-08-19,4810,6121,5466,172
Maharashtra,Ahmednagar,Sangamner,Mustard,Black,FAQ,2026-08-18,4845,6166,5506,580
Maharashtra,Ahmednagar,Sangamner,Mustard,Yellow,FAQ,2026-08-17,4827,6144,5486,571
Maharashtra,Ahmednagar,Sangamner,Mustard,Yellow,FAQ,2026-08-16,4898,6235,5567,408
Maharashtra,Ahmednagar,Sangamner,Mustard,Yellow,FAQ,2026-08-15,4897,6232,5565,783
Maharashtra,Ahmednagar,Sangamner,Mustard,Black,FAQ,2026-08-14,4846,6167,5507,169
Maharashtra,Ahmednagar,Sangamner,Mustard,Black,FAQ,2026-08-13,4849,6172,5511,318
Maharashtra,Ahmednagar,Sangamner,Mustard,Black,FAQ,2026-08-12,4884,6216,5550,105
Maharashtra,Ahmednagar,Sangamner,Mustard,Yellow,FAQ,2026-08-11,4913,6252,5583,133
Maharashtra,Ahmednagar,Sangamner,Mustard,Yellow,FAQ,2026-08-10,4916,6257,5587,752
Maharashtra,Ahmednagar,Sangamner,Mustard,Yellow,FAQ,2026-08-09,4896,6231,5564,731
Maharashtra,Ahmednagar,Sangamner,Mustard,Yellow,FAQ,2026-08-08,4854,6179,5517,488
Maharashtra,Ahmednagar,Sangamner,Mustard,Black,FAQ,2026-08-07,4868,6195,5532,619
Maharashtra,Ahmednagar,Sangamner,Mustard,Yellow,FAQ,2026-08-06,4845,6166,5506,201
Maharashtra,Ahmednagar,Sangamner,Mustard,Yellow,FAQ,2026-08-05,4873,6202,5538,394
Maharashtra,Ahmednagar,Sangamner,Mustard,Black,FAQ,2026-08-04,4874,6203,5539,755
Maharashtra,Ahmednagar,Sangamner,Mustard,Yellow,FAQ,2026-08-03,4855,6180,5518,647
Maharashtra,Ahmednagar,Sangamner,Mustard,Black,FAQ,2026-08-02,4816,6129,5473,218
Maharashtra,Ahmednagar,Sangamner,Mustard,Black,FAQ,2026-08-01,4840,6160,5500,769
Maharashtra,Ahmednagar,Sangamner,Mustard,Yellow,FAQ,2026-07-31,4806,6117,5462,364
Maharashtra,Ahmednagar,Sangamner,Mustard,Yellow,FAQ,2026-07-30,4802,6111,5457,379
Maharashtra,Ahmednagar,Sangamner,Mustard,Black,FAQ,2026-07-29,4781,6086,5434,398
Maharashtra,Ahmednagar,Sangamner,Mustard,Black,FAQ,2026-07-28,4755,6052,5404,215
Maharashtra,Ahmednagar,Sangamner,Grapes,Thompson Seedless,FAQ,2026-08-26,4346,5531,4939,234
Maharashtra,Ahmednagar,Sangamner,Grapes,Thompson Seedless,FAQ,2026-08-25,4366,5557,4962,491
Maharashtra,Ahmednagar,Sangamner,Grapes,Thompson Seedless,FAQ,2026-08-24,4381,5576,4979,664
Maharashtra,Ahmednagar,Sangamner,Grapes,Thompson Seedless,FAQ,2026-08-23,4342,5527,4935,631
Maharashtra,Ahmednagar,Sangamner,Grapes,Thompson Seedless,FAQ,2026-08-22,4407,5608,5008,797
Maharashtra,Ahmednagar,Sangamner,Grapes,Thompson Seedless,FAQ,2026-08-21,4380,5575,4978,537
Maharashtra,Ahmednagar,Sangamner,Grapes,Thompson Seedless,FAQ,2026-08-20,4405,5606,5006,392
Maharashtra,Ahmednagar,Sangamner,Grapes,Thompson Seedless,FAQ,2026-08-19,4408,5611,5010,376
Maharashtra,Ahmednagar,Sangamner,Grapes,Thompson Seedless,FAQ,2026-08-18,4472,5691,5082,759
Maharashtra,Ahmednagar,Sangamner,Grapes,Thompson Seedless,FAQ,2026-08-17,4453,5668,5061,367
Maharashtra,Ahmednagar,Sangamner,Grapes,Thompson Seedless,FAQ,2026-08-16,4466,5685,5076,255
Maharashtra,Ahmednagar,Sangamner,Grapes,Thompson Seedless,FAQ,2026-08-15,4506,5735,5121,621
Maharashtra,Ahmednagar,Sangamner,Grapes,Thompson Seedless,FAQ,2026-08-14,4467,5686,5077,794
Maharashtra,Ahmednagar,Sangamner,Grapes,Thompson Seedless,FAQ,2026-08-13,4455,5670,5063,108
Maharashtra,Ahmednagar,Sangamner,Grapes,Thompson Seedless,FAQ,2026-08-12,4494,5719,5107,170
Maharashtra,Ahmednagar,Sangamner,Grapes,Thompson Seedless,FAQ,2026-08-11,4495,5720,5108,256
Maharashtra,Ahmednagar,Sangamner,Grapes,Thompson Seedless,FAQ,2026-08-10,4500,5727,5114,127
Maharashtra,Ahmednagar,Sangamner,Grapes,Thompson Seedless,FAQ,2026-08-09,4482,5705,5094,159
Maharashtra,Ahmednagar,Sangamner,Grapes,Thompson Seedless,FAQ,2026-08-08,4473,5692,5083,127
Maharashtra,Ahmednagar,Sangamner,Grapes,Thompson Seedless,FAQ,2026-08-07,4475,5696,5086,365
Maharashtra,Ahmednagar,Sangamner,Grapes,Thompson Seedless,FAQ,2026-08-06,4478,5699,5089,498
Maharashtra,Ahmednagar,Sangamner,Grapes,Thompson Seedless,FAQ,2026-08-05,4457,5672,5065,259
Maharashtra,Ahmednagar,Sangamner,Grapes,Thompson Seedless,FAQ,2026-08-04,4453,5668,5061,179
Maharashtra,Ahmednagar,Sangamner,Grapes,Thompson Seedless,FAQ,2026-08-03,4429,5636,5033,502
Maharashtra,Ahmednagar,Sangamner,Grapes,Thompson Seedless,FAQ,2026-08-02,4397,5596,4997,157
Maharashtra,Ahmednagar,Sangamner,Grapes,Thompson Seedless,FAQ,2026-08-01,4411,5614,5013,638
Maharashtra,Ahmednagar,Sangamner,Grapes,Thompson Seedless,FAQ,2026-07-31,4377,5570,4974,716
Maharashtra,Ahmednagar,Sangamner,Grapes,Thompson Seedless,FAQ,2026-07-30,4387,5584,4986,135
Maharashtra,Ahmednagar,Sangamner,Grapes,Thompson Seedless,FAQ,2026-07-29,4363,5552,4958,355
Maharashtra,Ahmednagar,Sangamner,Grapes,Thompson Seedless,FAQ,2026-07-28,4370,5561,4966,758
Maharashtra,Ahmednagar,Sangamner,Pomegranate,Bhagwa,FAQ,2026-08-26,5656,7199,6428,759
Maharashtra,Ahmednagar,Sangamner,Pomegranate,Bhagwa,FAQ,2026-08-25,5623,7156,6390,109
Maharashtra,Ahmednagar,Sangamner,Pomegranate,Bhagwa,FAQ,2026-08-24,5648,7189,6419,649
Maharashtra,Ahmednagar,Sangamner,Pomegranate,Bhagwa,FAQ,2026-08-23,5669,7216,6443,767
Maharashtra,Ahmednagar,Sangamner,Pomegranate,Bhagwa,FAQ,2026-08-22,5722,7283,6503,442
Maharashtra,Ahmednagar,Sangamner,Pomegranate,Bhagwa,FAQ,2026-08-21,5761,7332,6547,437
Maharashtra,Ahmednagar,Sangamner,Pomegranate,Bhagwa,FAQ,2026-08-20,5733,7296,6515,304
Maharashtra,Ahmednagar,Sangamner,Pomegranate,Bhagwa,FAQ,2026-08-19,5731,7294,6513,641
Maharashtra,Ahmednagar,Sangamner,Pomegranate,Bhagwa,FAQ,2026-08-18,5739,7304,6522,387
Maharashtra,Ahmednagar,Sangamner,Pomegranate,Bhagwa,FAQ,2026-08-17,5814,7399,6607,563
Maharashtra,Ahmednagar,Sangamner,Pomegranate,Bhagwa,FAQ,2026-08-16,5792,7371,6582,127
Maharashtra,Ahmednagar,Sangamner,Pomegranate,Bhagwa,FAQ,2026-08-15,5792,7371,6582,657
Maharashtra,Ahmednagar,Sangamner,Pomegranate,Bhagwa,FAQ,2026-08-14,5794,7375,6585,450
Maharashtra,Ahmednagar,Sangamner,Pomegranate,Bhagwa,FAQ,2026-08-13,5830,7421,6626,421
Maharashtra,Ahmednagar,Sangamner,Pomegranate,Bhagwa,FAQ,2026-08-12,5777,7352,6565,749
Maharashtra,Ahmednagar,Sangamner,Pomegranate,Bhagwa,FAQ,2026-08-11,5842,7435,6639,368
Maharashtra,Ahmednagar,Sangamner,Pomegranate,Bhagwa,FAQ,2026-08-10,5815,7402,6609,636
Maharashtra,Ahmednagar,Sangamner,Pomegranate,Bhagwa,FAQ,2026-08-09,5792,7371,6582,355
Maharashtra,Ahmednagar,Sangamner,Pomegranate,Bhagwa,FAQ,2026-08-08,5767,7340,6554,732
Maharashtra,Ahmednagar,Sangamner,Pomegranate,Bhagwa,FAQ,2026-08-07,5822,7411,6617,654
Maharashtra,Ahmednagar,Sangamner,Pomegranate,Bhagwa,FAQ,2026-08-06,5793,7372,6583,517
Maharashtra,Ahmednagar,Sangamner,Pomegranate,Bhagwa,FAQ,2026-08-05,5779,7356,6568,111
Maharashtra,Ahmednagar,Sangamner,Pomegranate,Bhagwa,FAQ,2026-08-04,5797,7378,6588,106
Maharashtra,Ahmednagar,Sangamner,Pomegranate,Bhagwa,FAQ,2026-08-03,5770,7343,6557,235
Maharashtra,Ahmednagar,Sangamner,Pomegranate,Bhagwa,FAQ,2026-08-02,5762,7333,6548,576
Maharashtra,Ahmednagar,Sangamner,Pomegranate,Bhagwa,FAQ,2026-08-01,5717,7276,6497,494
Maharashtra,Ahmednagar,Sangamner,Pomegranate,Bhagwa,FAQ,2026-07-31,5743,7310,6527,759
Maharashtra,Ahmednagar,Sangamner,Pomegranate,Bhagwa,FAQ,2026-07-30,5727,7290,6509,314
Maharashtra,Ahmednagar,Sangamner,Pomegranate,Bhagwa,FAQ,2026-07-29,5701,7256,6479,231
Maharashtra,Ahmednagar,Sangamner,Pomegranate,Bhagwa,FAQ,2026-07-28,5621,7154,6388,673
Maharashtra,Ahmednagar,Ahmednagar,Tomato,Hybrid,FAQ,2026-08-26,1851,2356,2104,538
Maharashtra,Ahmednagar,Ahmednagar,Tomato,Vaishali,FAQ,2026-08-25,1884,2397,2141,716
Maharashtra,Ahmednagar,Ahmednagar,Tomato,Local,FAQ,2026-08-24,1863,2372,2118,126
Maharashtra,Ahmednagar,Ahmednagar,Tomato,Vaishali,FAQ,2026-08-23,1894,2411,2153,487
Maharashtra,Ahmednagar,Ahmednagar,Tomato,Local,FAQ,2026-08-22,1918,2441,2180,652
Maharashtra,Ahmednagar,Ahmednagar,Tomato,Hybrid,FAQ,2026-08-21,1921,2446,2184,363
Maharashtra,Ahmednagar,Ahmednagar,Tomato,Local,FAQ,2026-08-20,1938,2467,2203,235
Maharashtra,Ahmednagar,Ahmednagar,Tomato,Hybrid,FAQ,2026-08-19,1952,2485,2219,121
Maharashtra,Ahmednagar,Ahmednagar,Tomato,Local,FAQ,2026-08-18,1988,2531,2260,377
Maharashtra,Ahmednagar,Ahmednagar,Tomato,Hybrid,FAQ,2026-08-17,1991,2534,2263,591
Maharashtra,Ahmednagar,Ahmednagar,Tomato,Local,FAQ,2026-08-16,2001,2546,2274,452
Maharashtra,Ahmednagar,Ahmednagar,Tomato,Vaishali,FAQ,2026-08-15,2043,2600,2322,522
Maharashtra,Ahmednagar,Ahmednagar,Tomato,Hybrid,FAQ,2026-08-14,2014,2563,2289,743
Maharashtra,Ahmednagar,Ahmednagar,Tomato,Hybrid,FAQ,2026-08-13,2042,2599,2321,169
Maharashtra,Ahmednagar,Ahmednagar,Tomato,Vaishali,FAQ,2026-08-12,2014,2563,2289,400
Maharashtra,Ahmednagar,Ahmednagar,Tomato,Vaishali,FAQ,2026-08-11,2016,2565,2291,259
Maharashtra,Ahmednagar,Ahmednagar,Tomato,Local,FAQ,2026-08-10,2047,2606,2327,293
Maharashtra,Ahmednagar,Ahmednagar,Tomato,Local,FAQ,2026-08-09,2055,2616,2336,195
Maharashtra,Ahmednagar,Ahmednagar,Tomato,Hybrid,FAQ,2026-08-08,2045,2602,2324,438
Maharashtra,Ahmednagar,Ahmednagar,Tomato,Local,FAQ,2026-08-07,1989,2532,2261,139
Maharashtra,Ahmednagar,Ahmednagar,Tomato,Local,FAQ,2026-08-06,2028,2581,2305,599
Maharashtra,Ahmednagar,Ahmednagar,Tomato,Hybrid,FAQ,2026-08-05,1990,2533,2262,735
Maharashtra,Ahmednagar,Ahmednagar,Tomato,Hybrid,FAQ,2026-08-04,2008,2555,2282,448
Maharashtra,Ahmednagar,Ahmednagar,Tomato,Local,FAQ,2026-08-03,1949,2480,2215,511
Maharashtra,Ahmednagar,Ahmednagar,Tomato,Hybrid,FAQ,2026-08-02,1966,2503,2235,345
Maharashtra,Ahmednagar,Ahmednagar,Tomato,Hybrid,FAQ,2026-08-01,1930,2457,2194,331
Maharashtra,Ahmednagar,Ahmednagar,Tomato,Hybrid,FAQ,2026-07-31,1965,2500,2233,745
Maharashtra,Ahmednagar,Ahmednagar,Tomato,Local,FAQ,2026-07-30,1943,2474,2209,146
Maharashtra,Ahmednagar,Ahmednagar,Tomato,Vaishali,FAQ,2026-07-29,1884,2399,2142,768
Maharashtra,Ahmednagar,Ahmednagar,Tomato,Hybrid,FAQ,2026-07-28,1874,2385,2130,160
Maharashtra,Ahmednagar,Ahmednagar,Onion,Garwa,FAQ,2026-08-26,1510,1921,1716,396
Maharashtra,Ahmednagar,Ahmednagar,Onion,White,FAQ,2026-08-25,1598,2033,1816,726
Maharashtra,Ahmednagar,Ahmednagar,Onion,Red,FAQ,2026-08-24,1574,2003,1789,745
Maharashtra,Ahmednagar,Ahmednagar,Onion,Red,FAQ,2026-08-23,1584,2016,1800,353
Maharashtra,Ahmednagar,Ahmednagar,Onion,Garwa,FAQ,2026-08-22,1622,2065,1844,313
Maharashtra,Ahmednagar,Ahmednagar,Onion,Garwa,FAQ,2026-08-21,1607,2046,1827,245
Maharashtra,Ahmednagar,Ahmednagar,Onion,Garwa,FAQ,2026-08-20,1628,2072,1850,626
Maharashtra,Ahmednagar,Ahmednagar,Onion,Red,FAQ,2026-08-19,1661,2114,1888,214
Maharashtra,Ahmednagar,Ahmednagar,Onion,Red,FAQ,2026-08-18,1708,2175,1942,697
Maharashtra,Ahmednagar,Ahmednagar,Onion,Red,FAQ,2026-08-17,1665,2120,1893,248
Maharashtra,Ahmednagar,Ahmednagar,Onion,White,FAQ,2026-08-16,1725,2196,1961,133
Maharashtra,Ahmednagar,Ahmednagar,Onion,White,FAQ,2026-08-15,1713,2180,1947,556
Maharashtra,Ahmednagar,Ahmednagar,Onion,Garwa,FAQ,2026-08-14,1740,2215,1978,675
Maharashtra,Ahmednagar,Ahmednagar,Onion,Red,FAQ,2026-08-13,1694,2157,1926,198
Maharashtra,Ahmednagar,Ahmednagar,Onion,Garwa,FAQ,2026-08-12,1745,2222,1984,612
Maharashtra,Ahmednagar,Ahmednagar,Onion,Red,FAQ,2026-08-11,1745,2222,1984,703
Maharashtra,Ahmednagar,Ahmednagar,Onion,Garwa,FAQ,2026-08-10,1746,2223,1985,310
Maharashtra,Ahmednagar,Ahmednagar,Onion,Red,FAQ,2026-08-09,1681,2140,1911,634
Maharashtra,Ahmednagar,Ahmednagar,Onion,Garwa,FAQ,2026-08-08,1675,2132,1904,220
Maharashtra,Ahmednagar,Ahmednagar,Onion,White,FAQ,2026-08-07,1681,2140,1911,582
Maharashtra,Ahmednagar,Ahmednagar,Onion,Red,FAQ,2026-08-06,1700,2163,1932,435
Maharashtra,Ahmednagar,Ahmednagar,Onion,Red,FAQ,2026-08-05,1686,2145,1916,567
Maharashtra,Ahmednagar,Ahmednagar,Onion,Garwa,FAQ,2026-08-04,1646,2095,1871,555
Maharashtra,Ahmednagar,Ahmednagar,Onion,Red,FAQ,2026-08-03,1679,2136,1908,156
Maharashtra,Ahmednagar,Ahmednagar,Onion,Garwa,FAQ,2026-08-02,1681,2140,1911,628
Maharashtra,Ahmednagar,Ahmednagar,Onion,Red,FAQ,2026-08-01,1665,2120,1893,223
Maharashtra,Ahmednagar,Ahmednagar,Onion,White,FAQ,2026-07-31,1634,2079,1857,300
Maharashtra,Ahmednagar,Ahmednagar,Onion,Red,FAQ,2026-07-30,1591,2026,1809,492
Maharashtra,Ahmednagar,Ahmednagar,Onion,White,FAQ,2026-07-29,1578,2009,1794,458
Maharashtra,Ahmednagar,Ahmednagar,Onion,White,FAQ,2026-07-28,1597,2032,1815,765
Maharashtra,Ahmednagar,Ahmednagar,Wheat,Lok-1,FAQ,2026-08-26,2090,2661,2376,586
Maharashtra,Ahmednagar,Ahmednagar,Wheat,FAQ,FAQ,2026-08-25,2079,2646,2363,341
Maharashtra,Ahmednagar,Ahmednagar,Wheat,Lok-1,FAQ,2026-08-24,2110,2685,2398,524
Maharashtra,Ahmednagar,Ahmednagar,Wheat,FAQ,FAQ,2026-08-23,2112,2689,2401,411
Maharashtra,Ahmednagar,Ahmednagar,Wheat,Lok-1,FAQ,2026-08-22,2175,2768,2472,100
Maharashtra,Ahmednagar,Ahmednagar,Wheat,FAQ,FAQ,2026-08-21,2151,2738,2445,241
Maharashtra,Ahmednagar,Ahmednagar,Wheat,FAQ,FAQ,2026-08-20,2212,2815,2514,223
Maharashtra,Ahmednagar,Ahmednagar,Wheat,Lok-1,FAQ,2026-08-19,2212,2815,2514,217
Maharashtra,Ahmednagar,Ahmednagar,Wheat,Lok-1,FAQ,2026-08-18,2223,2830,2527,427
Maharashtra,Ahmednagar,Ahmednagar,Wheat,FAQ,FAQ,2026-08-17,2222,2829,2526,768
Maharashtra,Ahmednagar,Ahmednagar,Wheat,Lok-1,FAQ,2026-08-16,2219,2824,2522,480
Maharashtra,Ahmednagar,Ahmednagar,Wheat,Lok-1,FAQ,2026-08-15,2229,2836,2533,501
Maharashtra,Ahmednagar,Ahmednagar,Wheat,Sharbati,FAQ,2026-08-14,2241,2852,2547,501
Maharashtra,Ahmednagar,Ahmednagar,Wheat,FAQ,FAQ,2026-08-13,2207,2808,2508,136
Maharashtra,Ahmednagar,Ahmednagar,Wheat,FAQ,FAQ,2026-08-12,2261,2878,2570,589
Maharashtra,Ahmednagar,Ahmednagar,Wheat,Lok-1,FAQ,2026-08-11,2272,2891,2582,658
Maharashtra,Ahmednagar,Ahmednagar,Wheat,Lok-1,FAQ,2026-08-10,2274,2895,2585,794
Maharashtra,Ahmednagar,Ahmednagar,Wheat,Sharbati,FAQ,2026-08-09,2211,2814,2513,128
Maharashtra,Ahmednagar,Ahmednagar,Wheat,FAQ,FAQ,2026-08-08,2236,2845,2541,570
Maharashtra,Ahmednagar,Ahmednagar,Wheat,Lok-1,FAQ,2026-08-07,2199,2798,2499,790
Maharashtra,Ahmednagar,Ahmednagar,Wheat,FAQ,FAQ,2026-08-06,2219,2824,2522,787
Maharashtra,Ahmednagar,Ahmednagar,Wheat,Lok-1,FAQ,2026-08-05,2187,2784,2486,785
Maharashtra,Ahmednagar,Ahmednagar,Wheat,FAQ,FAQ,2026-08-04,2235,2844,2540,435
Maharashtra,Ahmednagar,Ahmednagar,Wheat,Lok-1,FAQ,2026-08-03,2224,2831,2528,441
Maharashtra,Ahmednagar,Ahmednagar,Wheat,Lok-1,FAQ,2026-08-02,2156,2745,2451,405
Maharashtra,Ahmednagar,Ahmednagar,Wheat,Lok-1,FAQ,2026-08-01,2190,2787,2489,671
Maharashtra,Ahmednagar,Ahmednagar,Wheat,Lok-1,FAQ,2026-07-31,2124,2703,2414,171
Maharashtra,Ahmednagar,Ahmednagar,Wheat,Lok-1,FAQ,2026-07-30,2139,2722,2431,196
Maharashtra,Ahmednagar,Ahmednagar,Wheat,Sharbati,FAQ,2026-07-29,2146,2731,2439,165
Maharashtra,Ahmednagar,Ahmednagar,Wheat,Lok-1,FAQ,2026-07-28,2124,2703,2414,538
Maharashtra,Ahmednagar,Ahmednagar,Rice,Basmati,FAQ,2026-08-26,2172,2765,2469,533
Maharashtra,Ahmednagar,Ahmednagar,Rice,Paddy(Dpr),FAQ,2026-08-25,2191,2788,2490,494
Maharashtra,Ahmednagar,Ahmednagar,Rice,Basmati,FAQ,2026-08-24,2248,2861,2555,480
Maharashtra,Ahmednagar,Ahmednagar,Rice,Basmati,FAQ,2026-08-23,2268,2887,2578,119
Maharashtra,Ahmednagar,Ahmednagar,Rice,Basmati,FAQ,2026-08-22,2249,2862,2556,776
Maharashtra,Ahmednagar,Ahmednagar,Rice,Swarna,FAQ,2026-08-21,2323,2956,2640,618
Maharashtra,Ahmednagar,Ahmednagar,Rice,Paddy(Dpr),FAQ,2026-08-20,2321,2954,2638,320
Maharashtra,Ahmednagar,Ahmednagar,Rice,Basmati,FAQ,2026-08-19,2305,2934,2620,706
Maharashtra,Ahmednagar,Ahmednagar,Rice,Paddy(Dpr),FAQ,2026-08-18,2323,2956,2640,410
Maharashtra,Ahmednagar,Ahmednagar,Rice,Basmati,FAQ,2026-08-17,2315,2946,2631,520
Maharashtra,Ahmednagar,Ahmednagar,Rice,Basmati,FAQ,2026-08-16,2330,2965,2648,245
Maharashtra,Ahmednagar,Ahmednagar,Rice,Swarna,FAQ,2026-08-15,2379,3028,2704,586
Maharashtra,Ahmednagar,Ahmednagar,Rice,Swarna,FAQ,2026-08-14,2390,3041,2716,199
Maharashtra,Ahmednagar,Ahmednagar,Rice,Basmati,FAQ,2026-08-13,2339,2976,2658,488
Maharashtra,Ahmednagar,Ahmednagar,Rice,Basmati,FAQ,2026-08-12,2397,3050,2724,162
Maharashtra,Ahmednagar,Ahmednagar,Rice,Paddy(Dpr),FAQ,2026-08-11,2358,3001,2680,671
Maharashtra,Ahmednagar,Ahmednagar,Rice,Basmati,FAQ,2026-08-10,2390,3043,2717,326
Maharashtra,Ahmednagar,Ahmednagar,Rice,Swarna,FAQ,2026-08-09,2384,3035,2710,202
Maharashtra,Ahmednagar,Ahmednagar,Rice,Swarna,FAQ,2026-08-08,2379,3028,2704,238
Maharashtra,Ahmednagar,Ahmednagar,Rice,Paddy(Dpr),FAQ,2026-08-07,2346,2987,2667,125
Maharashtra,Ahmednagar,Ahmednagar,Rice,Basmati,FAQ,2026-08-06,2349,2990,2670,766
Maharashtra,Ahmednagar,Ahmednagar,Rice,Paddy(Dpr),FAQ,2026-08-05,2348,2989,2669,780
Maharashtra,Ahmednagar,Ahmednagar,Rice,Paddy(Dpr),FAQ,2026-08-04,2317,2948,2633,546
Maharashtra,Ahmednagar,Ahmednagar,Rice,Basmati,FAQ,2026-08-03,2299,2926,2613,143
Maharashtra,Ahmednagar,Ahmednagar,Rice,Basmati,FAQ,2026-08-02,2300,2927,2614,342
Maharashtra,Ahmednagar,Ahmednagar,Rice,Swarna,FAQ,2026-08-01,2294,2919,2607,538
Maharashtra,Ahmednagar,Ahmednagar,Rice,Swarna,FAQ,2026-07-31,2277,2898,2588,618
Maharashtra,Ahmednagar,Ahmednagar,Rice,Paddy(Dpr),FAQ,2026-07-30,2262,2879,2571,300
Maharashtra,Ahmednagar,Ahmednagar,Rice,Swarna,FAQ,2026-07-29,2251,2866,2559,344
Maharashtra,Ahmednagar,Ahmednagar,Rice,Basmati,FAQ,2026-07-28,2234,2843,2539,573
Maharashtra,Ahmednagar,Ahmednagar,Potato,Jyoti,FAQ,2026-08-26,1237,1574,1406,689
Maharashtra,Ahmednagar,Ahmednagar,Potato,Kufri,FAQ,2026-08-25,1284,1635,1460,385
Maharashtra,Ahmednagar,Ahmednagar,Potato,Jyoti,FAQ,2026-08-24,1245,1584,1415,311
Maharashtra,Ahmednagar,Ahmednagar,Potato,Kufri,FAQ,2026-08-23,1268,1615,1442,231
Maharashtra,Ahmednagar,Ahmednagar,Potato,Jyoti,FAQ,2026-08-22,1342,1709,1526,333
Maharashtra,Ahmednagar,Ahmednagar,Potato,Jyoti,FAQ,2026-08-21,1303,1658,1481,381
Maharashtra,Ahmednagar,Ahmednagar,Potato,Kufri,FAQ,2026-08-20,1342,1709,1526,616
Maharashtra,Ahmednagar,Ahmednagar,Potato,Jyoti,FAQ,2026-08-19,1327,1690,1509,420
Maharashtra,Ahmednagar,Ahmednagar,Potato,Kufri,FAQ,2026-08-18,1347,1714,1531,780
Maharashtra,Ahmednagar,Ahmednagar,Potato,Kufri,FAQ,2026-08-17,1356,1725,1541,773
Maharashtra,Ahmednagar,Ahmednagar,Potato,Kufri,FAQ,2026-08-16,1416,1803,1610,458
Maharashtra,Ahmednagar,Ahmednagar,Potato,Kufri,FAQ,2026-08-15,1429,1818,1624,502
Maharashtra,Ahmednagar,Ahmednagar,Potato,Jyoti,FAQ,2026-08-14,1402,1785,1594,499
Maharashtra,Ahmednagar,Ahmednagar,Potato,Jyoti,FAQ,2026-08-13,1412,1797,1605,111
Maharashtra,Ahmednagar,Ahmednagar,Potato,Kufri,FAQ,2026-08-12,1439,1832,1636,288
Maharashtra,Ahmednagar,Ahmednagar,Potato,Jyoti,FAQ,2026-08-11,1421,1808,1615,444
Maharashtra,Ahmednagar,Ahmednagar,Potato,Kufri,FAQ,2026-08-10,1426,1815,1621,311
Maharashtra,Ahmednagar,Ahmednagar,Potato,Kufri,FAQ,2026-08-09,1437,1830,1634,449
Maharashtra,Ahmednagar,Ahmednagar,Potato,Jyoti,FAQ,2026-08-08,1407,1790,1599,133
Maharashtra,Ahmednagar,Ahmednagar,Potato,Jyoti,FAQ,2026-08-07,1420,1807,1614,451
Maharashtra,Ahmednagar,Ahmednagar,Potato,Jyoti,FAQ,2026-08-06,1363,1734,1549,421
Maharashtra,Ahmednagar,Ahmednagar,Potato,Kufri,FAQ,2026-08-05,1364,1737,1551,294
Maharashtra,Ahmednagar,Ahmednagar,Potato,Jyoti,FAQ,2026-08-04,1340,1705,1523,458
Maharashtra,Ahmednagar,Ahmednagar,Potato,Kufri,FAQ,2026-08-03,1360,1731,1546,793
Maharashtra,Ahmednagar,Ahmednagar,Potato,Kufri,FAQ,2026-08-02,1375,1750,1563,230
Maharashtra,Ahmednagar,Ahmednagar,Potato,Kufri,FAQ,2026-08-01,1331,1694,1513,695
Maharashtra,Ahmednagar,Ahmednagar,Potato,Kufri,FAQ,2026-07-31,1339,1704,1522,741
Maharashtra,Ahmednagar,Ahmednagar,Potato,Jyoti,FAQ,2026-07-30,1271,1618,1445,230
Maharashtra,Ahmednagar,Ahmednagar,Potato,Jyoti,FAQ,2026-07-29,1240,1579,1410,402
Maharashtra,Ahmednagar,Ahmednagar,Potato,Jyoti,FAQ,2026-07-28,1270,1617,1444,119
Maharashtra,Ahmednagar,Ahmednagar,Soyabean,Yellow,FAQ,2026-08-26,3750,4773,4262,138
Maharashtra,Ahmednagar,Ahmednagar,Soyabean,Yellow,FAQ,2026-08-25,3789,4822,4306,724
Maharashtra,Ahmednagar,Ahmednagar,Soyabean,JS-335,FAQ,2026-08-24,3821,4864,4343,405
Maharashtra,Ahmednagar,Ahmednagar,Soyabean,JS-335,FAQ,2026-08-23,3838,4885,4362,462
Maharashtra,Ahmednagar,Ahmednagar,Soyabean,Yellow,FAQ,2026-08-22,3875,4932,4404,157
Maharashtra,Ahmednagar,Ahmednagar,Soyabean,Yellow,FAQ,2026-08-21,3906,4971,4439,754
Maharashtra,Ahmednagar,Ahmednagar,Soyabean,JS-335,FAQ,2026-08-20,3879,4938,4409,501
Maharashtra,Ahmednagar,Ahmednagar,Soyabean,Yellow,FAQ,2026-08-19,3929,5000,4465,347
Maharashtra,Ahmednagar,Ahmednagar,Soyabean,Yellow,FAQ,2026-08-18,3914,4981,4448,711
Maharashtra,Ahmednagar,Ahmednagar,Soyabean,Yellow,FAQ,2026-08-17,3933,5006,4470,437
Maharashtra,Ahmednagar,Ahmednagar,Soyabean,Yellow,FAQ,2026-08-16,3968,5051,4510,118
Maharashtra,Ahmednagar,Ahmednagar,Soyabean,Yellow,FAQ,2026-08-15,3938,5012,4475,441
Maharashtra,Ahmednagar,Ahmednagar,Soyabean,Yellow,FAQ,2026-08-14,3924,4995,4460,544
Maharashtra,Ahmednagar,Ahmednagar,Soyabean,Yellow,FAQ,2026-08-13,3991,5080,4536,540
Maharashtra,Ahmednagar,Ahmednagar,Soyabean,Yellow,FAQ,2026-08-12,3989,5076,4533,271
Maharashtra,Ahmednagar,Ahmednagar,Soyabean,Yellow,FAQ,2026-08-11,3979,5064,4522,509
Maharashtra,Ahmednagar,Ahmednagar,Soyabean,Yellow,FAQ,2026-08-10,3982,5068,4525,150
Maharashtra,Ahmednagar,Ahmednagar,Soyabean,Yellow,FAQ,2026-08-09,3923,4992,4458,605
Maharashtra,Ahmednagar,Ahmednagar,Soyabean,JS-335,FAQ,2026-08-08,3967,5050,4509,516
Maharashtra,Ahmednagar,Ahmednagar,Soyabean,JS-335,FAQ,2026-08-07,3980,5065,4523,334
Maharashtra,Ahmednagar,Ahmednagar,Soyabean,JS-335,FAQ,2026-08-06,3926,4997,4462,664
Maharashtra,Ahmednagar,Ahmednagar,Soyabean,Yellow,FAQ,2026-08-05,3918,4987,4453,254
Maharashtra,Ahmednagar,Ahmednagar,Soyabean,JS-335,FAQ,2026-08-04,3938,5013,4476,687
Maharashtra,Ahmednagar,Ahmednagar,Soyabean,JS-335,FAQ,2026-08-03,3912,4979,4446,792
Maharashtra,Ahmednagar,Ahmednagar,Soyabean,JS-335,FAQ,2026-08-02,3909,4976,4443,232
Maharashtra,Ahmednagar,Ahmednagar,Soyabean,Yellow,FAQ,2026-08-01,3909,4976,4443,580
Maharashtra,Ahmednagar,Ahmednagar,Soyabean,JS-335,FAQ,2026-07-31,3893,4954,4424,751
Maharashtra,Ahmednagar,Ahmednagar,Soyabean,Yellow,FAQ,2026-07-30,3837,4884,4361,533
Maharashtra,Ahmednagar,Ahmednagar,Soyabean,JS-335,FAQ,2026-07-29,3797,4832,4315,548
Maharashtra,Ahmednagar,Ahmednagar,Soyabean,Yellow,FAQ,2026-07-28,3811,4850,4331,414
Maharashtra,Ahmednagar,Ahmednagar,Maize,Hybrid,FAQ,2026-08-26,1649,2098,1874,355
Maharashtra,Ahmednagar,Ahmednagar,Maize,Hybrid,FAQ,2026-08-25,1633,2078,1856,606
Maharashtra,Ahmednagar,Ahmednagar,Maize,Yellow,FAQ,2026-08-24,1658,2111,1885,461
Maharashtra,Ahmednagar,Ahmednagar,Maize,Hybrid,FAQ,2026-08-23,1715,2182,1949,116
Maharashtra,Ahmednagar,Ahmednagar,Maize,Yellow,FAQ,2026-08-22,1724,2195,1960,366
Maharashtra,Ahmednagar,Ahmednagar,Maize,Yellow,FAQ,2026-08-21,1730,2203,1967,315
Maharashtra,Ahmednagar,Ahmednagar,Maize,Yellow,FAQ,2026-08-20,1747,2224,1986,800
Maharashtra,Ahmednagar,Ahmednagar,Maize,Yellow,FAQ,2026-08-19,1775,2260,2018,399
Maharashtra,Ahmednagar,Ahmednagar,Maize,Yellow,FAQ,2026-08-18,1784,2271,2028,132
Maharashtra,Ahmednagar,Ahmednagar,Maize,Yellow,FAQ,2026-08-17,1811,2304,2058,441
Maharashtra,Ahmednagar,Ahmednagar,Maize,Hybrid,FAQ,2026-08-16,1812,2307,2060,552
Maharashtra,Ahmednagar,Ahmednagar,Maize,Yellow,FAQ,2026-08-15,1777,2262,2020,800
Maharashtra,Ahmednagar,Ahmednagar,Maize,Hybrid,FAQ,2026-08-14,1797,2288,2043,410
Maharashtra,Ahmednagar,Ahmednagar,Maize,Yellow,FAQ,2026-08-13,1790,2279,2035,588
Maharashtra,Ahmednagar,Ahmednagar,Maize,Yellow,FAQ,2026-08-12,1772,2255,2014,258
Maharashtra,Ahmednagar,Ahmednagar,Maize,Yellow,FAQ,2026-08-11,1833,2334,2084,629
Maharashtra,Ahmednagar,Ahmednagar,Maize,Yellow,FAQ,2026-08-10,1836,2337,2087,362
Maharashtra,Ahmednagar,Ahmednagar,Maize,Yellow,FAQ,2026-08-09,1796,2285,2041,289
Maharashtra,Ahmednagar,Ahmednagar,Maize,Hybrid,FAQ,2026-08-08,1766,2247,2007,629
Maharashtra,Ahmednagar,Ahmednagar,Maize,Hybrid,FAQ,2026-08-07,1787,2274,2031,565
Maharashtra,Ahmednagar,Ahmednagar,Maize,Hybrid,FAQ,2026-08-06,1791,2280,2036,414
Maharashtra,Ahmednagar,Ahmednagar,Maize,Hybrid,FAQ,2026-08-05,1780,2265,2023,603
Maharashtra,Ahmednagar,Ahmednagar,Maize,Hybrid,FAQ,2026-08-04,1732,2205,1969,399
Maharashtra,Ahmednagar,Ahmednagar,Maize,Yellow,FAQ,2026-08-03,1780,2265,2023,185
Maharashtra,Ahmednagar,Ahmednagar,Maize,Hybrid,FAQ,2026-08-02,1727,2198,1963,609
Maharashtra,Ahmednagar,Ahmednagar,Maize,Yellow,FAQ,2026-08-01,1715,2182,1949,276
Maharashtra,Ahmednagar,Ahmednagar,Maize,Hybrid,FAQ,2026-07-31,1716,2184,1950,101
Maharashtra,Ahmednagar,Ahmednagar,Maize,Hybrid,FAQ,2026-07-30,1693,2154,1924,687
Maharashtra,Ahmednagar,Ahmednagar,Maize,Yellow,FAQ,2026-07-29,1675,2132,1904,114
Maharashtra,Ahmednagar,Ahmednagar,Maize,Yellow,FAQ,2026-07-28,1635,2082,1859,743
Maharashtra,Ahmednagar,Ahmednagar,Cotton,Medium Staple,FAQ,2026-08-26,5722,7283,6503,366
Maharashtra,Ahmednagar,Ahmednagar,Cotton,Medium Staple,FAQ,2026-08-25,5710,7267,6489,244
Maharashtra,Ahmednagar,Ahmednagar,Cotton,Medium Staple,FAQ,2026-08-24,5768,7341,6555,687
Maharashtra,Ahmednagar,Ahmednagar,Cotton,Medium Staple,FAQ,2026-08-23,5803,7386,6595,710
Maharashtra,Ahmednagar,Ahmednagar,Cotton,Medium Staple,FAQ,2026-08-22,5793,7372,6583,166
Maharashtra,Ahmednagar,Ahmednagar,Cotton,Medium Staple,FAQ,2026-08-21,5833,7424,6629,639
Maharashtra,Ahmednagar,Ahmednagar,Cotton,Medium Staple,FAQ,2026-08-20,5826,7415,6621,260
Maharashtra,Ahmednagar,Ahmednagar,Cotton,Medium Staple,FAQ,2026-08-19,5862,7461,6662,663
Maharashtra,Ahmednagar,Ahmednagar,Cotton,Medium Staple,FAQ,2026-08-18,5873,7474,6674,701
Maharashtra,Ahmednagar,Ahmednagar,Cotton,Medium Staple,FAQ,2026-08-17,5850,7445,6648,191
Maharashtra,Ahmednagar,Ahmednagar,Cotton,Medium Staple,FAQ,2026-08-16,5889,7496,6693,495
Maharashtra,Ahmednagar,Ahmednagar,Cotton,Medium Staple,FAQ,2026-08-15,5891,7498,6695,567
Maharashtra,Ahmednagar,Ahmednagar,Cotton,Medium Staple,FAQ,2026-08-14,5877,7480,6679,369
Maharashtra,Ahmednagar,Ahmednagar,Cotton,Medium Staple,FAQ,2026-08-13,5865,7464,6665,597
Maharashtra,Ahmednagar,Ahmednagar,Cotton,Medium Staple,FAQ,2026-08-12,5862,7461,6662,524
Maharashtra,Ahmednagar,Ahmednagar,Cotton,Medium Staple,FAQ,2026-08-11,5866,7467,6667,213
Maharashtra,Ahmednagar,Ahmednagar,Cotton,Medium Staple,FAQ,2026-08-10,5875,7478,6677,333
Maharashtra,Ahmednagar,Ahmednagar,Cotton,Medium Staple,FAQ,2026-08-09,5925,7542,6734,256
Maharashtra,Ahmednagar,Ahmednagar,Cotton,Medium Staple,FAQ,2026-08-08,5875,7478,6677,302
Maharashtra,Ahmednagar,Ahmednagar,Cotton,Medium Staple,FAQ,2026-08-07,5881,7484,6683,719
Maharashtra,Ahmednagar,Ahmednagar,Cotton,Medium Staple,FAQ,2026-08-06,5896,7504,6700,347
Maharashtra,Ahmednagar,Ahmednagar,Cotton,Medium Staple,FAQ,2026-08-05,5863,7462,6663,493
Maharashtra,Ahmednagar,Ahmednagar,Cotton,Medium Staple,FAQ,2026-08-04,5834,7425,6630,150
Maharashtra,Ahmednagar,Ahmednagar,Cotton,Medium Staple,FAQ,2026-08-03,5872,7473,6673,199
Maharashtra,Ahmednagar,Ahmednagar,Cotton,Medium Staple,FAQ,2026-08-02,5815,7402,6609,697
Maharashtra,Ahmednagar,Ahmednagar,Cotton,Medium Staple,FAQ,2026-08-01,5802,7385,6594,668
Maharashtra,Ahmednagar,Ahmednagar,Cotton,Medium Staple,FAQ,2026-07-31,5820,7407,6614,607
Maharashtra,Ahmednagar,Ahmednagar,Cotton,Medium Staple,FAQ,2026-07-30,5771,7344,6558,144
Maharashtra,Ahmednagar,Ahmednagar,Cotton,Medium Staple,FAQ,2026-07-29,5732,7295,6514,690
Maharashtra,Ahmednagar,Ahmednagar,Cotton,Medium Staple,FAQ,2026-07-28,5735,7300,6518,424
Maharashtra,Ahmednagar,Ahmednagar,Sugarcane,Co-86032,FAQ,2026-08-26,264,336,300,452
Maharashtra,Ahmednagar,Ahmednagar,Sugarcane,Co-86032,FAQ,2026-08-25,264,336,300,134
Maharashtra,Ahmednagar,Ahmednagar,Sugarcane,Co-86032,FAQ,2026-08-24,264,336,300,653
Maharashtra,Ahmednagar,Ahmednagar,Sugarcane,Co-86032,FAQ,2026-08-23,264,336,300,436
Maharashtra,Ahmednagar,Ahmednagar,Sugarcane,Co-86032,FAQ,2026-08-22,264,336,300,287
Maharashtra,Ahmednagar,Ahmednagar,Sugarcane,Co-86032,FAQ,2026-08-21,315,400,358,660
Maharashtra,Ahmednagar,Ahmednagar,Sugarcane,Co-86032,FAQ,2026-08-20,320,407,364,573
Maharashtra,Ahmednagar,Ahmednagar,Sugarcane,Co-86032,FAQ,2026-08-19,329,418,374,418
Maharashtra,Ahmednagar,Ahmednagar,Sugarcane,Co-86032,FAQ,2026-08-18,321,408,365,602
Maharashtra,Ahmednagar,Ahmednagar,Sugarcane,Co-86032,FAQ,2026-08-17,347,442,395,787
Maharashtra,Ahmednagar,Ahmednagar,Sugarcane,Co-86032,FAQ,2026-08-16,320,407,364,417
Maharashtra,Ahmednagar,Ahmednagar,Sugarcane,Co-86032,FAQ,2026-08-15,380,483,432,616
Maharashtra,Ahmednagar,Ahmednagar,Sugarcane,Co-86032,FAQ,2026-08-14,388,493,441,742
Maharashtra,Ahmednagar,Ahmednagar,Sugarcane,Co-86032,FAQ,2026-08-13,372,473,423,480
Maharashtra,Ahmednagar,Ahmednagar,Sugarcane,Co-86032,FAQ,2026-08-12,373,474,424,340
Maharashtra,Ahmednagar,Ahmednagar,Sugarcane,Co-86032,FAQ,2026-08-11,346,441,394,698
Maharashtra,Ahmednagar,Ahmednagar,Sugarcane,Co-86032,FAQ,2026-08-10,382,487,435,329
Maharashtra,Ahmednagar,Ahmednagar,Sugarcane,Co-86032,FAQ,2026-08-09,382,487,435,513
Maharashtra,Ahmednagar,Ahmednagar,Sugarcane,Co-86032,FAQ,2026-08-08,359,458,409,599
Maharashtra,Ahmednagar,Ahmednagar,Sugarcane,Co-86032,FAQ,2026-08-07,383,488,436,473
Maharashtra,Ahmednagar,Ahmednagar,Sugarcane,Co-86032,FAQ,2026-08-06,320,407,364,202
Maharashtra,Ahmednagar,Ahmednagar,Sugarcane,Co-86032,FAQ,2026-08-05,371,472,422,490
Maharashtra,Ahmednagar,Ahmednagar,Sugarcane,Co-86032,FAQ,2026-08-04,338,431,385,456
Maharashtra,Ahmednagar,Ahmednagar,Sugarcane,Co-86032,FAQ,2026-08-03,310,395,353,582
Maharashtra,Ahmednagar,Ahmednagar,Sugarcane,Co-86032,FAQ,2026-08-02,300,383,342,356
Maharashtra,Ahmednagar,Ahmednagar,Sugarcane,Co-86032,FAQ,2026-08-01,265,338,302,614
Maharashtra,Ahmednagar,Ahmednagar,Sugarcane,Co-86032,FAQ,2026-07-31,264,336,300,582
Maharashtra,Ahmednagar,Ahmednagar,Sugarcane,Co-86032,FAQ,2026-07-30,264,336,300,228
Maharashtra,Ahmednagar,Ahmednagar,Sugarcane,Co-86032,FAQ,2026-07-29,264,336,300,345
Maharashtra,Ahmednagar,Ahmednagar,Sugarcane,Co-86032,FAQ,2026-07-28,264,336,300,800
Maharashtra,Ahmednagar,Ahmednagar,Mustard,Black,FAQ,2026-08-26,4711,5996,5354,329
Maharashtra,Ahmednagar,Ahmednagar,Mustard,Yellow,FAQ,2026-08-25,4749,6044,5397,375
Maharashtra,Ahmednagar,Ahmednagar,Mustard,Yellow,FAQ,2026-08-24,4749,6044,5397,764
Maharashtra,Ahmednagar,Ahmednagar,Mustard,Black,FAQ,2026-08-23,4751,6046,5399,771
Maharashtra,Ahmednagar,Ahmednagar,Mustard,Yellow,FAQ,2026-08-22,4798,6107,5453,295
Maharashtra,Ahmednagar,Ahmednagar,Mustard,Yellow,FAQ,2026-08-21,4811,6124,5468,611
Maharashtra,Ahmednagar,Ahmednagar,Mustard,Black,FAQ,2026-08-20,4787,6092,5440,174
Maharashtra,Ahmednagar,Ahmednagar,Mustard,Yellow,FAQ,2026-08-19,4847,6168,5508,271
Maharashtra,Ahmednagar,Ahmednagar,Mustard,Black,FAQ,2026-08-18,4877,6208,5543,447
Maharashtra,Ahmednagar,Ahmednagar,Mustard,Yellow,FAQ,2026-08-17,4889,6222,5556,603
Maharashtra,Ahmednagar,Ahmednagar,Mustard,Black,FAQ,2026-08-16,4883,6214,5549,683
Maharashtra,Ahmednagar,Ahmednagar,Mustard,Black,FAQ,2026-08-15,4873,6202,5538,197
Maharashtra,Ahmednagar,Ahmednagar,Mustard,Black,FAQ,2026-08-14,4841,6162,5502,580
Maharashtra,Ahmednagar,Ahmednagar,Mustard,Yellow,FAQ,2026-08-13,4862,6189,5526,403
Maharashtra,Ahmednagar,Ahmednagar,Mustard,Yellow,FAQ,2026-08-12,4866,6193,5530,471
Maharashtra,Ahmednagar,Ahmednagar,Mustard,Black,FAQ,2026-08-11,4904,6241,5573,346
Maharashtra,Ahmednagar,Ahmednagar,Mustard,Yellow,FAQ,2026-08-10,4855,6180,5518,378
Maharashtra,Ahmednagar,Ahmednagar,Mustard,Black,FAQ,2026-08-09,4869,6196,5533,174
Maharashtra,Ahmednagar,Ahmednagar,Mustard,Black,FAQ,2026-08-08,4873,6202,5538,128
Maharashtra,Ahmednagar,Ahmednagar,Mustard,Black,FAQ,2026-08-07,4879,6210,5545,694
Maharashtra,Ahmednagar,Ahmednagar,Mustard,Yellow,FAQ,2026-08-06,4834,6153,5494,792
Maharashtra,Ahmednagar,Ahmednagar,Mustard,Black,FAQ,2026-08-05,4866,6193,5530,404
Maharashtra,Ahmednagar,Ahmednagar,Mustard,Yellow,FAQ,2026-08-04,4844,6165,5505,121
Maharashtra,Ahmednagar,Ahmednagar,Mustard,Yellow,FAQ,2026-08-03,4823,6138,5481,121
Maharashtra,Ahmednagar,Ahmednagar,Mustard,Yellow,FAQ,2026-08-02,4843,6164,5504,272
Maharashtra,Ahmednagar,Ahmednagar,Mustard,Black,FAQ,2026-08-01,4819,6134,5477,360
Maharashtra,Ahmednagar,Ahmednagar,Mustard,Black,FAQ,2026-07-31,4808,6119,5464,772
Maharashtra,Ahmednagar,Ahmednagar,Mustard,Black,FAQ,2026-07-30,4748,6043,5396,584
Maharashtra,Ahmednagar,Ahmednagar,Mustard,Black,FAQ,2026-07-29,4733,6024,5379,771
Maharashtra,Ahmednagar,Ahmednagar,Mustard,Black,FAQ,2026-07-28,4722,6011,5367,287
Maharashtra,Ahmednagar,Ahmednagar,Grapes,Thompson Seedless,FAQ,2026-08-26,4309,5484,4897,418
Maharashtra,Ahmednagar,Ahmednagar,Grapes,Thompson Seedless,FAQ,2026-08-25,4334,5516,4925,575
Maharashtra,Ahmednagar,Ahmednagar,Grapes,Thompson Seedless,FAQ,2026-08-24,4324,5503,4914,293
Maharashtra,Ahmednagar,Ahmednagar,Grapes,Thompson Seedless,FAQ,2026-08-23,4393,5592,4993,693
Maharashtra,Ahmednagar,Ahmednagar,Grapes,Thompson Seedless,FAQ,2026-08-22,4373,5566,4970,748
Maharashtra,Ahmednagar,Ahmednagar,Grapes,Thompson Seedless,FAQ,2026-08-21,4397,5596,4997,337
Maharashtra,Ahmednagar,Ahmednagar,Grapes,Thompson Seedless,FAQ,2026-08-20,4458,5675,5067,341
Maharashtra,Ahmednagar,Ahmednagar,Grapes,Thompson Seedless,FAQ,2026-08-19,4408,5611,5010,118
Maharashtra,Ahmednagar,Ahmednagar,Grapes,Thompson Seedless,FAQ,2026-08-18,4451,5666,5059,718
Maharashtra,Ahmednagar,Ahmednagar,Grapes,Thompson Seedless,FAQ,2026-08-17,4431,5640,5036,308
Maharashtra,Ahmednagar,Ahmednagar,Grapes,Thompson Seedless,FAQ,2026-08-16,4457,5672,5065,691
Maharashtra,Ahmednagar,Ahmednagar,Grapes,Thompson Seedless,FAQ,2026-08-15,4502,5729,5116,423
Maharashtra,Ahmednagar,Ahmednagar,Grapes,Thompson Seedless,FAQ,2026-08-14,4472,5691,5082,454
Maharashtra,Ahmednagar,Ahmednagar,Grapes,Thompson Seedless,FAQ,2026-08-13,4518,5751,5135,137
Maharashtra,Ahmednagar,Ahmednagar,Grapes,Thompson Seedless,FAQ,2026-08-12,4510,5741,5126,179
Maharashtra,Ahmednagar,Ahmednagar,Grapes,Thompson Seedless,FAQ,2026-08-11,4488,5713,5101,476
Maharashtra,Ahmednagar,Ahmednagar,Grapes,Thompson Seedless,FAQ,2026-08-10,4480,5701,5091,174
Maharashtra,Ahmednagar,Ahmednagar,Grapes,Thompson Seedless,FAQ,2026-08-09,4466,5685,5076,369
Maharashtra,Ahmednagar,Ahmednagar,Grapes,Thompson Seedless,FAQ,2026-08-08,4474,5695,5085,311
Maharashtra,Ahmednagar,Ahmednagar,Grapes,Thompson Seedless,FAQ,2026-08-07,4455,5670,5063,235
Maharashtra,Ahmednagar,Ahmednagar,Grapes,Thompson Seedless,FAQ,2026-08-06,4433,5642,5038,225
Maharashtra,Ahmednagar,Ahmednagar,Grapes,Thompson Seedless,FAQ,2026-08-05,4495,5720,5108,540
Maharashtra,Ahmednagar,Ahmednagar,Grapes,Thompson Seedless,FAQ,2026-08-04,4422,5629,5026,240
Maharashtra,Ahmednagar,Ahmednagar,Grapes,Thompson Seedless,FAQ,2026-08-03,4422,5629,5026,415
Maharashtra,Ahmednagar,Ahmednagar,Grapes,Thompson Seedless,FAQ,2026-08-02,4443,5654,5049,509
Maharashtra,Ahmednagar,Ahmednagar,Grapes,Thompson Seedless,FAQ,2026-08-01,4439,5650,5045,129
Maharashtra,Ahmednagar,Ahmednagar,Grapes,Thompson Seedless,FAQ,2026-07-31,4403,5604,5004,115
Maharashtra,Ahmednagar,Ahmednagar,Grapes,Thompson Seedless,FAQ,2026-07-30,4373,5566,4970,436
Maharashtra,Ahmednagar,Ahmednagar,Grapes,Thompson Seedless,FAQ,2026-07-29,4383,5578,4981,206
Maharashtra,Ahmednagar,Ahmednagar,Grapes,Thompson Seedless,FAQ,2026-07-28,4346,5531,4939,450
Maharashtra,Ahmednagar,Ahmednagar,Pomegranate,Bhagwa,FAQ,2026-08-26,5657,7200,6429,155
Maharashtra,Ahmednagar,Ahmednagar,Pomegranate,Bhagwa,FAQ,2026-08-25,5671,7218,6445,622
Maharashtra,Ahmednagar,Ahmednagar,Pomegranate,Bhagwa,FAQ,2026-08-24,5667,7212,6440,402
Maharashtra,Ahmednagar,Ahmednagar,Pomegranate,Bhagwa,FAQ,2026-08-23,5721,7282,6502,506
Maharashtra,Ahmednagar,Ahmednagar,Pomegranate,Bhagwa,FAQ,2026-08-22,5747,7314,6531,580
Maharashtra,Ahmednagar,Ahmednagar,Pomegranate,Bhagwa,FAQ,2026-08-21,5740,7305,6523,160
Maharashtra,Ahmednagar,Ahmednagar,Pomegranate,Bhagwa,FAQ,2026-08-20,5727,7290,6509,632
Maharashtra,Ahmednagar,Ahmednagar,Pomegranate,Bhagwa,FAQ,2026-08-19,5748,7315,6532,355
Maharashtra,Ahmednagar,Ahmednagar,Pomegranate,Bhagwa,FAQ,2026-08-18,5749,7316,6533,553
Maharashtra,Ahmednagar,Ahmednagar,Pomegranate,Bhagwa,FAQ,2026-08-17,5767,7340,6554,437
Maharashtra,Ahmednagar,Ahmednagar,Pomegranate,Bhagwa,FAQ,2026-08-16,5777,7352,6565,513
Maharashtra,Ahmednagar,Ahmednagar,Pomegranate,Bhagwa,FAQ,2026-08-15,5807,7390,6599,240
Maharashtra,Ahmednagar,Ahmednagar,Pomegranate,Bhagwa,FAQ,2026-08-14,5815,7400,6608,524
Maharashtra,Ahmednagar,Ahmednagar,Pomegranate,Bhagwa,FAQ,2026-08-13,5807,7390,6599,567
Maharashtra,Ahmednagar,Ahmednagar,Pomegranate,Bhagwa,FAQ,2026-08-12,5827,7416,6622,217
Maharashtra,Ahmednagar,Ahmednagar,Pomegranate,Bhagwa,FAQ,2026-08-11,5778,7355,6567,125
Maharashtra,Ahmednagar,Ahmednagar,Pomegranate,Bhagwa,FAQ,2026-08-10,5782,7359,6571,197
Maharashtra,Ahmednagar,Ahmednagar,Pomegranate,Bhagwa,FAQ,2026-08-09,5837,7428,6633,633
Maharashtra,Ahmednagar,Ahmednagar,Pomegranate,Bhagwa,FAQ,2026-08-08,5803,7386,6595,301
Maharashtra,Ahmednagar,Ahmednagar,Pomegranate,Bhagwa,FAQ,2026-08-07,5764,7337,6551,384
Maharashtra,Ahmednagar,Ahmednagar,Pomegranate,Bhagwa,FAQ,2026-08-06,5821,7408,6615,752
Maharashtra,Ahmednagar,Ahmednagar,Pomegranate,Bhagwa,FAQ,2026-08-05,5773,7348,6561,577
Maharashtra,Ahmednagar,Ahmednagar,Pomegranate,Bhagwa,FAQ,2026-08-04,5792,7371,6582,233
Maharashtra,Ahmednagar,Ahmednagar,Pomegranate,Bhagwa,FAQ,2026-08-03,5759,7330,6545,476
Maharashtra,Ahmednagar,Ahmednagar,Pomegranate,Bhagwa,FAQ,2026-08-02,5753,7322,6538,471
Maharashtra,Ahmednagar,Ahmednagar,Pomegranate,Bhagwa,FAQ,2026-08-01,5728,7291,6510,560
Maharashtra,Ahmednagar,Ahmednagar,Pomegranate,Bhagwa,FAQ,2026-07-31,5728,7291,6510,746
Maharashtra,Ahmednagar,Ahmednagar,Pomegranate,Bhagwa,FAQ,2026-07-30,5730,7293,6512,550
Maharashtra,Ahmednagar,Ahmednagar,Pomegranate,Bhagwa,FAQ,2026-07-29,5669,7216,6443,421
Maharashtra,Ahmednagar,Ahmednagar,Pomegranate,Bhagwa,FAQ,2026-07-28,5654,7196,6425,773
Maharashtra,Solapur,Solapur,Tomato,Local,FAQ,2026-08-26,1818,2313,2066,567
Maharashtra,Solapur,Solapur,Tomato,Local,FAQ,2026-08-25,1870,2380,2125,518
Maharashtra,Solapur,Solapur,Tomato,Local,FAQ,2026-08-24,1905,2424,2165,514
Maharashtra,Solapur,Solapur,Tomato,Local,FAQ,2026-08-23,1938,2467,2203,221
Maharashtra,Solapur,Solapur,Tomato,Local,FAQ,2026-08-22,1921,2446,2184,604
Maharashtra,Solapur,Solapur,Tomato,Vaishali,FAQ,2026-08-21,1911,2432,2172,189
Maharashtra,Solapur,Solapur,Tomato,Hybrid,FAQ,2026-08-20,1972,2509,2241,532
Maharashtra,Solapur,Solapur,Tomato,Hybrid,FAQ,2026-08-19,1993,2536,2265,224
Maharashtra,Solapur,Solapur,Tomato,Vaishali,FAQ,2026-08-18,2020,2571,2296,397
Maharashtra,Solapur,Solapur,Tomato,Hybrid,FAQ,2026-08-17,1979,2518,2249,386
Maharashtra,Solapur,Solapur,Tomato,Hybrid,FAQ,2026-08-16,1969,2506,2238,155
Maharashtra,Solapur,Solapur,Tomato,Hybrid,FAQ,2026-08-15,1980,2520,2250,575
Maharashtra,Solapur,Solapur,Tomato,Local,FAQ,2026-08-14,2027,2580,2304,293
Maharashtra,Solapur,Solapur,Tomato,Local,FAQ,2026-08-13,2025,2578,2302,627
Maharashtra,Solapur,Solapur,Tomato,Vaishali,FAQ,2026-08-12,2033,2588,2311,761
Maharashtra,Solapur,Solapur,Tomato,Hybrid,FAQ,2026-08-11,1993,2536,2265,112
Maharashtra,Solapur,Solapur,Tomato,Local,FAQ,2026-08-10,2030,2583,2307,151
Maharashtra,Solapur,Solapur,Tomato,Local,FAQ,2026-08-09,2017,2568,2293,554
Maharashtra,Solapur,Solapur,Tomato,Hybrid,FAQ,2026-08-08,2024,2577,2301,407
Maharashtra,Solapur,Solapur,Tomato,Vaishali,FAQ,2026-08-07,2009,2556,2283,390
Maharashtra,Solapur,Solapur,Tomato,Vaishali,FAQ,2026-08-06,1976,2515,2246,130
Maharashtra,Solapur,Solapur,Tomato,Local,FAQ,2026-08-05,1982,2523,2253,114
Maharashtra,Solapur,Solapur,Tomato,Local,FAQ,2026-08-04,2012,2561,2287,224
Maharashtra,Solapur,Solapur,Tomato,Local,FAQ,2026-08-03,1989,2532,2261,548
Maharashtra,Solapur,Solapur,Tomato,Vaishali,FAQ,2026-08-02,1928,2455,2192,687
Maharashtra,Solapur,Solapur,Tomato,Hybrid,FAQ,2026-08-01,1925,2450,2188,783
Maharashtra,Solapur,Solapur,Tomato,Vaishali,FAQ,2026-07-31,1950,2481,2216,569
Maharashtra,Solapur,Solapur,Tomato,Vaishali,FAQ,2026-07-30,1915,2438,2177,166
Maharashtra,Solapur,Solapur,Tomato,Hybrid,FAQ,2026-07-29,1880,2393,2137,409
Maharashtra,Solapur,Solapur,Tomato,Vaishali,FAQ,2026-07-28,1848,2353,2101,416
Maharashtra,Solapur,Solapur,Onion,Garwa,FAQ,2026-08-26,1547,1968,1758,242
Maharashtra,Solapur,Solapur,Onion,Red,FAQ,2026-08-25,1592,2027,1810,371
Maharashtra,Solapur,Solapur,Onion,Garwa,FAQ,2026-08-24,1611,2050,1831,292
Maharashtra,Solapur,Solapur,Onion,Red,FAQ,2026-08-23,1584,2017,1801,269
Maharashtra,Solapur,Solapur,Onion,White,FAQ,2026-08-22,1598,2033,1816,154
Maharashtra,Solapur,Solapur,Onion,Garwa,FAQ,2026-08-21,1647,2096,1872,328
Maharashtra,Solapur,Solapur,Onion,Red,FAQ,2026-08-20,1682,2141,1912,668
Maharashtra,Solapur,Solapur,Onion,White,FAQ,2026-08-19,1673,2130,1902,790
Maharashtra,Solapur,Solapur,Onion,White,FAQ,2026-08-18,1706,2171,1939,101
Maharashtra,Solapur,Solapur,Onion,Garwa,FAQ,2026-08-17,1701,2164,1933,338
Maharashtra,Solapur,Solapur,Onion,Garwa,FAQ,2026-08-16,1701,2164,1933,267
Maharashtra,Solapur,Solapur,Onion,Garwa,FAQ,2026-08-15,1688,2149,1919,444
Maharashtra,Solapur,Solapur,Onion,White,FAQ,2026-08-14,1724,2195,1960,549
Maharashtra,Solapur,Solapur,Onion,Red,FAQ,2026-08-13,1695,2158,1927,668
Maharashtra,Solapur,Solapur,Onion,White,FAQ,2026-08-12,1682,2141,1912,557
Maharashtra,Solapur,Solapur,Onion,Garwa,FAQ,2026-08-11,1711,2178,1945,780
Maharashtra,Solapur,Solapur,Onion,White,FAQ,2026-08-10,1698,2161,1930,183
Maharashtra,Solapur,Solapur,Onion,White,FAQ,2026-08-09,1738,2213,1976,738
Maharashtra,Solapur,Solapur,Onion,Garwa,FAQ,2026-08-08,1679,2138,1909,209
Maharashtra,Solapur,Solapur,Onion,Red,FAQ,2026-08-07,1730,2201,1966,366
Maharashtra,Solapur,Solapur,Onion,Red,FAQ,2026-08-06,1667,2122,1895,775
Maharashtra,Solapur,Solapur,Onion,White,FAQ,2026-08-05,1669,2124,1897,146
Maharashtra,Solapur,Solapur,Onion,Red,FAQ,2026-08-04,1703,2168,1936,768
Maharashtra,Solapur,Solapur,Onion,Red,FAQ,2026-08-03,1698,2161,1930,703
Maharashtra,Solapur,Solapur,Onion,White,FAQ,2026-08-02,1622,2065,1844,278
Maharashtra,Solapur,Solapur,Onion,Garwa,FAQ,2026-08-01,1644,2093,1869,438
Maharashtra,Solapur,Solapur,Onion,Red,FAQ,2026-07-31,1613,2054,1834,593
Maharashtra,Solapur,Solapur,Onion,Garwa,FAQ,2026-07-30,1589,2022,1806,400
Maharashtra,Solapur,Solapur,Onion,Garwa,FAQ,2026-07-29,1606,2044,1825,323
Maharashtra,Solapur,Solapur,Onion,Garwa,FAQ,2026-07-28,1558,1983,1771,447
Maharashtra,Solapur,Solapur,Wheat,Lok-1,FAQ,2026-08-26,2050,2609,2330,293
Maharashtra,Solapur,Solapur,Wheat,FAQ,FAQ,2026-08-25,2082,2651,2367,241
Maharashtra,Solapur,Solapur,Wheat,Sharbati,FAQ,2026-08-24,2140,2723,2432,747
Maharashtra,Solapur,Solapur,Wheat,Lok-1,FAQ,2026-08-23,2155,2742,2449,488
Maharashtra,Solapur,Solapur,Wheat,FAQ,FAQ,2026-08-22,2140,2723,2432,560
Maharashtra,Solapur,Solapur,Wheat,Lok-1,FAQ,2026-08-21,2177,2770,2474,175
Maharashtra,Solapur,Solapur,Wheat,Lok-1,FAQ,2026-08-20,2178,2772,2475,249
Maharashtra,Solapur,Solapur,Wheat,FAQ,FAQ,2026-08-19,2173,2766,2470,573
Maharashtra,Solapur,Solapur,Wheat,Sharbati,FAQ,2026-08-18,2200,2801,2501,538
Maharashtra,Solapur,Solapur,Wheat,Sharbati,FAQ,2026-08-17,2219,2824,2522,387
Maharashtra,Solapur,Solapur,Wheat,Lok-1,FAQ,2026-08-16,2199,2798,2499,366
Maharashtra,Solapur,Solapur,Wheat,Sharbati,FAQ,2026-08-15,2207,2808,2508,460
Maharashtra,Solapur,Solapur,Wheat,Lok-1,FAQ,2026-08-14,2212,2815,2514,752
Maharashtra,Solapur,Solapur,Wheat,Lok-1,FAQ,2026-08-13,2209,2812,2511,397
Maharashtra,Solapur,Solapur,Wheat,Lok-1,FAQ,2026-08-12,2247,2860,2554,416
Maharashtra,Solapur,Solapur,Wheat,Lok-1,FAQ,2026-08-11,2242,2853,2548,274
Maharashtra,Solapur,Solapur,Wheat,FAQ,FAQ,2026-08-10,2236,2847,2542,485
Maharashtra,Solapur,Solapur,Wheat,Lok-1,FAQ,2026-08-09,2225,2832,2529,143
Maharashtra,Solapur,Solapur,Wheat,FAQ,FAQ,2026-08-08,2209,2812,2511,664
Maharashtra,Solapur,Solapur,Wheat,FAQ,FAQ,2026-08-07,2233,2842,2538,630
Maharashtra,Solapur,Solapur,Wheat,Lok-1,FAQ,2026-08-06,2257,2872,2565,524
Maharashtra,Solapur,Solapur,Wheat,FAQ,FAQ,2026-08-05,2218,2823,2521,433
Maharashtra,Solapur,Solapur,Wheat,Lok-1,FAQ,2026-08-04,2178,2773,2476,444
Maharashtra,Solapur,Solapur,Wheat,FAQ,FAQ,2026-08-03,2227,2834,2531,150
Maharashtra,Solapur,Solapur,Wheat,Lok-1,FAQ,2026-08-02,2151,2738,2445,280
Maharashtra,Solapur,Solapur,Wheat,Lok-1,FAQ,2026-08-01,2185,2782,2484,374
Maharashtra,Solapur,Solapur,Wheat,FAQ,FAQ,2026-07-31,2155,2742,2449,737
Maharashtra,Solapur,Solapur,Wheat,FAQ,FAQ,2026-07-30,2158,2747,2453,261
Maharashtra,Solapur,Solapur,Wheat,Lok-1,FAQ,2026-07-29,2107,2682,2395,739
Maharashtra,Solapur,Solapur,Wheat,FAQ,FAQ,2026-07-28,2108,2683,2396,342
Maharashtra,Solapur,Solapur,Rice,Paddy(Dpr),FAQ,2026-08-26,2179,2774,2477,254
Maharashtra,Solapur,Solapur,Rice,Paddy(Dpr),FAQ,2026-08-25,2236,2845,2541,431
Maharashtra,Solapur,Solapur,Rice,Basmati,FAQ,2026-08-24,2264,2881,2573,795
Maharashtra,Solapur,Solapur,Rice,Swarna,FAQ,2026-08-23,2239,2850,2545,169
Maharashtra,Solapur,Solapur,Rice,Swarna,FAQ,2026-08-22,2286,2909,2598,280
Maharashtra,Solapur,Solapur,Rice,Basmati,FAQ,2026-08-21,2273,2894,2584,784
Maharashtra,Solapur,Solapur,Rice,Swarna,FAQ,2026-08-20,2286,2909,2598,317
Maharashtra,Solapur,Solapur,Rice,Swarna,FAQ,2026-08-19,2339,2978,2659,340
Maharashtra,Solapur,Solapur,Rice,Paddy(Dpr),FAQ,2026-08-18,2320,2953,2637,713
Maharashtra,Solapur,Solapur,Rice,Basmati,FAQ,2026-08-17,2326,2961,2644,389
Maharashtra,Solapur,Solapur,Rice,Basmati,FAQ,2026-08-16,2353,2994,2674,699
Maharashtra,Solapur,Solapur,Rice,Swarna,FAQ,2026-08-15,2398,3052,2725,267
Maharashtra,Solapur,Solapur,Rice,Basmati,FAQ,2026-08-14,2364,3009,2687,185
Maharashtra,Solapur,Solapur,Rice,Basmati,FAQ,2026-08-13,2356,2999,2678,436
Maharashtra,Solapur,Solapur,Rice,Swarna,FAQ,2026-08-12,2405,3060,2733,511
Maharashtra,Solapur,Solapur,Rice,Swarna,FAQ,2026-08-11,2389,3040,2715,772
Maharashtra,Solapur,Solapur,Rice,Basmati,FAQ,2026-08-10,2399,3054,2727,462
Maharashtra,Solapur,Solapur,Rice,Paddy(Dpr),FAQ,2026-08-09,2356,2999,2678,444
Maharashtra,Solapur,Solapur,Rice,Basmati,FAQ,2026-08-08,2342,2981,2662,340
Maharashtra,Solapur,Solapur,Rice,Paddy(Dpr),FAQ,2026-08-07,2341,2980,2661,792
Maharashtra,Solapur,Solapur,Rice,Basmati,FAQ,2026-08-06,2376,3024,2700,587
Maharashtra,Solapur,Solapur,Rice,Paddy(Dpr),FAQ,2026-08-05,2362,3007,2685,302
Maharashtra,Solapur,Solapur,Rice,Swarna,FAQ,2026-08-04,2359,3002,2681,246
Maharashtra,Solapur,Solapur,Rice,Swarna,FAQ,2026-08-03,2310,2940,2625,356
Maharashtra,Solapur,Solapur,Rice,Paddy(Dpr),FAQ,2026-08-02,2317,2948,2633,449
Maharashtra,Solapur,Solapur,Rice,Paddy(Dpr),FAQ,2026-08-01,2295,2922,2609,211
Maharashtra,Solapur,Solapur,Rice,Swarna,FAQ,2026-07-31,2249,2862,2556,150
Maharashtra,Solapur,Solapur,Rice,Swarna,FAQ,2026-07-30,2244,2857,2551,149
Maharashtra,Solapur,Solapur,Rice,Paddy(Dpr),FAQ,2026-07-29,2216,2821,2519,674
Maharashtra,Solapur,Solapur,Rice,Swarna,FAQ,2026-07-28,2232,2841,2537,180
Maharashtra,Solapur,Solapur,Potato,Jyoti,FAQ,2026-08-26,1231,1566,1399,213
Maharashtra,Solapur,Solapur,Potato,Kufri,FAQ,2026-08-25,1237,1574,1406,117
Maharashtra,Solapur,Solapur,Potato,Kufri,FAQ,2026-08-24,1304,1659,1482,574
Maharashtra,Solapur,Solapur,Potato,Kufri,FAQ,2026-08-23,1295,1648,1472,564
Maharashtra,Solapur,Solapur,Potato,Jyoti,FAQ,2026-08-22,1326,1687,1507,673
Maharashtra,Solapur,Solapur,Potato,Kufri,FAQ,2026-08-21,1315,1674,1495,132
Maharashtra,Solapur,Solapur,Potato,Kufri,FAQ,2026-08-20,1329,1692,1511,690
Maharashtra,Solapur,Solapur,Potato,Kufri,FAQ,2026-08-19,1339,1704,1522,328
Maharashtra,Solapur,Solapur,Potato,Jyoti,FAQ,2026-08-18,1341,1706,1524,208
Maharashtra,Solapur,Solapur,Potato,Kufri,FAQ,2026-08-17,1378,1755,1567,208
Maharashtra,Solapur,Solapur,Potato,Kufri,FAQ,2026-08-16,1386,1764,1575,476
Maharashtra,Solapur,Solapur,Potato,Kufri,FAQ,2026-08-15,1415,1800,1608,648
Maharashtra,Solapur,Solapur,Potato,Jyoti,FAQ,2026-08-14,1404,1787,1596,149
Maharashtra,Solapur,Solapur,Potato,Jyoti,FAQ,2026-08-13,1434,1825,1630,631
Maharashtra,Solapur,Solapur,Potato,Kufri,FAQ,2026-08-12,1400,1781,1591,790
Maharashtra,Solapur,Solapur,Potato,Jyoti,FAQ,2026-08-11,1406,1789,1598,723
Maharashtra,Solapur,Solapur,Potato,Kufri,FAQ,2026-08-10,1430,1820,1625,112
Maharashtra,Solapur,Solapur,Potato,Jyoti,FAQ,2026-08-09,1407,1790,1599,530
Maharashtra,Solapur,Solapur,Potato,Jyoti,FAQ,2026-08-08,1429,1818,1624,269
Maharashtra,Solapur,Solapur,Potato,Jyoti,FAQ,2026-08-07,1373,1748,1561,365
Maharashtra,Solapur,Solapur,Potato,Kufri,FAQ,2026-08-06,1382,1759,1571,700
Maharashtra,Solapur,Solapur,Potato,Jyoti,FAQ,2026-08-05,1387,1766,1577,512
Maharashtra,Solapur,Solapur,Potato,Kufri,FAQ,2026-08-04,1346,1713,1530,102
Maharashtra,Solapur,Solapur,Potato,Kufri,FAQ,2026-08-03,1358,1729,1544,193
Maharashtra,Solapur,Solapur,Potato,Kufri,FAQ,2026-08-02,1369,1742,1556,514
Maharashtra,Solapur,Solapur,Potato,Kufri,FAQ,2026-08-01,1330,1693,1512,507
Maharashtra,Solapur,Solapur,Potato,Kufri,FAQ,2026-07-31,1302,1657,1480,105
Maharashtra,Solapur,Solapur,Potato,Kufri,FAQ,2026-07-30,1320,1680,1500,669
Maharashtra,Solapur,Solapur,Potato,Jyoti,FAQ,2026-07-29,1290,1641,1466,411
Maharashtra,Solapur,Solapur,Potato,Jyoti,FAQ,2026-07-28,1239,1578,1409,365
Maharashtra,Solapur,Solapur,Soyabean,JS-335,FAQ,2026-08-26,3766,4793,4280,657
Maharashtra,Solapur,Solapur,Soyabean,Yellow,FAQ,2026-08-25,3781,4812,4297,526
Maharashtra,Solapur,Solapur,Soyabean,Yellow,FAQ,2026-08-24,3821,4864,4343,476
Maharashtra,Solapur,Solapur,Soyabean,Yellow,FAQ,2026-08-23,3863,4916,4390,685
Maharashtra,Solapur,Solapur,Soyabean,JS-335,FAQ,2026-08-22,3837,4884,4361,314
Maharashtra,Solapur,Solapur,Soyabean,Yellow,FAQ,2026-08-21,3855,4906,4381,327
Maharashtra,Solapur,Solapur,Soyabean,JS-335,FAQ,2026-08-20,3863,4916,4390,563
Maharashtra,Solapur,Solapur,Soyabean,JS-335,FAQ,2026-08-19,3919,4988,4454,431
Maharashtra,Solapur,Solapur,Soyabean,Yellow,FAQ,2026-08-18,3943,5018,4481,600
Maharashtra,Solapur,Solapur,Soyabean,JS-335,FAQ,2026-08-17,3940,5015,4478,197
Maharashtra,Solapur,Solapur,Soyabean,Yellow,FAQ,2026-08-16,3973,5056,4515,517
Maharashtra,Solapur,Solapur,Soyabean,Yellow,FAQ,2026-08-15,3930,5003,4467,711
Maharashtra,Solapur,Solapur,Soyabean,JS-335,FAQ,2026-08-14,3925,4996,4461,102
Maharashtra,Solapur,Solapur,Soyabean,Yellow,FAQ,2026-08-13,3967,5048,4508,347
Maharashtra,Solapur,Solapur,Soyabean,JS-335,FAQ,2026-08-12,3931,5004,4468,673
Maharashtra,Solapur,Solapur,Soyabean,JS-335,FAQ,2026-08-11,3944,5019,4482,374
Maharashtra,Solapur,Solapur,Soyabean,JS-335,FAQ,2026-08-10,3979,5064,4522,453
Maharashtra,Solapur,Solapur,Soyabean,Yellow,FAQ,2026-08-09,3949,5026,4488,487
Maharashtra,Solapur,Solapur,Soyabean,Yellow,FAQ,2026-08-08,3947,5024,4486,568
Maharashtra,Solapur,Solapur,Soyabean,Yellow,FAQ,2026-08-07,3929,5000,4465,233
Maharashtra,Solapur,Solapur,Soyabean,Yellow,FAQ,2026-08-06,3945,5020,4483,708
Maharashtra,Solapur,Solapur,Soyabean,JS-335,FAQ,2026-08-05,3967,5048,4508,770
Maharashtra,Solapur,Solapur,Soyabean,Yellow,FAQ,2026-08-04,3938,5013,4476,388
Maharashtra,Solapur,Solapur,Soyabean,JS-335,FAQ,2026-08-03,3887,4948,4418,716
Maharashtra,Solapur,Solapur,Soyabean,Yellow,FAQ,2026-08-02,3928,4999,4464,751
Maharashtra,Solapur,Solapur,Soyabean,JS-335,FAQ,2026-08-01,3911,4978,4445,276
Maharashtra,Solapur,Solapur,Soyabean,Yellow,FAQ,2026-07-31,3886,4945,4416,602
Maharashtra,Solapur,Solapur,Soyabean,Yellow,FAQ,2026-07-30,3869,4924,4397,760
Maharashtra,Solapur,Solapur,Soyabean,JS-335,FAQ,2026-07-29,3857,4908,4383,796
Maharashtra,Solapur,Solapur,Soyabean,Yellow,FAQ,2026-07-28,3813,4854,4334,127
Maharashtra,Solapur,Solapur,Maize,Hybrid,FAQ,2026-08-26,1637,2084,1861,495
Maharashtra,Solapur,Solapur,Maize,Hybrid,FAQ,2026-08-25,1679,2136,1908,173
Maharashtra,Solapur,Solapur,Maize,Hybrid,FAQ,2026-08-24,1707,2172,1940,603
Maharashtra,Solapur,Solapur,Maize,Yellow,FAQ,2026-08-23,1708,2173,1941,138
Maharashtra,Solapur,Solapur,Maize,Yellow,FAQ,2026-08-22,1686,2145,1916,640
Maharashtra,Solapur,Solapur,Maize,Hybrid,FAQ,2026-08-21,1760,2241,2001,167
Maharashtra,Solapur,Solapur,Maize,Yellow,FAQ,2026-08-20,1749,2226,1988,274
Maharashtra,Solapur,Solapur,Maize,Hybrid,FAQ,2026-08-19,1726,2197,1962,358
Maharashtra,Solapur,Solapur,Maize,Hybrid,FAQ,2026-08-18,1774,2259,2017,596
Maharashtra,Solapur,Solapur,Maize,Yellow,FAQ,2026-08-17,1745,2220,1983,149
Maharashtra,Solapur,Solapur,Maize,Yellow,FAQ,2026-08-16,1799,2290,2045,272
Maharashtra,Solapur,Solapur,Maize,Hybrid,FAQ,2026-08-15,1804,2297,2051,234
Maharashtra,Solapur,Solapur,Maize,Yellow,FAQ,2026-08-14,1827,2326,2077,414
Maharashtra,Solapur,Solapur,Maize,Hybrid,FAQ,2026-08-13,1828,2327,2078,652
Maharashtra,Solapur,Solapur,Maize,Hybrid,FAQ,2026-08-12,1820,2317,2069,344
Maharashtra,Solapur,Solapur,Maize,Hybrid,FAQ,2026-08-11,1814,2309,2062,536
Maharashtra,Solapur,Solapur,Maize,Hybrid,FAQ,2026-08-10,1800,2291,2046,144
Maharashtra,Solapur,Solapur,Maize,Hybrid,FAQ,2026-08-09,1776,2261,2019,412
Maharashtra,Solapur,Solapur,Maize,Yellow,FAQ,2026-08-08,1815,2310,2063,450
Maharashtra,Solapur,Solapur,Maize,Yellow,FAQ,2026-08-07,1819,2316,2068,325
Maharashtra,Solapur,Solapur,Maize,Hybrid,FAQ,2026-08-06,1760,2241,2001,220
Maharashtra,Solapur,Solapur,Maize,Hybrid,FAQ,2026-08-05,1789,2278,2034,462
Maharashtra,Solapur,Solapur,Maize,Hybrid,FAQ,2026-08-04,1753,2232,1993,360
Maharashtra,Solapur,Solapur,Maize,Hybrid,FAQ,2026-08-03,1767,2250,2009,599
Maharashtra,Solapur,Solapur,Maize,Yellow,FAQ,2026-08-02,1760,2241,2001,702
Maharashtra,Solapur,Solapur,Maize,Yellow,FAQ,2026-08-01,1694,2156,1925,706
Maharashtra,Solapur,Solapur,Maize,Hybrid,FAQ,2026-07-31,1678,2135,1907,299
Maharashtra,Solapur,Solapur,Maize,Hybrid,FAQ,2026-07-30,1679,2136,1908,653
Maharashtra,Solapur,Solapur,Maize,Yellow,FAQ,2026-07-29,1695,2158,1927,437
Maharashtra,Solapur,Solapur,Maize,Yellow,FAQ,2026-07-28,1683,2142,1913,628
Maharashtra,Solapur,Solapur,Cotton,Medium Staple,FAQ,2026-08-26,5706,7263,6485,790
Maharashtra,Solapur,Solapur,Cotton,Medium Staple,FAQ,2026-08-25,5720,7281,6501,328
Maharashtra,Solapur,Solapur,Cotton,Medium Staple,FAQ,2026-08-24,5728,7291,6510,466
Maharashtra,Solapur,Solapur,Cotton,Medium Staple,FAQ,2026-08-23,5799,7380,6590,712
Maharashtra,Solapur,Solapur,Cotton,Medium Staple,FAQ,2026-08-22,5803,7386,6595,739
Maharashtra,Solapur,Solapur,Cotton,Medium Staple,FAQ,2026-08-21,5795,7376,6586,607
Maharashtra,Solapur,Solapur,Cotton,Medium Staple,FAQ,2026-08-20,5835,7426,6631,342
Maharashtra,Solapur,Solapur,Cotton,Medium Staple,FAQ,2026-08-19,5847,7442,6645,181
Maharashtra,Solapur,Solapur,Cotton,Medium Staple,FAQ,2026-08-18,5850,7445,6648,258
Maharashtra,Solapur,Solapur,Cotton,Medium Staple,FAQ,2026-08-17,5875,7478,6677,281
Maharashtra,Solapur,Solapur,Cotton,Medium Staple,FAQ,2026-08-16,5844,7439,6642,579
Maharashtra,Solapur,Solapur,Cotton,Medium Staple,FAQ,2026-08-15,5876,7479,6678,288
Maharashtra,Solapur,Solapur,Cotton,Medium Staple,FAQ,2026-08-14,5915,7528,6722,453
Maharashtra,Solapur,Solapur,Cotton,Medium Staple,FAQ,2026-08-13,5880,7483,6682,393
Maharashtra,Solapur,Solapur,Cotton,Medium Staple,FAQ,2026-08-12,5910,7523,6717,744
Maharashtra,Solapur,Solapur,Cotton,Medium Staple,FAQ,2026-08-11,5874,7476,6675,601
Maharashtra,Solapur,Solapur,Cotton,Medium Staple,FAQ,2026-08-10,5871,7472,6672,123
Maharashtra,Solapur,Solapur,Cotton,Medium Staple,FAQ,2026-08-09,5906,7517,6712,164
Maharashtra,Solapur,Solapur,Cotton,Medium Staple,FAQ,2026-08-08,5906,7517,6712,371
Maharashtra,Solapur,Solapur,Cotton,Medium Staple,FAQ,2026-08-07,5899,7508,6704,229
Maharashtra,Solapur,Solapur,Cotton,Medium Staple,FAQ,2026-08-06,5893,7500,6697,328
Maharashtra,Solapur,Solapur,Cotton,Medium Staple,FAQ,2026-08-05,5893,7500,6697,762
Maharashtra,Solapur,Solapur,Cotton,Medium Staple,FAQ,2026-08-04,5838,7431,6635,129
Maharashtra,Solapur,Solapur,Cotton,Medium Staple,FAQ,2026-08-03,5813,7398,6606,284
Maharashtra,Solapur,Solapur,Cotton,Medium Staple,FAQ,2026-08-02,5839,7432,6636,373
Maharashtra,Solapur,Solapur,Cotton,Medium Staple,FAQ,2026-08-01,5782,7359,6571,494
Maharashtra,Solapur,Solapur,Cotton,Medium Staple,FAQ,2026-07-31,5814,7399,6607,545
Maharashtra,Solapur,Solapur,Cotton,Medium Staple,FAQ,2026-07-30,5763,7334,6549,185
Maharashtra,Solapur,Solapur,Cotton,Medium Staple,FAQ,2026-07-29,5796,7377,6587,747
Maharashtra,Solapur,Solapur,Cotton,Medium Staple,FAQ,2026-07-28,5744,7311,6528,620
Maharashtra,Solapur,Solapur,Sugarcane,Co-86032,FAQ,2026-08-26,264,336,300,292
Maharashtra,Solapur,Solapur,Sugarcane,Co-86032,FAQ,2026-08-25,264,336,300,717
Maharashtra,Solapur,Solapur,Sugarcane,Co-86032,FAQ,2026-08-24,264,336,300,127
Maharashtra,Solapur,Solapur,Sugarcane,Co-86032,FAQ,2026-08-23,264,336,300,342
Maharashtra,Solapur,Solapur,Sugarcane,Co-86032,FAQ,2026-08-22,280,357,319,464
Maharashtra,Solapur,Solapur,Sugarcane,Co-86032,FAQ,2026-08-21,285,362,324,383
Maharashtra,Solapur,Solapur,Sugarcane,Co-86032,FAQ,2026-08-20,328,417,373,159
Maharashtra,Solapur,Solapur,Sugarcane,Co-86032,FAQ,2026-08-19,338,431,385,781
Maharashtra,Solapur,Solapur,Sugarcane,Co-86032,FAQ,2026-08-18,324,413,369,792
Maharashtra,Solapur,Solapur,Sugarcane,Co-86032,FAQ,2026-08-17,310,395,353,176
Maharashtra,Solapur,Solapur,Sugarcane,Co-86032,FAQ,2026-08-16,333,424,379,317
Maharashtra,Solapur,Solapur,Sugarcane,Co-86032,FAQ,2026-08-15,326,415,371,328
Maharashtra,Solapur,Solapur,Sugarcane,Co-86032,FAQ,2026-08-14,372,473,423,171
Maharashtra,Solapur,Solapur,Sugarcane,Co-86032,FAQ,2026-08-13,394,501,448,475
Maharashtra,Solapur,Solapur,Sugarcane,Co-86032,FAQ,2026-08-12,352,449,401,192
Maharashtra,Solapur,Solapur,Sugarcane,Co-86032,FAQ,2026-08-11,347,442,395,615
Maharashtra,Solapur,Solapur,Sugarcane,Co-86032,FAQ,2026-08-10,343,436,390,367
Maharashtra,Solapur,Solapur,Sugarcane,Co-86032,FAQ,2026-08-09,379,482,431,532
Maharashtra,Solapur,Solapur,Sugarcane,Co-86032,FAQ,2026-08-08,359,456,408,252
Maharashtra,Solapur,Solapur,Sugarcane,Co-86032,FAQ,2026-08-07,337,430,384,484
Maharashtra,Solapur,Solapur,Sugarcane,Co-86032,FAQ,2026-08-06,375,478,427,151
Maharashtra,Solapur,Solapur,Sugarcane,Co-86032,FAQ,2026-08-05,330,421,376,657
Maharashtra,Solapur,Solapur,Sugarcane,Co-86032,FAQ,2026-08-04,329,418,374,121
Maharashtra,Solapur,Solapur,Sugarcane,Co-86032,FAQ,2026-08-03,303,386,345,642
Maharashtra,Solapur,Solapur,Sugarcane,Co-86032,FAQ,2026-08-02,310,395,353,330
Maharashtra,Solapur,Solapur,Sugarcane,Co-86032,FAQ,2026-08-01,295,376,336,798
Maharashtra,Solapur,Solapur,Sugarcane,Co-86032,FAQ,2026-07-31,264,336,300,318
Maharashtra,Solapur,Solapur,Sugarcane,Co-86032,FAQ,2026-07-30,264,336,300,405
Maharashtra,Solapur,Solapur,Sugarcane,Co-86032,FAQ,2026-07-29,264,336,300,795
Maharashtra,Solapur,Solapur,Sugarcane,Co-86032,FAQ,2026-07-28,264,336,300,239
Maharashtra,Solapur,Solapur,Mustard,Black,FAQ,2026-08-26,4705,5988,5347,269
Maharashtra,Solapur,Solapur,Mustard,Black,FAQ,2026-08-25,4695,5976,5336,276
Maharashtra,Solapur,Solapur,Mustard,Black,FAQ,2026-08-24,4735,6026,5381,282
Maharashtra,Solapur,Solapur,Mustard,Black,FAQ,2026-08-23,4738,6031,5385,233
Maharashtra,Solapur,Solapur,Mustard,Yellow,FAQ,2026-08-22,4799,6108,5454,381
Maharashtra,Solapur,Solapur,Mustard,Yellow,FAQ,2026-08-21,4822,6137,5480,576
Maharashtra,Solapur,Solapur,Mustard,Black,FAQ,2026-08-20,4851,6174,5513,122
Maharashtra,Solapur,Solapur,Mustard,Yellow,FAQ,2026-08-19,4840,6160,5500,510
Maharashtra,Solapur,Solapur,Mustard,Black,FAQ,2026-08-18,4843,6164,5504,711
Maharashtra,Solapur,Solapur,Mustard,Yellow,FAQ,2026-08-17,4875,6204,5540,765
Maharashtra,Solapur,Solapur,Mustard,Black,FAQ,2026-08-16,4886,6219,5553,550
Maharashtra,Solapur,Solapur,Mustard,Black,FAQ,2026-08-15,4898,6235,5567,759
Maharashtra,Solapur,Solapur,Mustard,Yellow,FAQ,2026-08-14,4890,6223,5557,193
Maharashtra,Solapur,Solapur,Mustard,Yellow,FAQ,2026-08-13,4882,6213,5548,694
Maharashtra,Solapur,Solapur,Mustard,Black,FAQ,2026-08-12,4853,6176,5515,714
Maharashtra,Solapur,Solapur,Mustard,Yellow,FAQ,2026-08-11,4881,6212,5547,369
Maharashtra,Solapur,Solapur,Mustard,Yellow,FAQ,2026-08-10,4886,6219,5553,647
Maharashtra,Solapur,Solapur,Mustard,Black,FAQ,2026-08-09,4863,6190,5527,467
Maharashtra,Solapur,Solapur,Mustard,Black,FAQ,2026-08-08,4908,6247,5578,415
Maharashtra,Solapur,Solapur,Mustard,Black,FAQ,2026-08-07,4900,6237,5569,221
Maharashtra,Solapur,Solapur,Mustard,Yellow,FAQ,2026-08-06,4829,6146,5488,580
Maharashtra,Solapur,Solapur,Mustard,Yellow,FAQ,2026-08-05,4861,6186,5524,800
Maharashtra,Solapur,Solapur,Mustard,Yellow,FAQ,2026-08-04,4815,6128,5472,428
Maharashtra,Solapur,Solapur,Mustard,Yellow,FAQ,2026-08-03,4818,6133,5476,284
Maharashtra,Solapur,Solapur,Mustard,Yellow,FAQ,2026-08-02,4835,6154,5495,613
Maharashtra,Solapur,Solapur,Mustard,Black,FAQ,2026-08-01,4812,6125,5469,144
Maharashtra,Solapur,Solapur,Mustard,Yellow,FAQ,2026-07-31,4822,6137,5480,373
Maharashtra,Solapur,Solapur,Mustard,Yellow,FAQ,2026-07-30,4801,6110,5456,348
Maharashtra,Solapur,Solapur,Mustard,Yellow,FAQ,2026-07-29,4733,6024,5379,696
Maharashtra,Solapur,Solapur,Mustard,Yellow,FAQ,2026-07-28,4705,5988,5347,604
Maharashtra,Solapur,Solapur,Grapes,Thompson Seedless,FAQ,2026-08-26,4278,5445,4862,519
Maharashtra,Solapur,Solapur,Grapes,Thompson Seedless,FAQ,2026-08-25,4348,5533,4941,780
Maharashtra,Solapur,Solapur,Grapes,Thompson Seedless,FAQ,2026-08-24,4325,5504,4915,773
Maharashtra,Solapur,Solapur,Grapes,Thompson Seedless,FAQ,2026-08-23,4355,5542,4949,732
Maharashtra,Solapur,Solapur,Grapes,Thompson Seedless,FAQ,2026-08-22,4401,5602,5002,384
Maharashtra,Solapur,Solapur,Grapes,Thompson Seedless,FAQ,2026-08-21,4418,5623,5021,410
Maharashtra,Solapur,Solapur,Grapes,Thompson Seedless,FAQ,2026-08-20,4395,5594,4995,216
Maharashtra,Solapur,Solapur,Grapes,Thompson Seedless,FAQ,2026-08-19,4407,5608,5008,588
Maharashtra,Solapur,Solapur,Grapes,Thompson Seedless,FAQ,2026-08-18,4415,5620,5018,282
Maharashtra,Solapur,Solapur,Grapes,Thompson Seedless,FAQ,2026-08-17,4487,5710,5099,194
Maharashtra,Solapur,Solapur,Grapes,Thompson Seedless,FAQ,2026-08-16,4448,5661,5055,158
Maharashtra,Solapur,Solapur,Grapes,Thompson Seedless,FAQ,2026-08-15,4444,5657,5051,690
Maharashtra,Solapur,Solapur,Grapes,Thompson Seedless,FAQ,2026-08-14,4498,5725,5112,680
Maharashtra,Solapur,Solapur,Grapes,Thompson Seedless,FAQ,2026-08-13,4449,5662,5056,524
Maharashtra,Solapur,Solapur,Grapes,Thompson Seedless,FAQ,2026-08-12,4477,5698,5088,775
Maharashtra,Solapur,Solapur,Grapes,Thompson Seedless,FAQ,2026-08-11,4461,5678,5070,344
Maharashtra,Solapur,Solapur,Grapes,Thompson Seedless,FAQ,2026-08-10,4508,5737,5123,103
Maharashtra,Solapur,Solapur,Grapes,Thompson Seedless,FAQ,2026-08-09,4484,5707,5096,384
Maharashtra,Solapur,Solapur,Grapes,Thompson Seedless,FAQ,2026-08-08,4480,5701,5091,421
Maharashtra,Solapur,Solapur,Grapes,Thompson Seedless,FAQ,2026-08-07,4449,5662,5056,386
Maharashtra,Solapur,Solapur,Grapes,Thompson Seedless,FAQ,2026-08-06,4488,5713,5101,189
Maharashtra,Solapur,Solapur,Grapes,Thompson Seedless,FAQ,2026-08-05,4444,5656,5050,595
Maharashtra,Solapur,Solapur,Grapes,Thompson Seedless,FAQ,2026-08-04,4454,5669,5062,790
Maharashtra,Solapur,Solapur,Grapes,Thompson Seedless,FAQ,2026-08-03,4444,5657,5051,761
Maharashtra,Solapur,Solapur,Grapes,Thompson Seedless,FAQ,2026-08-02,4436,5647,5042,152
Maharashtra,Solapur,Solapur,Grapes,Thompson Seedless,FAQ,2026-08-01,4406,5607,5007,480
Maharashtra,Solapur,Solapur,Grapes,Thompson Seedless,FAQ,2026-07-31,4373,5566,4970,308
Maharashtra,Solapur,Solapur,Grapes,Thompson Seedless,FAQ,2026-07-30,4354,5541,4948,624
Maharashtra,Solapur,Solapur,Grapes,Thompson Seedless,FAQ,2026-07-29,4384,5579,4982,570
Maharashtra,Solapur,Solapur,Grapes,Thompson Seedless,FAQ,2026-07-28,4305,5480,4893,262
Maharashtra,Solapur,Solapur,Pomegranate,Bhagwa,FAQ,2026-08-26,5628,7163,6396,796
Maharashtra,Solapur,Solapur,Pomegranate,Bhagwa,FAQ,2026-08-25,5671,7218,6445,383
Maharashtra,Solapur,Solapur,Pomegranate,Bhagwa,FAQ,2026-08-24,5687,7238,6463,588
Maharashtra,Solapur,Solapur,Pomegranate,Bhagwa,FAQ,2026-08-23,5719,7278,6499,290
Maharashtra,Solapur,Solapur,Pomegranate,Bhagwa,FAQ,2026-08-22,5736,7301,6519,440
Maharashtra,Solapur,Solapur,Pomegranate,Bhagwa,FAQ,2026-08-21,5762,7333,6548,613
Maharashtra,Solapur,Solapur,Pomegranate,Bhagwa,FAQ,2026-08-20,5746,7313,6530,150
Maharashtra,Solapur,Solapur,Pomegranate,Bhagwa,FAQ,2026-08-19,5788,7367,6578,386
Maharashtra,Solapur,Solapur,Pomegranate,Bhagwa,FAQ,2026-08-18,5790,7369,6580,138
Maharashtra,Solapur,Solapur,Pomegranate,Bhagwa,FAQ,2026-08-17,5812,7397,6605,651
Maharashtra,Solapur,Solapur,Pomegranate,Bhagwa,FAQ,2026-08-16,5770,7343,6557,516
Maharashtra,Solapur,Solapur,Pomegranate,Bhagwa,FAQ,2026-08-15,5824,7413,6619,736
Maharashtra,Solapur,Solapur,Pomegranate,Bhagwa,FAQ,2026-08-14,5800,7381,6591,516
Maharashtra,Solapur,Solapur,Pomegranate,Bhagwa,FAQ,2026-08-13,5827,7416,6622,757
Maharashtra,Solapur,Solapur,Pomegranate,Bhagwa,FAQ,2026-08-12,5819,7406,6613,716
Maharashtra,Solapur,Solapur,Pomegranate,Bhagwa,FAQ,2026-08-11,5775,7350,6563,437
Maharashtra,Solapur,Solapur,Pomegranate,Bhagwa,FAQ,2026-08-10,5780,7357,6569,431
Maharashtra,Solapur,Solapur,Pomegranate,Bhagwa,FAQ,2026-08-09,5837,7428,6633,759
Maharashtra,Solapur,Solapur,Pomegranate,Bhagwa,FAQ,2026-08-08,5821,7408,6615,285
Maharashtra,Solapur,Solapur,Pomegranate,Bhagwa,FAQ,2026-08-07,5798,7379,6589,589
Maharashtra,Solapur,Solapur,Pomegranate,Bhagwa,FAQ,2026-08-06,5762,7333,6548,680
Maharashtra,Solapur,Solapur,Pomegranate,Bhagwa,FAQ,2026-08-05,5757,7328,6543,703
Maharashtra,Solapur,Solapur,Pomegranate,Bhagwa,FAQ,2026-08-04,5754,7323,6539,192
Maharashtra,Solapur,Solapur,Pomegranate,Bhagwa,FAQ,2026-08-03,5774,7349,6562,576
Maharashtra,Solapur,Solapur,Pomegranate,Bhagwa,FAQ,2026-08-02,5726,7287,6507,443
Maharashtra,Solapur,Solapur,Pomegranate,Bhagwa,FAQ,2026-08-01,5725,7286,6506,339
Maharashtra,Solapur,Solapur,Pomegranate,Bhagwa,FAQ,2026-07-31,5727,7290,6509,612
Maharashtra,Solapur,Solapur,Pomegranate,Bhagwa,FAQ,2026-07-30,5686,7237,6462,144
Maharashtra,Solapur,Solapur,Pomegranate,Bhagwa,FAQ,2026-07-29,5704,7259,6482,522
Maharashtra,Solapur,Solapur,Pomegranate,Bhagwa,FAQ,2026-07-28,5668,7215,6442,462
Maharashtra,Solapur,Pandharpur,Tomato,Local,FAQ,2026-08-26,1830,2329,2080,291
Maharashtra,Solapur,Pandharpur,Tomato,Hybrid,FAQ,2026-08-25,1885,2400,2143,394
Maharashtra,Solapur,Pandharpur,Tomato,Hybrid,FAQ,2026-08-24,1880,2393,2137,301
Maharashtra,Solapur,Pandharpur,Tomato,Hybrid,FAQ,2026-08-23,1941,2470,2206,658
Maharashtra,Solapur,Pandharpur,Tomato,Vaishali,FAQ,2026-08-22,1917,2440,2179,446
Maharashtra,Solapur,Pandharpur,Tomato,Hybrid,FAQ,2026-08-21,1911,2432,2172,538
Maharashtra,Solapur,Pandharpur,Tomato,Hybrid,FAQ,2026-08-20,1985,2526,2256,193
Maharashtra,Solapur,Pandharpur,Tomato,Local,FAQ,2026-08-19,1951,2484,2218,536
Maharashtra,Solapur,Pandharpur,Tomato,Hybrid,FAQ,2026-08-18,1966,2503,2235,673
Maharashtra,Solapur,Pandharpur,Tomato,Hybrid,FAQ,2026-08-17,2020,2571,2296,195
Maharashtra,Solapur,Pandharpur,Tomato,Local,FAQ,2026-08-16,1972,2509,2241,317
Maharashtra,Solapur,Pandharpur,Tomato,Hybrid,FAQ,2026-08-15,2027,2580,2304,182
Maharashtra,Solapur,Pandharpur,Tomato,Vaishali,FAQ,2026-08-14,1988,2531,2260,295
Maharashtra,Solapur,Pandharpur,Tomato,Local,FAQ,2026-08-13,2034,2589,2312,626
Maharashtra,Solapur,Pandharpur,Tomato,Hybrid,FAQ,2026-08-12,2047,2606,2327,579
Maharashtra,Solapur,Pandharpur,Tomato,Vaishali,FAQ,2026-08-11,2019,2570,2295,720
Maharashtra,Solapur,Pandharpur,Tomato,Local,FAQ,2026-08-10,2053,2614,2334,634
Maharashtra,Solapur,Pandharpur,Tomato,Hybrid,FAQ,2026-08-09,2022,2573,2298,739
Maharashtra,Solapur,Pandharpur,Tomato,Hybrid,FAQ,2026-08-08,2022,2573,2298,282
Maharashtra,Solapur,Pandharpur,Tomato,Hybrid,FAQ,2026-08-07,1980,2521,2251,262
Maharashtra,Solapur,Pandharpur,Tomato,Local,FAQ,2026-08-06,1994,2539,2267,536
Maharashtra,Solapur,Pandharpur,Tomato,Hybrid,FAQ,2026-08-05,2006,2553,2280,226
Maharashtra,Solapur,Pandharpur,Tomato,Local,FAQ,2026-08-04,1994,2537,2266,120
Maharashtra,Solapur,Pandharpur,Tomato,Hybrid,FAQ,2026-08-03,1991,2534,2263,629
Maharashtra,Solapur,Pandharpur,Tomato,Local,FAQ,2026-08-02,1936,2464,2200,189
Maharashtra,Solapur,Pandharpur,Tomato,Hybrid,FAQ,2026-08-01,1947,2478,2213,511
Maharashtra,Solapur,Pandharpur,Tomato,Vaishali,FAQ,2026-07-31,1899,2416,2158,551
Maharashtra,Solapur,Pandharpur,Tomato,Hybrid,FAQ,2026-07-30,1877,2388,2133,518
Maharashtra,Solapur,Pandharpur,Tomato,Hybrid,FAQ,2026-07-29,1910,2431,2171,557
Maharashtra,Solapur,Pandharpur,Tomato,Vaishali,FAQ,2026-07-28,1861,2368,2115,367
Maharashtra,Solapur,Pandharpur,Onion,Red,FAQ,2026-08-26,1512,1925,1719,427
Maharashtra,Solapur,Pandharpur,Onion,Red,FAQ,2026-08-25,1589,2022,1806,640
Maharashtra,Solapur,Pandharpur,Onion,White,FAQ,2026-08-24,1569,1996,1783,108
Maharashtra,Solapur,Pandharpur,Onion,Red,FAQ,2026-08-23,1591,2024,1808,462
Maharashtra,Solapur,Pandharpur,Onion,White,FAQ,2026-08-22,1645,2094,1870,129
Maharashtra,Solapur,Pandharpur,Onion,Garwa,FAQ,2026-08-21,1642,2089,1866,391
Maharashtra,Solapur,Pandharpur,Onion,Red,FAQ,2026-08-20,1628,2073,1851,307
Maharashtra,Solapur,Pandharpur,Onion,White,FAQ,2026-08-19,1656,2107,1882,260
Maharashtra,Solapur,Pandharpur,Onion,White,FAQ,2026-08-18,1701,2164,1933,217
Maharashtra,Solapur,Pandharpur,Onion,Red,FAQ,2026-08-17,1721,2190,1956,685
Maharashtra,Solapur,Pandharpur,Onion,Garwa,FAQ,2026-08-16,1693,2154,1924,252
Maharashtra,Solapur,Pandharpur,Onion,Red,FAQ,2026-08-15,1689,2150,1920,437
Maharashtra,Solapur,Pandharpur,Onion,Red,FAQ,2026-08-14,1675,2132,1904,488
Maharashtra,Solapur,Pandharpur,Onion,Garwa,FAQ,2026-08-13,1685,2144,1915,192
Maharashtra,Solapur,Pandharpur,Onion,Red,FAQ,2026-08-12,1729,2200,1965,658
Maharashtra,Solapur,Pandharpur,Onion,Garwa,FAQ,2026-08-11,1714,2181,1948,764
Maharashtra,Solapur,Pandharpur,Onion,White,FAQ,2026-08-10,1693,2154,1924,705
Maharashtra,Solapur,Pandharpur,Onion,White,FAQ,2026-08-09,1729,2200,1965,213
Maharashtra,Solapur,Pandharpur,Onion,White,FAQ,2026-08-08,1710,2177,1944,484
Maharashtra,Solapur,Pandharpur,Onion,Red,FAQ,2026-08-07,1691,2152,1922,642
Maharashtra,Solapur,Pandharpur,Onion,White,FAQ,2026-08-06,1701,2166,1934,532
Maharashtra,Solapur,Pandharpur,Onion,Red,FAQ,2026-08-05,1723,2192,1958,456
Maharashtra,Solapur,Pandharpur,Onion,Red,FAQ,2026-08-04,1677,2134,1906,390
Maharashtra,Solapur,Pandharpur,Onion,White,FAQ,2026-08-03,1636,2083,1860,723
Maharashtra,Solapur,Pandharpur,Onion,White,FAQ,2026-08-02,1637,2084,1861,219
Maharashtra,Solapur,Pandharpur,Onion,Red,FAQ,2026-08-01,1647,2096,1872,424
Maharashtra,Solapur,Pandharpur,Onion,Red,FAQ,2026-07-31,1618,2059,1839,577
Maharashtra,Solapur,Pandharpur,Onion,Garwa,FAQ,2026-07-30,1633,2078,1856,529
Maharashtra,Solapur,Pandharpur,Onion,Garwa,FAQ,2026-07-29,1584,2016,1800,411
Maharashtra,Solapur,Pandharpur,Onion,White,FAQ,2026-07-28,1558,1983,1771,467
Maharashtra,Solapur,Pandharpur,Wheat,Sharbati,FAQ,2026-08-26,2065,2628,2347,281
Maharashtra,Solapur,Pandharpur,Wheat,FAQ,FAQ,2026-08-25,2109,2684,2397,470
Maharashtra,Solapur,Pandharpur,Wheat,FAQ,FAQ,2026-08-24,2134,2716,2425,540
Maharashtra,Solapur,Pandharpur,Wheat,Lok-1,FAQ,2026-08-23,2124,2703,2414,205
Maharashtra,Solapur,Pandharpur,Wheat,FAQ,FAQ,2026-08-22,2163,2754,2459,551
Maharashtra,Solapur,Pandharpur,Wheat,Sharbati,FAQ,2026-08-21,2200,2800,2500,374
Maharashtra,Solapur,Pandharpur,Wheat,Sharbati,FAQ,2026-08-20,2170,2763,2467,139
Maharashtra,Solapur,Pandharpur,Wheat,Sharbati,FAQ,2026-08-19,2166,2757,2462,497
Maharashtra,Solapur,Pandharpur,Wheat,Sharbati,FAQ,2026-08-18,2178,2773,2476,279
Maharashtra,Solapur,Pandharpur,Wheat,Lok-1,FAQ,2026-08-17,2193,2792,2493,476
Maharashtra,Solapur,Pandharpur,Wheat,Lok-1,FAQ,2026-08-16,2203,2804,2504,379
Maharashtra,Solapur,Pandharpur,Wheat,Lok-1,FAQ,2026-08-15,2234,2843,2539,531
Maharashtra,Solapur,Pandharpur,Wheat,FAQ,FAQ,2026-08-14,2214,2817,2516,312
Maharashtra,Solapur,Pandharpur,Wheat,Sharbati,FAQ,2026-08-13,2221,2826,2524,161
Maharashtra,Solapur,Pandharpur,Wheat,Sharbati,FAQ,2026-08-12,2271,2890,2581,754
Maharashtra,Solapur,Pandharpur,Wheat,FAQ,FAQ,2026-08-11,2249,2862,2556,102
Maharashtra,Solapur,Pandharpur,Wheat,Sharbati,FAQ,2026-08-10,2238,2849,2544,488
Maharashtra,Solapur,Pandharpur,Wheat,FAQ,FAQ,2026-08-09,2273,2892,2583,497
Maharashtra,Solapur,Pandharpur,Wheat,Lok-1,FAQ,2026-08-08,2208,2811,2510,118
Maharashtra,Solapur,Pandharpur,Wheat,FAQ,FAQ,2026-08-07,2236,2847,2542,209
Maharashtra,Solapur,Pandharpur,Wheat,Lok-1,FAQ,2026-08-06,2208,2811,2510,418
Maharashtra,Solapur,Pandharpur,Wheat,Lok-1,FAQ,2026-08-05,2241,2852,2547,462
Maharashtra,Solapur,Pandharpur,Wheat,Sharbati,FAQ,2026-08-04,2236,2845,2541,365
Maharashtra,Solapur,Pandharpur,Wheat,Lok-1,FAQ,2026-08-03,2158,2747,2453,648
Maharashtra,Solapur,Pandharpur,Wheat,FAQ,FAQ,2026-08-02,2177,2770,2474,756
Maharashtra,Solapur,Pandharpur,Wheat,Sharbati,FAQ,2026-08-01,2186,2783,2485,435
Maharashtra,Solapur,Pandharpur,Wheat,Lok-1,FAQ,2026-07-31,2146,2731,2439,767
Maharashtra,Solapur,Pandharpur,Wheat,FAQ,FAQ,2026-07-30,2152,2739,2446,439
Maharashtra,Solapur,Pandharpur,Wheat,Sharbati,FAQ,2026-07-29,2124,2703,2414,446
Maharashtra,Solapur,Pandharpur,Wheat,Sharbati,FAQ,2026-07-28,2092,2663,2378,685
Maharashtra,Solapur,Pandharpur,Rice,Swarna,FAQ,2026-08-26,2203,2804,2504,235
Maharashtra,Solapur,Pandharpur,Rice,Basmati,FAQ,2026-08-25,2210,2813,2512,261
Maharashtra,Solapur,Pandharpur,Rice,Basmati,FAQ,2026-08-24,2238,2849,2544,393
Maharashtra,Solapur,Pandharpur,Rice,Swarna,FAQ,2026-08-23,2231,2840,2536,548
Maharashtra,Solapur,Pandharpur,Rice,Basmati,FAQ,2026-08-22,2257,2872,2565,225
Maharashtra,Solapur,Pandharpur,Rice,Basmati,FAQ,2026-08-21,2307,2936,2622,768
Maharashtra,Solapur,Pandharpur,Rice,Swarna,FAQ,2026-08-20,2341,2980,2661,160
Maharashtra,Solapur,Pandharpur,Rice,Basmati,FAQ,2026-08-19,2323,2956,2640,156
Maharashtra,Solapur,Pandharpur,Rice,Swarna,FAQ,2026-08-18,2327,2962,2645,757
Maharashtra,Solapur,Pandharpur,Rice,Basmati,FAQ,2026-08-17,2316,2947,2632,695
Maharashtra,Solapur,Pandharpur,Rice,Basmati,FAQ,2026-08-16,2384,3035,2710,110
Maharashtra,Solapur,Pandharpur,Rice,Swarna,FAQ,2026-08-15,2348,2989,2669,722
Maharashtra,Solapur,Pandharpur,Rice,Paddy(Dpr),FAQ,2026-08-14,2349,2990,2670,735
Maharashtra,Solapur,Pandharpur,Rice,Swarna,FAQ,2026-08-13,2406,3063,2735,609
Maharashtra,Solapur,Pandharpur,Rice,Swarna,FAQ,2026-08-12,2361,3004,2683,745
Maharashtra,Solapur,Pandharpur,Rice,Swarna,FAQ,2026-08-11,2352,2993,2673,402
Maharashtra,Solapur,Pandharpur,Rice,Basmati,FAQ,2026-08-10,2362,3007,2685,771
Maharashtra,Solapur,Pandharpur,Rice,Swarna,FAQ,2026-08-09,2338,2975,2657,715
Maharashtra,Solapur,Pandharpur,Rice,Paddy(Dpr),FAQ,2026-08-08,2401,3056,2729,716
Maharashtra,Solapur,Pandharpur,Rice,Paddy(Dpr),FAQ,2026-08-07,2388,3039,2714,425
Maharashtra,Solapur,Pandharpur,Rice,Basmati,FAQ,2026-08-06,2332,2968,2650,612
Maharashtra,Solapur,Pandharpur,Rice,Basmati,FAQ,2026-08-05,2354,2996,2675,408
Maharashtra,Solapur,Pandharpur,Rice,Swarna,FAQ,2026-08-04,2359,3002,2681,145
Maharashtra,Solapur,Pandharpur,Rice,Basmati,FAQ,2026-08-03,2338,2975,2657,102
Maharashtra,Solapur,Pandharpur,Rice,Swarna,FAQ,2026-08-02,2304,2933,2619,186
Maharashtra,Solapur,Pandharpur,Rice,Basmati,FAQ,2026-08-01,2279,2900,2590,715
Maharashtra,Solapur,Pandharpur,Rice,Basmati,FAQ,2026-07-31,2315,2946,2631,603
Maharashtra,Solapur,Pandharpur,Rice,Paddy(Dpr),FAQ,2026-07-30,2244,2857,2551,274
Maharashtra,Solapur,Pandharpur,Rice,Swarna,FAQ,2026-07-29,2255,2870,2563,125
Maharashtra,Solapur,Pandharpur,Rice,Paddy(Dpr),FAQ,2026-07-28,2215,2820,2518,225
Maharashtra,Solapur,Pandharpur,Potato,Jyoti,FAQ,2026-08-26,1261,1606,1434,774
Maharashtra,Solapur,Pandharpur,Potato,Jyoti,FAQ,2026-08-25,1246,1585,1416,292
Maharashtra,Solapur,Pandharpur,Potato,Jyoti,FAQ,2026-08-24,1285,1636,1461,527
Maharashtra,Solapur,Pandharpur,Potato,Kufri,FAQ,2026-08-23,1262,1607,1435,604
Maharashtra,Solapur,Pandharpur,Potato,Jyoti,FAQ,2026-08-22,1312,1669,1491,499
Maharashtra,Solapur,Pandharpur,Potato,Kufri,FAQ,2026-08-21,1314,1673,1494,416
Maharashtra,Solapur,Pandharpur,Potato,Kufri,FAQ,2026-08-20,1348,1715,1532,274
Maharashtra,Solapur,Pandharpur,Potato,Kufri,FAQ,2026-08-19,1335,1700,1518,468
Maharashtra,Solapur,Pandharpur,Potato,Kufri,FAQ,2026-08-18,1362,1733,1548,533
Maharashtra,Solapur,Pandharpur,Potato,Kufri,FAQ,2026-08-17,1378,1753,1566,264
Maharashtra,Solapur,Pandharpur,Potato,Jyoti,FAQ,2026-08-16,1419,1806,1613,185
Maharashtra,Solapur,Pandharpur,Potato,Jyoti,FAQ,2026-08-15,1423,1812,1618,189
Maharashtra,Solapur,Pandharpur,Potato,Jyoti,FAQ,2026-08-14,1404,1787,1596,662
Maharashtra,Solapur,Pandharpur,Potato,Jyoti,FAQ,2026-08-13,1435,1826,1631,261
Maharashtra,Solapur,Pandharpur,Potato,Jyoti,FAQ,2026-08-12,1395,1776,1586,224
Maharashtra,Solapur,Pandharpur,Potato,Kufri,FAQ,2026-08-11,1427,1816,1622,202
Maharashtra,Solapur,Pandharpur,Potato,Kufri,FAQ,2026-08-10,1442,1835,1639,709
Maharashtra,Solapur,Pandharpur,Potato,Kufri,FAQ,2026-08-09,1409,1794,1602,314
Maharashtra,Solapur,Pandharpur,Potato,Jyoti,FAQ,2026-08-08,1400,1783,1592,166
Maharashtra,Solapur,Pandharpur,Potato,Jyoti,FAQ,2026-08-07,1390,1769,1580,661
Maharashtra,Solapur,Pandharpur,Potato,Kufri,FAQ,2026-08-06,1382,1759,1571,327
Maharashtra,Solapur,Pandharpur,Potato,Jyoti,FAQ,2026-08-05,1393,1774,1584,550
Maharashtra,Solapur,Pandharpur,Potato,Kufri,FAQ,2026-08-04,1344,1711,1528,348
Maharashtra,Solapur,Pandharpur,Potato,Kufri,FAQ,2026-08-03,1331,1694,1513,115
Maharashtra,Solapur,Pandharpur,Potato,Kufri,FAQ,2026-08-02,1341,1706,1524,673
Maharashtra,Solapur,Pandharpur,Potato,Jyoti,FAQ,2026-08-01,1336,1701,1519,408
Maharashtra,Solapur,Pandharpur,Potato,Kufri,FAQ,2026-07-31,1307,1664,1486,469
Maharashtra,Solapur,Pandharpur,Potato,Jyoti,FAQ,2026-07-30,1281,1630,1456,191
Maharashtra,Solapur,Pandharpur,Potato,Jyoti,FAQ,2026-07-29,1247,1588,1418,113
Maharashtra,Solapur,Pandharpur,Potato,Kufri,FAQ,2026-07-28,1269,1616,1443,394
Maharashtra,Solapur,Pandharpur,Soyabean,JS-335,FAQ,2026-08-26,3801,4838,4320,377
Maharashtra,Solapur,Pandharpur,Soyabean,JS-335,FAQ,2026-08-25,3778,4809,4294,661
Maharashtra,Solapur,Pandharpur,Soyabean,JS-335,FAQ,2026-08-24,3833,4878,4356,508
Maharashtra,Solapur,Pandharpur,Soyabean,Yellow,FAQ,2026-08-23,3852,4903,4378,589
Maharashtra,Solapur,Pandharpur,Soyabean,Yellow,FAQ,2026-08-22,3878,4935,4407,353
Maharashtra,Solapur,Pandharpur,Soyabean,Yellow,FAQ,2026-08-21,3909,4976,4443,582
Maharashtra,Solapur,Pandharpur,Soyabean,Yellow,FAQ,2026-08-20,3883,4942,4413,482
Maharashtra,Solapur,Pandharpur,Soyabean,Yellow,FAQ,2026-08-19,3938,5012,4475,771
Maharashtra,Solapur,Pandharpur,Soyabean,JS-335,FAQ,2026-08-18,3933,5006,4470,715
Maharashtra,Solapur,Pandharpur,Soyabean,JS-335,FAQ,2026-08-17,3909,4976,4443,417
Maharashtra,Solapur,Pandharpur,Soyabean,JS-335,FAQ,2026-08-16,3954,5033,4494,669
Maharashtra,Solapur,Pandharpur,Soyabean,JS-335,FAQ,2026-08-15,3924,4995,4460,266
Maharashtra,Solapur,Pandharpur,Soyabean,Yellow,FAQ,2026-08-14,3923,4994,4459,292
Maharashtra,Solapur,Pandharpur,Soyabean,JS-335,FAQ,2026-08-13,3930,5003,4467,513
Maharashtra,Solapur,Pandharpur,Soyabean,Yellow,FAQ,2026-08-12,3959,5038,4499,571
Maharashtra,Solapur,Pandharpur,Soyabean,JS-335,FAQ,2026-08-11,3958,5037,4498,272
Maharashtra,Solapur,Pandharpur,Soyabean,Yellow,FAQ,2026-08-10,3960,5041,4501,356
Maharashtra,Solapur,Pandharpur,Soyabean,Yellow,FAQ,2026-08-09,3952,5029,4491,394
Maharashtra,Solapur,Pandharpur,Soyabean,Yellow,FAQ,2026-08-08,3928,4999,4464,293
Maharashtra,Solapur,Pandharpur,Soyabean,JS-335,FAQ,2026-08-07,3929,5000,4465,660
Maharashtra,Solapur,Pandharpur,Soyabean,Yellow,FAQ,2026-08-06,3909,4976,4443,752
Maharashtra,Solapur,Pandharpur,Soyabean,Yellow,FAQ,2026-08-05,3931,5004,4468,530
Maharashtra,Solapur,Pandharpur,Soyabean,JS-335,FAQ,2026-08-04,3916,4985,4451,249
Maharashtra,Solapur,Pandharpur,Soyabean,Yellow,FAQ,2026-08-03,3944,5019,4482,593
Maharashtra,Solapur,Pandharpur,Soyabean,Yellow,FAQ,2026-08-02,3919,4988,4454,113
Maharashtra,Solapur,Pandharpur,Soyabean,JS-335,FAQ,2026-08-01,3870,4925,4398,226
Maharashtra,Solapur,Pandharpur,Soyabean,Yellow,FAQ,2026-07-31,3870,4925,4398,145
Maharashtra,Solapur,Pandharpur,Soyabean,JS-335,FAQ,2026-07-30,3843,4892,4368,556
Maharashtra,Solapur,Pandharpur,Soyabean,JS-335,FAQ,2026-07-29,3861,4914,4388,459
Maharashtra,Solapur,Pandharpur,Soyabean,Yellow,FAQ,2026-07-28,3839,4886,4363,321
Maharashtra,Solapur,Pandharpur,Maize,Yellow,FAQ,2026-08-26,1616,2057,1837,369
Maharashtra,Solapur,Pandharpur,Maize,Yellow,FAQ,2026-08-25,1642,2091,1867,479
Maharashtra,Solapur,Pandharpur,Maize,Yellow,FAQ,2026-08-24,1659,2112,1886,113
Maharashtra,Solapur,Pandharpur,Maize,Yellow,FAQ,2026-08-23,1702,2167,1935,618
Maharashtra,Solapur,Pandharpur,Maize,Yellow,FAQ,2026-08-22,1742,2217,1980,333
Maharashtra,Solapur,Pandharpur,Maize,Yellow,FAQ,2026-08-21,1728,2199,1964,279
Maharashtra,Solapur,Pandharpur,Maize,Yellow,FAQ,2026-08-20,1708,2173,1941,735
Maharashtra,Solapur,Pandharpur,Maize,Yellow,FAQ,2026-08-19,1734,2207,1971,448
Maharashtra,Solapur,Pandharpur,Maize,Yellow,FAQ,2026-08-18,1800,2291,2046,110
Maharashtra,Solapur,Pandharpur,Maize,Yellow,FAQ,2026-08-17,1790,2279,2035,274
Maharashtra,Solapur,Pandharpur,Maize,Hybrid,FAQ,2026-08-16,1804,2297,2051,430
Maharashtra,Solapur,Pandharpur,Maize,Yellow,FAQ,2026-08-15,1781,2266,2024,580
Maharashtra,Solapur,Pandharpur,Maize,Yellow,FAQ,2026-08-14,1822,2319,2071,337
Maharashtra,Solapur,Pandharpur,Maize,Hybrid,FAQ,2026-08-13,1828,2327,2078,182
Maharashtra,Solapur,Pandharpur,Maize,Hybrid,FAQ,2026-08-12,1779,2264,2022,712
Maharashtra,Solapur,Pandharpur,Maize,Hybrid,FAQ,2026-08-11,1788,2275,2032,337
Maharashtra,Solapur,Pandharpur,Maize,Yellow,FAQ,2026-08-10,1818,2313,2066,354
Maharashtra,Solapur,Pandharpur,Maize,Yellow,FAQ,2026-08-09,1804,2296,2050,377
Maharashtra,Solapur,Pandharpur,Maize,Yellow,FAQ,2026-08-08,1789,2276,2033,318
Maharashtra,Solapur,Pandharpur,Maize,Yellow,FAQ,2026-08-07,1804,2297,2051,120
Maharashtra,Solapur,Pandharpur,Maize,Hybrid,FAQ,2026-08-06,1763,2244,2004,697
Maharashtra,Solapur,Pandharpur,Maize,Yellow,FAQ,2026-08-05,1753,2232,1993,238
Maharashtra,Solapur,Pandharpur,Maize,Hybrid,FAQ,2026-08-04,1798,2289,2044,244
Maharashtra,Solapur,Pandharpur,Maize,Hybrid,FAQ,2026-08-03,1756,2235,1996,631
Maharashtra,Solapur,Pandharpur,Maize,Yellow,FAQ,2026-08-02,1750,2227,1989,253
Maharashtra,Solapur,Pandharpur,Maize,Yellow,FAQ,2026-08-01,1737,2210,1974,344
Maharashtra,Solapur,Pandharpur,Maize,Hybrid,FAQ,2026-07-31,1699,2162,1931,132
Maharashtra,Solapur,Pandharpur,Maize,Yellow,FAQ,2026-07-30,1694,2157,1926,607
Maharashtra,Solapur,Pandharpur,Maize,Hybrid,FAQ,2026-07-29,1640,2087,1864,309
Maharashtra,Solapur,Pandharpur,Maize,Hybrid,FAQ,2026-07-28,1647,2096,1872,469
Maharashtra,Solapur,Pandharpur,Cotton,Medium Staple,FAQ,2026-08-26,5713,7272,6493,706
Maharashtra,Solapur,Pandharpur,Cotton,Medium Staple,FAQ,2026-08-25,5760,7331,6546,560
Maharashtra,Solapur,Pandharpur,Cotton,Medium Staple,FAQ,2026-08-24,5744,7311,6528,619
Maharashtra,Solapur,Pandharpur,Cotton,Medium Staple,FAQ,2026-08-23,5808,7392,6600,767
Maharashtra,Solapur,Pandharpur,Cotton,Medium Staple,FAQ,2026-08-22,5777,7352,6565,538
Maharashtra,Solapur,Pandharpur,Cotton,Medium Staple,FAQ,2026-08-21,5825,7414,6620,102
Maharashtra,Solapur,Pandharpur,Cotton,Medium Staple,FAQ,2026-08-20,5866,7465,6666,104
Maharashtra,Solapur,Pandharpur,Cotton,Medium Staple,FAQ,2026-08-19,5840,7433,6637,667
Maharashtra,Solapur,Pandharpur,Cotton,Medium Staple,FAQ,2026-08-18,5859,7458,6659,344
Maharashtra,Solapur,Pandharpur,Cotton,Medium Staple,FAQ,2026-08-17,5863,7462,6663,580
Maharashtra,Solapur,Pandharpur,Cotton,Medium Staple,FAQ,2026-08-16,5902,7511,6707,695
Maharashtra,Solapur,Pandharpur,Cotton,Medium Staple,FAQ,2026-08-15,5909,7520,6715,227
Maharashtra,Solapur,Pandharpur,Cotton,Medium Staple,FAQ,2026-08-14,5895,7502,6699,462
Maharashtra,Solapur,Pandharpur,Cotton,Medium Staple,FAQ,2026-08-13,5911,7524,6718,314
Maharashtra,Solapur,Pandharpur,Cotton,Medium Staple,FAQ,2026-08-12,5929,7546,6738,227
Maharashtra,Solapur,Pandharpur,Cotton,Medium Staple,FAQ,2026-08-11,5883,7488,6686,225
Maharashtra,Solapur,Pandharpur,Cotton,Medium Staple,FAQ,2026-08-10,5891,7498,6695,668
Maharashtra,Solapur,Pandharpur,Cotton,Medium Staple,FAQ,2026-08-09,5915,7528,6722,476
Maharashtra,Solapur,Pandharpur,Cotton,Medium Staple,FAQ,2026-08-08,5909,7520,6715,229
Maharashtra,Solapur,Pandharpur,Cotton,Medium Staple,FAQ,2026-08-07,5878,7481,6680,631
Maharashtra,Solapur,Pandharpur,Cotton,Medium Staple,FAQ,2026-08-06,5896,7504,6700,489
Maharashtra,Solapur,Pandharpur,Cotton,Medium Staple,FAQ,2026-08-05,5841,7434,6638,371
Maharashtra,Solapur,Pandharpur,Cotton,Medium Staple,FAQ,2026-08-04,5881,7484,6683,172
Maharashtra,Solapur,Pandharpur,Cotton,Medium Staple,FAQ,2026-08-03,5840,7433,6637,680
Maharashtra,Solapur,Pandharpur,Cotton,Medium Staple,FAQ,2026-08-02,5841,7434,6638,562
Maharashtra,Solapur,Pandharpur,Cotton,Medium Staple,FAQ,2026-08-01,5800,7381,6591,380
Maharashtra,Solapur,Pandharpur,Cotton,Medium Staple,FAQ,2026-07-31,5806,7389,6598,664
Maharashtra,Solapur,Pandharpur,Cotton,Medium Staple,FAQ,2026-07-30,5756,7327,6542,238
Maharashtra,Solapur,Pandharpur,Cotton,Medium Staple,FAQ,2026-07-29,5734,7297,6516,478
Maharashtra,Solapur,Pandharpur,Cotton,Medium Staple,FAQ,2026-07-28,5774,7349,6562,427
Maharashtra,Solapur,Pandharpur,Sugarcane,Co-86032,FAQ,2026-08-26,264,336,300,395
Maharashtra,Solapur,Pandharpur,Sugarcane,Co-86032,FAQ,2026-08-25,264,336,300,181
Maharashtra,Solapur,Pandharpur,Sugarcane,Co-86032,FAQ,2026-08-24,264,336,300,307
Maharashtra,Solapur,Pandharpur,Sugarcane,Co-86032,FAQ,2026-08-23,264,336,300,106
Maharashtra,Solapur,Pandharpur,Sugarcane,Co-86032,FAQ,2026-08-22,280,357,319,246
Maharashtra,Solapur,Pandharpur,Sugarcane,Co-86032,FAQ,2026-08-21,304,387,346,218
Maharashtra,Solapur,Pandharpur,Sugarcane,Co-86032,FAQ,2026-08-20,278,353,316,175
Maharashtra,Solapur,Pandharpur,Sugarcane,Co-86032,FAQ,2026-08-19,292,371,332,149
Maharashtra,Solapur,Pandharpur,Sugarcane,Co-86032,FAQ,2026-08-18,308,393,351,155
Maharashtra,Solapur,Pandharpur,Sugarcane,Co-86032,FAQ,2026-08-17,313,398,356,170
Maharashtra,Solapur,Pandharpur,Sugarcane,Co-86032,FAQ,2026-08-16,359,456,408,589
Maharashtra,Solapur,Pandharpur,Sugarcane,Co-86032,FAQ,2026-08-15,337,430,384,475
Maharashtra,Solapur,Pandharpur,Sugarcane,Co-86032,FAQ,2026-08-14,395,502,449,379
Maharashtra,Solapur,Pandharpur,Sugarcane,Co-86032,FAQ,2026-08-13,332,423,378,299
Maharashtra,Solapur,Pandharpur,Sugarcane,Co-86032,FAQ,2026-08-12,359,456,408,498
Maharashtra,Solapur,Pandharpur,Sugarcane,Co-86032,FAQ,2026-08-11,377,480,429,748
Maharashtra,Solapur,Pandharpur,Sugarcane,Co-86032,FAQ,2026-08-10,403,512,458,287
Maharashtra,Solapur,Pandharpur,Sugarcane,Co-86032,FAQ,2026-08-09,353,450,402,728
Maharashtra,Solapur,Pandharpur,Sugarcane,Co-86032,FAQ,2026-08-08,336,427,382,677
Maharashtra,Solapur,Pandharpur,Sugarcane,Co-86032,FAQ,2026-08-07,381,486,434,729
Maharashtra,Solapur,Pandharpur,Sugarcane,Co-86032,FAQ,2026-08-06,322,411,367,415
Maharashtra,Solapur,Pandharpur,Sugarcane,Co-86032,FAQ,2026-08-05,376,479,428,483
Maharashtra,Solapur,Pandharpur,Sugarcane,Co-86032,FAQ,2026-08-04,353,450,402,668
Maharashtra,Solapur,Pandharpur,Sugarcane,Co-86032,FAQ,2026-08-03,348,443,396,358
Maharashtra,Solapur,Pandharpur,Sugarcane,Co-86032,FAQ,2026-08-02,315,402,359,250
Maharashtra,Solapur,Pandharpur,Sugarcane,Co-86032,FAQ,2026-08-01,292,371,332,180
Maharashtra,Solapur,Pandharpur,Sugarcane,Co-86032,FAQ,2026-07-31,278,355,317,601
Maharashtra,Solapur,Pandharpur,Sugarcane,Co-86032,FAQ,2026-07-30,291,370,331,505
Maharashtra,Solapur,Pandharpur,Sugarcane,Co-86032,FAQ,2026-07-29,264,336,300,559
Maharashtra,Solapur,Pandharpur,Sugarcane,Co-86032,FAQ,2026-07-28,264,336,300,512
Maharashtra,Solapur,Pandharpur,Mustard,Black,FAQ,2026-08-26,4742,6035,5389,763
Maharashtra,Solapur,Pandharpur,Mustard,Black,FAQ,2026-08-25,4760,6059,5410,557
Maharashtra,Solapur,Pandharpur,Mustard,Yellow,FAQ,2026-08-24,4753,6050,5402,124
Maharashtra,Solapur,Pandharpur,Mustard,Black,FAQ,2026-08-23,4759,6056,5408,395
Maharashtra,Solapur,Pandharpur,Mustard,Black,FAQ,2026-08-22,4797,6106,5452,578
Maharashtra,Solapur,Pandharpur,Mustard,Yellow,FAQ,2026-08-21,4797,6106,5452,125
Maharashtra,Solapur,Pandharpur,Mustard,Black,FAQ,2026-08-20,4852,6175,5514,496
Maharashtra,Solapur,Pandharpur,Mustard,Yellow,FAQ,2026-08-19,4812,6125,5469,697
Maharashtra,Solapur,Pandharpur,Mustard,Black,FAQ,2026-08-18,4853,6176,5515,731
Maharashtra,Solapur,Pandharpur,Mustard,Yellow,FAQ,2026-08-17,4836,6155,5496,795
Maharashtra,Solapur,Pandharpur,Mustard,Black,FAQ,2026-08-16,4891,6226,5559,164
Maharashtra,Solapur,Pandharpur,Mustard,Yellow,FAQ,2026-08-15,4835,6154,5495,790
Maharashtra,Solapur,Pandharpur,Mustard,Yellow,FAQ,2026-08-14,4886,6219,5553,338
Maharashtra,Solapur,Pandharpur,Mustard,Black,FAQ,2026-08-13,4854,6179,5517,388
Maharashtra,Solapur,Pandharpur,Mustard,Black,FAQ,2026-08-12,4867,6194,5531,447
Maharashtra,Solapur,Pandharpur,Mustard,Yellow,FAQ,2026-08-11,4851,6174,5513,668
Maharashtra,Solapur,Pandharpur,Mustard,Yellow,FAQ,2026-08-10,4860,6185,5523,317
Maharashtra,Solapur,Pandharpur,Mustard,Black,FAQ,2026-08-09,4868,6195,5532,241
Maharashtra,Solapur,Pandharpur,Mustard,Yellow,FAQ,2026-08-08,4887,6220,5554,282
Maharashtra,Solapur,Pandharpur,Mustard,Yellow,FAQ,2026-08-07,4884,6216,5550,465
Maharashtra,Solapur,Pandharpur,Mustard,Yellow,FAQ,2026-08-06,4884,6216,5550,700
Maharashtra,Solapur,Pandharpur,Mustard,Yellow,FAQ,2026-08-05,4885,6218,5552,699
Maharashtra,Solapur,Pandharpur,Mustard,Black,FAQ,2026-08-04,4824,6139,5482,298
Maharashtra,Solapur,Pandharpur,Mustard,Yellow,FAQ,2026-08-03,4858,6183,5521,350
Maharashtra,Solapur,Pandharpur,Mustard,Black,FAQ,2026-08-02,4814,6127,5471,353
Maharashtra,Solapur,Pandharpur,Mustard,Yellow,FAQ,2026-08-01,4826,6143,5485,239
Maharashtra,Solapur,Pandharpur,Mustard,Black,FAQ,2026-07-31,4803,6114,5459,373
Maharashtra,Solapur,Pandharpur,Mustard,Yellow,FAQ,2026-07-30,4769,6070,5420,290
Maharashtra,Solapur,Pandharpur,Mustard,Black,FAQ,2026-07-29,4777,6080,5429,249
Maharashtra,Solapur,Pandharpur,Mustard,Yellow,FAQ,2026-07-28,4735,6026,5381,126
Maharashtra,Solapur,Pandharpur,Grapes,Thompson Seedless,FAQ,2026-08-26,4294,5465,4880,228
Maharashtra,Solapur,Pandharpur,Grapes,Thompson Seedless,FAQ,2026-08-25,4368,5559,4964,130
Maharashtra,Solapur,Pandharpur,Grapes,Thompson Seedless,FAQ,2026-08-24,4339,5522,4931,256
Maharashtra,Solapur,Pandharpur,Grapes,Thompson Seedless,FAQ,2026-08-23,4394,5593,4994,723
Maharashtra,Solapur,Pandharpur,Grapes,Thompson Seedless,FAQ,2026-08-22,4393,5592,4993,167
Maharashtra,Solapur,Pandharpur,Grapes,Thompson Seedless,FAQ,2026-08-21,4409,5612,5011,678
Maharashtra,Solapur,Pandharpur,Grapes,Thompson Seedless,FAQ,2026-08-20,4412,5615,5014,119
Maharashtra,Solapur,Pandharpur,Grapes,Thompson Seedless,FAQ,2026-08-19,4439,5650,5045,527
Maharashtra,Solapur,Pandharpur,Grapes,Thompson Seedless,FAQ,2026-08-18,4425,5632,5029,688
Maharashtra,Solapur,Pandharpur,Grapes,Thompson Seedless,FAQ,2026-08-17,4485,5708,5097,571
Maharashtra,Solapur,Pandharpur,Grapes,Thompson Seedless,FAQ,2026-08-16,4469,5688,5079,226
Maharashtra,Solapur,Pandharpur,Grapes,Thompson Seedless,FAQ,2026-08-15,4502,5729,5116,254
Maharashtra,Solapur,Pandharpur,Grapes,Thompson Seedless,FAQ,2026-08-14,4459,5676,5068,703
Maharashtra,Solapur,Pandharpur,Grapes,Thompson Seedless,FAQ,2026-08-13,4506,5735,5121,170
Maharashtra,Solapur,Pandharpur,Grapes,Thompson Seedless,FAQ,2026-08-12,4494,5719,5107,327
Maharashtra,Solapur,Pandharpur,Grapes,Thompson Seedless,FAQ,2026-08-11,4505,5734,5120,495
Maharashtra,Solapur,Pandharpur,Grapes,Thompson Seedless,FAQ,2026-08-10,4476,5697,5087,580
Maharashtra,Solapur,Pandharpur,Grapes,Thompson Seedless,FAQ,2026-08-09,4504,5733,5119,498
Maharashtra,Solapur,Pandharpur,Grapes,Thompson Seedless,FAQ,2026-08-08,4469,5688,5079,106
Maharashtra,Solapur,Pandharpur,Grapes,Thompson Seedless,FAQ,2026-08-07,4470,5689,5080,232
Maharashtra,Solapur,Pandharpur,Grapes,Thompson Seedless,FAQ,2026-08-06,4472,5691,5082,645
Maharashtra,Solapur,Pandharpur,Grapes,Thompson Seedless,FAQ,2026-08-05,4452,5667,5060,239
Maharashtra,Solapur,Pandharpur,Grapes,Thompson Seedless,FAQ,2026-08-04,4484,5707,5096,284
Maharashtra,Solapur,Pandharpur,Grapes,Thompson Seedless,FAQ,2026-08-03,4419,5624,5022,486
Maharashtra,Solapur,Pandharpur,Grapes,Thompson Seedless,FAQ,2026-08-02,4408,5611,5010,595
Maharashtra,Solapur,Pandharpur,Grapes,Thompson Seedless,FAQ,2026-08-01,4433,5642,5038,476
Maharashtra,Solapur,Pandharpur,Grapes,Thompson Seedless,FAQ,2026-07-31,4359,5548,4954,333
Maharashtra,Solapur,Pandharpur,Grapes,Thompson Seedless,FAQ,2026-07-30,4407,5608,5008,614
Maharashtra,Solapur,Pandharpur,Grapes,Thompson Seedless,FAQ,2026-07-29,4376,5569,4973,310
Maharashtra,Solapur,Pandharpur,Grapes,Thompson Seedless,FAQ,2026-07-28,4318,5495,4907,423
Maharashtra,Solapur,Pandharpur,Pomegranate,Bhagwa,FAQ,2026-08-26,5630,7165,6398,720
Maharashtra,Solapur,Pandharpur,Pomegranate,Bhagwa,FAQ,2026-08-25,5681,7230,6456,424
Maharashtra,Solapur,Pandharpur,Pomegranate,Bhagwa,FAQ,2026-08-24,5667,7212,6440,165
Maharashtra,Solapur,Pandharpur,Pomegranate,Bhagwa,FAQ,2026-08-23,5714,7273,6494,284
Maharashtra,Solapur,Pandharpur,Pomegranate,Bhagwa,FAQ,2026-08-22,5698,7252,6475,758
Maharashtra,Solapur,Pandharpur,Pomegranate,Bhagwa,FAQ,2026-08-21,5723,7284,6504,241
Maharashtra,Solapur,Pandharpur,Pomegranate,Bhagwa,FAQ,2026-08-20,5778,7355,6567,169
Maharashtra,Solapur,Pandharpur,Pomegranate,Bhagwa,FAQ,2026-08-19,5786,7364,6575,263
Maharashtra,Solapur,Pandharpur,Pomegranate,Bhagwa,FAQ,2026-08-18,5782,7359,6571,700
Maharashtra,Solapur,Pandharpur,Pomegranate,Bhagwa,FAQ,2026-08-17,5760,7331,6546,224
Maharashtra,Solapur,Pandharpur,Pomegranate,Bhagwa,FAQ,2026-08-16,5815,7400,6608,631
Maharashtra,Solapur,Pandharpur,Pomegranate,Bhagwa,FAQ,2026-08-15,5812,7397,6605,656
Maharashtra,Solapur,Pandharpur,Pomegranate,Bhagwa,FAQ,2026-08-14,5769,7342,6556,318
Maharashtra,Solapur,Pandharpur,Pomegranate,Bhagwa,FAQ,2026-08-13,5838,7431,6635,472
Maharashtra,Solapur,Pandharpur,Pomegranate,Bhagwa,FAQ,2026-08-12,5780,7357,6569,765
Maharashtra,Solapur,Pandharpur,Pomegranate,Bhagwa,FAQ,2026-08-11,5838,7431,6635,735
Maharashtra,Solapur,Pandharpur,Pomegranate,Bhagwa,FAQ,2026-08-10,5777,7352,6565,766
Maharashtra,Solapur,Pandharpur,Pomegranate,Bhagwa,FAQ,2026-08-09,5797,7378,6588,117
Maharashtra,Solapur,Pandharpur,Pomegranate,Bhagwa,FAQ,2026-08-08,5799,7380,6590,535
Maharashtra,Solapur,Pandharpur,Pomegranate,Bhagwa,FAQ,2026-08-07,5762,7333,6548,429
Maharashtra,Solapur,Pandharpur,Pomegranate,Bhagwa,FAQ,2026-08-06,5761,7332,6547,215
Maharashtra,Solapur,Pandharpur,Pomegranate,Bhagwa,FAQ,2026-08-05,5796,7377,6587,627
Maharashtra,Solapur,Pandharpur,Pomegranate,Bhagwa,FAQ,2026-08-04,5739,7304,6522,470
Maharashtra,Solapur,Pandharpur,Pomegranate,Bhagwa,FAQ,2026-08-03,5776,7351,6564,610
Maharashtra,Solapur,Pandharpur,Pomegranate,Bhagwa,FAQ,2026-08-02,5751,7320,6536,267
Maharashtra,Solapur,Pandharpur,Pomegranate,Bhagwa,FAQ,2026-08-01,5749,7318,6534,302
Maharashtra,Solapur,Pandharpur,Pomegranate,Bhagwa,FAQ,2026-07-31,5702,7257,6480,585
Maharashtra,Solapur,Pandharpur,Pomegranate,Bhagwa,FAQ,2026-07-30,5679,7228,6454,350
Maharashtra,Solapur,Pandharpur,Pomegranate,Bhagwa,FAQ,2026-07-29,5692,7245,6469,591
Maharashtra,Solapur,Pandharpur,Pomegranate,Bhagwa,FAQ,2026-07-28,5675,7222,6449,412
Maharashtra,Solapur,Barshi,Tomato,Vaishali,FAQ,2026-08-26,1877,2388,2133,447
Maharashtra,Solapur,Barshi,Tomato,Hybrid,FAQ,2026-08-25,1888,2403,2146,240
Maharashtra,Solapur,Barshi,Tomato,Vaishali,FAQ,2026-08-24,1917,2440,2179,741
Maharashtra,Solapur,Barshi,Tomato,Local,FAQ,2026-08-23,1921,2446,2184,530
Maharashtra,Solapur,Barshi,Tomato,Hybrid,FAQ,2026-08-22,1919,2442,2181,352
Maharashtra,Solapur,Barshi,Tomato,Local,FAQ,2026-08-21,1952,2485,2219,716
Maharashtra,Solapur,Barshi,Tomato,Local,FAQ,2026-08-20,1946,2477,2212,318
Maharashtra,Solapur,Barshi,Tomato,Hybrid,FAQ,2026-08-19,1994,2539,2267,342
Maharashtra,Solapur,Barshi,Tomato,Vaishali,FAQ,2026-08-18,2006,2553,2280,529
Maharashtra,Solapur,Barshi,Tomato,Vaishali,FAQ,2026-08-17,2011,2560,2286,481
Maharashtra,Solapur,Barshi,Tomato,Hybrid,FAQ,2026-08-16,1998,2543,2271,565
Maharashtra,Solapur,Barshi,Tomato,Local,FAQ,2026-08-15,2025,2578,2302,219
Maharashtra,Solapur,Barshi,Tomato,Local,FAQ,2026-08-14,2016,2565,2291,451
Maharashtra,Solapur,Barshi,Tomato,Hybrid,FAQ,2026-08-13,2033,2588,2311,582
Maharashtra,Solapur,Barshi,Tomato,Local,FAQ,2026-08-12,1995,2540,2268,502
Maharashtra,Solapur,Barshi,Tomato,Hybrid,FAQ,2026-08-11,2047,2606,2327,582
Maharashtra,Solapur,Barshi,Tomato,Vaishali,FAQ,2026-08-10,2039,2596,2318,186
Maharashtra,Solapur,Barshi,Tomato,Hybrid,FAQ,2026-08-09,2009,2558,2284,620
Maharashtra,Solapur,Barshi,Tomato,Hybrid,FAQ,2026-08-08,2050,2609,2330,104
Maharashtra,Solapur,Barshi,Tomato,Vaishali,FAQ,2026-08-07,1976,2515,2246,498
Maharashtra,Solapur,Barshi,Tomato,Hybrid,FAQ,2026-08-06,2002,2549,2276,647
Maharashtra,Solapur,Barshi,Tomato,Vaishali,FAQ,2026-08-05,2010,2559,2285,457
Maharashtra,Solapur,Barshi,Tomato,Vaishali,FAQ,2026-08-04,1973,2512,2243,382
Maharashtra,Solapur,Barshi,Tomato,Local,FAQ,2026-08-03,1968,2505,2237,798
Maharashtra,Solapur,Barshi,Tomato,Local,FAQ,2026-08-02,1925,2450,2188,154
Maharashtra,Solapur,Barshi,Tomato,Hybrid,FAQ,2026-08-01,1931,2458,2195,638
Maharashtra,Solapur,Barshi,Tomato,Local,FAQ,2026-07-31,1945,2476,2211,652
Maharashtra,Solapur,Barshi,Tomato,Local,FAQ,2026-07-30,1895,2412,2154,570
Maharashtra,Solapur,Barshi,Tomato,Hybrid,FAQ,2026-07-29,1884,2399,2142,258
Maharashtra,Solapur,Barshi,Tomato,Vaishali,FAQ,2026-07-28,1854,2359,2107,339
Maharashtra,Solapur,Barshi,Onion,Garwa,FAQ,2026-08-26,1536,1955,1746,264
Maharashtra,Solapur,Barshi,Onion,White,FAQ,2026-08-25,1587,2020,1804,333
Maharashtra,Solapur,Barshi,Onion,Garwa,FAQ,2026-08-24,1576,2005,1791,737
Maharashtra,Solapur,Barshi,Onion,Garwa,FAQ,2026-08-23,1598,2035,1817,511
Maharashtra,Solapur,Barshi,Onion,Garwa,FAQ,2026-08-22,1620,2063,1842,681
Maharashtra,Solapur,Barshi,Onion,Garwa,FAQ,2026-08-21,1656,2107,1882,719
Maharashtra,Solapur,Barshi,Onion,White,FAQ,2026-08-20,1631,2076,1854,656
Maharashtra,Solapur,Barshi,Onion,Garwa,FAQ,2026-08-19,1633,2078,1856,566
Maharashtra,Solapur,Barshi,Onion,Red,FAQ,2026-08-18,1712,2179,1946,570
Maharashtra,Solapur,Barshi,Onion,Red,FAQ,2026-08-17,1716,2184,1950,751
Maharashtra,Solapur,Barshi,Onion,Red,FAQ,2026-08-16,1687,2148,1918,325
Maharashtra,Solapur,Barshi,Onion,White,FAQ,2026-08-15,1672,2128,1900,713
Maharashtra,Solapur,Barshi,Onion,Garwa,FAQ,2026-08-14,1741,2216,1979,503
Maharashtra,Solapur,Barshi,Onion,Garwa,FAQ,2026-08-13,1716,2185,1951,632
Maharashtra,Solapur,Barshi,Onion,Garwa,FAQ,2026-08-12,1687,2148,1918,230
Maharashtra,Solapur,Barshi,Onion,Garwa,FAQ,2026-08-11,1732,2205,1969,773
Maharashtra,Solapur,Barshi,Onion,Red,FAQ,2026-08-10,1705,2170,1938,148
Maharashtra,Solapur,Barshi,Onion,White,FAQ,2026-08-09,1724,2195,1960,407
Maharashtra,Solapur,Barshi,Onion,White,FAQ,2026-08-08,1738,2212,1975,766
Maharashtra,Solapur,Barshi,Onion,White,FAQ,2026-08-07,1692,2153,1923,400
Maharashtra,Solapur,Barshi,Onion,Red,FAQ,2026-08-06,1694,2156,1925,690
Maharashtra,Solapur,Barshi,Onion,Red,FAQ,2026-08-05,1666,2121,1894,560
Maharashtra,Solapur,Barshi,Onion,Garwa,FAQ,2026-08-04,1670,2125,1898,486
Maharashtra,Solapur,Barshi,Onion,White,FAQ,2026-08-03,1673,2130,1902,565
Maharashtra,Solapur,Barshi,Onion,White,FAQ,2026-08-02,1653,2104,1879,548
Maharashtra,Solapur,Barshi,Onion,White,FAQ,2026-08-01,1652,2103,1878,175
Maharashtra,Solapur,Barshi,Onion,Red,FAQ,2026-07-31,1634,2079,1857,774
Maharashtra,Solapur,Barshi,Onion,White,FAQ,2026-07-30,1627,2070,1849,486
Maharashtra,Solapur,Barshi,Onion,Red,FAQ,2026-07-29,1584,2016,1800,770
Maharashtra,Solapur,Barshi,Onion,White,FAQ,2026-07-28,1534,1953,1744,488
Maharashtra,Solapur,Barshi,Wheat,FAQ,FAQ,2026-08-26,2099,2672,2386,166
Maharashtra,Solapur,Barshi,Wheat,FAQ,FAQ,2026-08-25,2075,2640,2358,272
Maharashtra,Solapur,Barshi,Wheat,Sharbati,FAQ,2026-08-24,2088,2657,2373,654
Maharashtra,Solapur,Barshi,Wheat,FAQ,FAQ,2026-08-23,2128,2709,2419,423
Maharashtra,Solapur,Barshi,Wheat,Lok-1,FAQ,2026-08-22,2149,2736,2443,137
Maharashtra,Solapur,Barshi,Wheat,FAQ,FAQ,2026-08-21,2142,2727,2435,762
Maharashtra,Solapur,Barshi,Wheat,FAQ,FAQ,2026-08-20,2165,2756,2461,268
Maharashtra,Solapur,Barshi,Wheat,Lok-1,FAQ,2026-08-19,2222,2828,2525,104
Maharashtra,Solapur,Barshi,Wheat,FAQ,FAQ,2026-08-18,2215,2820,2518,431
Maharashtra,Solapur,Barshi,Wheat,Lok-1,FAQ,2026-08-17,2187,2784,2486,296
Maharashtra,Solapur,Barshi,Wheat,Sharbati,FAQ,2026-08-16,2234,2843,2539,212
Maharashtra,Solapur,Barshi,Wheat,Lok-1,FAQ,2026-08-15,2244,2857,2551,542
Maharashtra,Solapur,Barshi,Wheat,Lok-1,FAQ,2026-08-14,2246,2859,2553,356
Maharashtra,Solapur,Barshi,Wheat,FAQ,FAQ,2026-08-13,2236,2847,2542,554
Maharashtra,Solapur,Barshi,Wheat,Lok-1,FAQ,2026-08-12,2253,2868,2561,251
Maharashtra,Solapur,Barshi,Wheat,Lok-1,FAQ,2026-08-11,2217,2822,2520,620
Maharashtra,Solapur,Barshi,Wheat,Sharbati,FAQ,2026-08-10,2247,2860,2554,200
Maharashtra,Solapur,Barshi,Wheat,FAQ,FAQ,2026-08-09,2235,2844,2540,707
Maharashtra,Solapur,Barshi,Wheat,Lok-1,FAQ,2026-08-08,2229,2838,2534,794
Maharashtra,Solapur,Barshi,Wheat,Lok-1,FAQ,2026-08-07,2217,2822,2520,107
Maharashtra,Solapur,Barshi,Wheat,FAQ,FAQ,2026-08-06,2192,2791,2492,664
Maharashtra,Solapur,Barshi,Wheat,Sharbati,FAQ,2026-08-05,2241,2852,2547,589
Maharashtra,Solapur,Barshi,Wheat,Sharbati,FAQ,2026-08-04,2217,2822,2520,698
Maharashtra,Solapur,Barshi,Wheat,Sharbati,FAQ,2026-08-03,2161,2750,2456,413
Maharashtra,Solapur,Barshi,Wheat,FAQ,FAQ,2026-08-02,2153,2740,2447,239
Maharashtra,Solapur,Barshi,Wheat,Lok-1,FAQ,2026-08-01,2196,2795,2496,410
Maharashtra,Solapur,Barshi,Wheat,FAQ,FAQ,2026-07-31,2127,2708,2418,523
Maharashtra,Solapur,Barshi,Wheat,Lok-1,FAQ,2026-07-30,2102,2675,2389,651
Maharashtra,Solapur,Barshi,Wheat,Sharbati,FAQ,2026-07-29,2140,2723,2432,790
Maharashtra,Solapur,Barshi,Wheat,Lok-1,FAQ,2026-07-28,2057,2618,2338,466
Maharashtra,Solapur,Barshi,Rice,Swarna,FAQ,2026-08-26,2173,2766,2470,620
Maharashtra,Solapur,Barshi,Rice,Swarna,FAQ,2026-08-25,2189,2786,2488,773
Maharashtra,Solapur,Barshi,Rice,Paddy(Dpr),FAQ,2026-08-24,2251,2864,2558,762
Maharashtra,Solapur,Barshi,Rice,Swarna,FAQ,2026-08-23,2246,2859,2553,407
Maharashtra,Solapur,Barshi,Rice,Basmati,FAQ,2026-08-22,2314,2945,2630,386
Maharashtra,Solapur,Barshi,Rice,Paddy(Dpr),FAQ,2026-08-21,2332,2969,2651,274
Maharashtra,Solapur,Barshi,Rice,Paddy(Dpr),FAQ,2026-08-20,2293,2918,2606,141
Maharashtra,Solapur,Barshi,Rice,Basmati,FAQ,2026-08-19,2332,2969,2651,525
Maharashtra,Solapur,Barshi,Rice,Swarna,FAQ,2026-08-18,2328,2963,2646,380
Maharashtra,Solapur,Barshi,Rice,Swarna,FAQ,2026-08-17,2331,2966,2649,503
Maharashtra,Solapur,Barshi,Rice,Paddy(Dpr),FAQ,2026-08-16,2327,2962,2645,205
Maharashtra,Solapur,Barshi,Rice,Paddy(Dpr),FAQ,2026-08-15,2388,3039,2714,178
Maharashtra,Solapur,Barshi,Rice,Paddy(Dpr),FAQ,2026-08-14,2355,2998,2677,662
Maharashtra,Solapur,Barshi,Rice,Paddy(Dpr),FAQ,2026-08-13,2368,3013,2691,497
Maharashtra,Solapur,Barshi,Rice,Swarna,FAQ,2026-08-12,2369,3016,2693,733
Maharashtra,Solapur,Barshi,Rice,Swarna,FAQ,2026-08-11,2391,3044,2718,599
Maharashtra,Solapur,Barshi,Rice,Swarna,FAQ,2026-08-10,2390,3043,2717,591
Maharashtra,Solapur,Barshi,Rice,Paddy(Dpr),FAQ,2026-08-09,2399,3054,2727,597
Maharashtra,Solapur,Barshi,Rice,Swarna,FAQ,2026-08-08,2390,3041,2716,783
Maharashtra,Solapur,Barshi,Rice,Swarna,FAQ,2026-08-07,2346,2987,2667,191
Maharashtra,Solapur,Barshi,Rice,Basmati,FAQ,2026-08-06,2362,3007,2685,564
Maharashtra,Solapur,Barshi,Rice,Swarna,FAQ,2026-08-05,2321,2954,2638,666
Maharashtra,Solapur,Barshi,Rice,Paddy(Dpr),FAQ,2026-08-04,2333,2970,2652,435
Maharashtra,Solapur,Barshi,Rice,Basmati,FAQ,2026-08-03,2329,2964,2647,725
Maharashtra,Solapur,Barshi,Rice,Swarna,FAQ,2026-08-02,2344,2983,2664,426
Maharashtra,Solapur,Barshi,Rice,Paddy(Dpr),FAQ,2026-08-01,2317,2950,2634,272
Maharashtra,Solapur,Barshi,Rice,Swarna,FAQ,2026-07-31,2271,2890,2581,716
Maharashtra,Solapur,Barshi,Rice,Basmati,FAQ,2026-07-30,2294,2919,2607,464
Maharashtra,Solapur,Barshi,Rice,Swarna,FAQ,2026-07-29,2244,2857,2551,724
Maharashtra,Solapur,Barshi,Rice,Paddy(Dpr),FAQ,2026-07-28,2192,2791,2492,358
Maharashtra,Solapur,Barshi,Potato,Kufri,FAQ,2026-08-26,1210,1541,1376,344
Maharashtra,Solapur,Barshi,Potato,Jyoti,FAQ,2026-08-25,1260,1603,1432,259
Maharashtra,Solapur,Barshi,Potato,Kufri,FAQ,2026-08-24,1266,1611,1439,385
Maharashtra,Solapur,Barshi,Potato,Jyoti,FAQ,2026-08-23,1305,1660,1483,297
Maharashtra,Solapur,Barshi,Potato,Kufri,FAQ,2026-08-22,1305,1660,1483,714
Maharashtra,Solapur,Barshi,Potato,Kufri,FAQ,2026-08-21,1362,1733,1548,465
Maharashtra,Solapur,Barshi,Potato,Jyoti,FAQ,2026-08-20,1364,1736,1550,713
Maharashtra,Solapur,Barshi,Potato,Kufri,FAQ,2026-08-19,1386,1764,1575,642
Maharashtra,Solapur,Barshi,Potato,Jyoti,FAQ,2026-08-18,1399,1780,1590,258
Maharashtra,Solapur,Barshi,Potato,Jyoti,FAQ,2026-08-17,1367,1740,1554,294
Maharashtra,Solapur,Barshi,Potato,Jyoti,FAQ,2026-08-16,1393,1772,1583,774
Maharashtra,Solapur,Barshi,Potato,Kufri,FAQ,2026-08-15,1376,1751,1564,541
Maharashtra,Solapur,Barshi,Potato,Kufri,FAQ,2026-08-14,1381,1758,1570,421
Maharashtra,Solapur,Barshi,Potato,Jyoti,FAQ,2026-08-13,1399,1780,1590,185
Maharashtra,Solapur,Barshi,Potato,Jyoti,FAQ,2026-08-12,1380,1757,1569,357
Maharashtra,Solapur,Barshi,Potato,Kufri,FAQ,2026-08-11,1418,1805,1612,733
Maharashtra,Solapur,Barshi,Potato,Jyoti,FAQ,2026-08-10,1385,1762,1574,321
Maharashtra,Solapur,Barshi,Potato,Jyoti,FAQ,2026-08-09,1407,1790,1599,422
Maharashtra,Solapur,Barshi,Potato,Kufri,FAQ,2026-08-08,1431,1822,1627,225
Maharashtra,Solapur,Barshi,Potato,Kufri,FAQ,2026-08-07,1376,1751,1564,445
Maharashtra,Solapur,Barshi,Potato,Jyoti,FAQ,2026-08-06,1364,1736,1550,105
Maharashtra,Solapur,Barshi,Potato,Kufri,FAQ,2026-08-05,1384,1761,1573,140
Maharashtra,Solapur,Barshi,Potato,Jyoti,FAQ,2026-08-04,1334,1697,1516,488
Maharashtra,Solapur,Barshi,Potato,Kufri,FAQ,2026-08-03,1377,1752,1565,750
Maharashtra,Solapur,Barshi,Potato,Jyoti,FAQ,2026-08-02,1310,1667,1489,513
Maharashtra,Solapur,Barshi,Potato,Kufri,FAQ,2026-08-01,1356,1725,1541,745
Maharashtra,Solapur,Barshi,Potato,Kufri,FAQ,2026-07-31,1302,1657,1480,312
Maharashtra,Solapur,Barshi,Potato,Kufri,FAQ,2026-07-30,1327,1688,1508,454
Maharashtra,Solapur,Barshi,Potato,Jyoti,FAQ,2026-07-29,1310,1667,1489,398
Maharashtra,Solapur,Barshi,Potato,Jyoti,FAQ,2026-07-28,1261,1604,1433,330
Maharashtra,Solapur,Barshi,Soyabean,Yellow,FAQ,2026-08-26,3815,4856,4336,534
Maharashtra,Solapur,Barshi,Soyabean,Yellow,FAQ,2026-08-25,3828,4872,4350,388
Maharashtra,Solapur,Barshi,Soyabean,JS-335,FAQ,2026-08-24,3840,4887,4364,617
Maharashtra,Solapur,Barshi,Soyabean,JS-335,FAQ,2026-08-23,3856,4907,4382,247
Maharashtra,Solapur,Barshi,Soyabean,Yellow,FAQ,2026-08-22,3872,4929,4401,284
Maharashtra,Solapur,Barshi,Soyabean,Yellow,FAQ,2026-08-21,3884,4943,4414,685
Maharashtra,Solapur,Barshi,Soyabean,JS-335,FAQ,2026-08-20,3867,4922,4395,394
Maharashtra,Solapur,Barshi,Soyabean,JS-335,FAQ,2026-08-19,3925,4996,4461,272
Maharashtra,Solapur,Barshi,Soyabean,Yellow,FAQ,2026-08-18,3938,5012,4475,289
Maharashtra,Solapur,Barshi,Soyabean,JS-335,FAQ,2026-08-17,3896,4959,4428,447
Maharashtra,Solapur,Barshi,Soyabean,JS-335,FAQ,2026-08-16,3951,5028,4490,476
Maharashtra,Solapur,Barshi,Soyabean,JS-335,FAQ,2026-08-15,3921,4990,4456,135
Maharashtra,Solapur,Barshi,Soyabean,Yellow,FAQ,2026-08-14,3918,4987,4453,750
Maharashtra,Solapur,Barshi,Soyabean,Yellow,FAQ,2026-08-13,3981,5066,4524,659
Maharashtra,Solapur,Barshi,Soyabean,Yellow,FAQ,2026-08-12,3989,5078,4534,547
Maharashtra,Solapur,Barshi,Soyabean,JS-335,FAQ,2026-08-11,3968,5051,4510,218
Maharashtra,Solapur,Barshi,Soyabean,JS-335,FAQ,2026-08-10,3943,5018,4481,255
Maharashtra,Solapur,Barshi,Soyabean,Yellow,FAQ,2026-08-09,3981,5066,4524,250
Maharashtra,Solapur,Barshi,Soyabean,Yellow,FAQ,2026-08-08,3951,5028,4490,514
Maharashtra,Solapur,Barshi,Soyabean,JS-335,FAQ,2026-08-07,3948,5025,4487,243
Maharashtra,Solapur,Barshi,Soyabean,JS-335,FAQ,2026-08-06,3955,5034,4495,344
Maharashtra,Solapur,Barshi,Soyabean,Yellow,FAQ,2026-08-05,3928,4999,4464,443
Maharashtra,Solapur,Barshi,Soyabean,Yellow,FAQ,2026-08-04,3950,5027,4489,577
Maharashtra,Solapur,Barshi,Soyabean,JS-335,FAQ,2026-08-03,3937,5010,4474,582
Maharashtra,Solapur,Barshi,Soyabean,Yellow,FAQ,2026-08-02,3926,4997,4462,262
Maharashtra,Solapur,Barshi,Soyabean,Yellow,FAQ,2026-08-01,3850,4901,4376,201
Maharashtra,Solapur,Barshi,Soyabean,JS-335,FAQ,2026-07-31,3840,4887,4364,143
Maharashtra,Solapur,Barshi,Soyabean,Yellow,FAQ,2026-07-30,3833,4878,4356,300
Maharashtra,Solapur,Barshi,Soyabean,JS-335,FAQ,2026-07-29,3822,4865,4344,222
Maharashtra,Solapur,Barshi,Soyabean,JS-335,FAQ,2026-07-28,3778,4809,4294,678
Maharashtra,Solapur,Barshi,Maize,Hybrid,FAQ,2026-08-26,1603,2040,1822,588
Maharashtra,Solapur,Barshi,Maize,Hybrid,FAQ,2026-08-25,1629,2074,1852,188
Maharashtra,Solapur,Barshi,Maize,Yellow,FAQ,2026-08-24,1642,2091,1867,723
Maharashtra,Solapur,Barshi,Maize,Hybrid,FAQ,2026-08-23,1696,2159,1928,563
Maharashtra,Solapur,Barshi,Maize,Yellow,FAQ,2026-08-22,1731,2204,1968,514
Maharashtra,Solapur,Barshi,Maize,Yellow,FAQ,2026-08-21,1692,2153,1923,462
Maharashtra,Solapur,Barshi,Maize,Yellow,FAQ,2026-08-20,1774,2257,2016,463
Maharashtra,Solapur,Barshi,Maize,Yellow,FAQ,2026-08-19,1757,2236,1997,787
Maharashtra,Solapur,Barshi,Maize,Yellow,FAQ,2026-08-18,1738,2212,1975,179
Maharashtra,Solapur,Barshi,Maize,Yellow,FAQ,2026-08-17,1773,2256,2015,731
Maharashtra,Solapur,Barshi,Maize,Yellow,FAQ,2026-08-16,1811,2306,2059,454
Maharashtra,Solapur,Barshi,Maize,Yellow,FAQ,2026-08-15,1821,2318,2070,486
Maharashtra,Solapur,Barshi,Maize,Yellow,FAQ,2026-08-14,1765,2246,2006,240
Maharashtra,Solapur,Barshi,Maize,Hybrid,FAQ,2026-08-13,1792,2281,2037,627
Maharashtra,Solapur,Barshi,Maize,Yellow,FAQ,2026-08-12,1815,2310,2063,186
Maharashtra,Solapur,Barshi,Maize,Hybrid,FAQ,2026-08-11,1836,2337,2087,222
Maharashtra,Solapur,Barshi,Maize,Hybrid,FAQ,2026-08-10,1827,2326,2077,800
Maharashtra,Solapur,Barshi,Maize,Hybrid,FAQ,2026-08-09,1829,2328,2079,408
Maharashtra,Solapur,Barshi,Maize,Hybrid,FAQ,2026-08-08,1795,2284,2040,665
Maharashtra,Solapur,Barshi,Maize,Yellow,FAQ,2026-08-07,1774,2257,2016,701
Maharashtra,Solapur,Barshi,Maize,Yellow,FAQ,2026-08-06,1815,2310,2063,697
Maharashtra,Solapur,Barshi,Maize,Yellow,FAQ,2026-08-05,1774,2259,2017,204
Maharashtra,Solapur,Barshi,Maize,Hybrid,FAQ,2026-08-04,1775,2260,2018,776
Maharashtra,Solapur,Barshi,Maize,Yellow,FAQ,2026-08-03,1744,2219,1982,610
Maharashtra,Solapur,Barshi,Maize,Hybrid,FAQ,2026-08-02,1770,2253,2012,210
Maharashtra,Solapur,Barshi,Maize,Yellow,FAQ,2026-08-01,1695,2158,1927,608
Maharashtra,Solapur,Barshi,Maize,Yellow,FAQ,2026-07-31,1675,2132,1904,774
Maharashtra,Solapur,Barshi,Maize,Yellow,FAQ,2026-07-30,1671,2126,1899,317
Maharashtra,Solapur,Barshi,Maize,Hybrid,FAQ,2026-07-29,1654,2105,1880,375
Maharashtra,Solapur,Barshi,Maize,Yellow,FAQ,2026-07-28,1679,2138,1909,416
Maharashtra,Solapur,Barshi,Cotton,Medium Staple,FAQ,2026-08-26,5701,7256,6479,412
Maharashtra,Solapur,Barshi,Cotton,Medium Staple,FAQ,2026-08-25,5760,7331,6546,207
Maharashtra,Solapur,Barshi,Cotton,Medium Staple,FAQ,2026-08-24,5791,7370,6581,155
Maharashtra,Solapur,Barshi,Cotton,Medium Staple,FAQ,2026-08-23,5813,7398,6606,491
Maharashtra,Solapur,Barshi,Cotton,Medium Staple,FAQ,2026-08-22,5774,7349,6562,340
Maharashtra,Solapur,Barshi,Cotton,Medium Staple,FAQ,2026-08-21,5846,7441,6644,308
Maharashtra,Solapur,Barshi,Cotton,Medium Staple,FAQ,2026-08-20,5804,7387,6596,287
Maharashtra,Solapur,Barshi,Cotton,Medium Staple,FAQ,2026-08-19,5832,7423,6628,681
Maharashtra,Solapur,Barshi,Cotton,Medium Staple,FAQ,2026-08-18,5878,7481,6680,602
Maharashtra,Solapur,Barshi,Cotton,Medium Staple,FAQ,2026-08-17,5888,7495,6692,599
Maharashtra,Solapur,Barshi,Cotton,Medium Staple,FAQ,2026-08-16,5888,7495,6692,534
Maharashtra,Solapur,Barshi,Cotton,Medium Staple,FAQ,2026-08-15,5897,7506,6702,390
Maharashtra,Solapur,Barshi,Cotton,Medium Staple,FAQ,2026-08-14,5900,7509,6705,533
Maharashtra,Solapur,Barshi,Cotton,Medium Staple,FAQ,2026-08-13,5868,7469,6669,679
Maharashtra,Solapur,Barshi,Cotton,Medium Staple,FAQ,2026-08-12,5926,7543,6735,471
Maharashtra,Solapur,Barshi,Cotton,Medium Staple,FAQ,2026-08-11,5925,7542,6734,158
Maharashtra,Solapur,Barshi,Cotton,Medium Staple,FAQ,2026-08-10,5863,7462,6663,243
Maharashtra,Solapur,Barshi,Cotton,Medium Staple,FAQ,2026-08-09,5907,7518,6713,152
Maharashtra,Solapur,Barshi,Cotton,Medium Staple,FAQ,2026-08-08,5866,7467,6667,785
Maharashtra,Solapur,Barshi,Cotton,Medium Staple,FAQ,2026-08-07,5852,7448,6650,489
Maharashtra,Solapur,Barshi,Cotton,Medium Staple,FAQ,2026-08-06,5866,7467,6667,173
Maharashtra,Solapur,Barshi,Cotton,Medium Staple,FAQ,2026-08-05,5901,7510,6706,170
Maharashtra,Solapur,Barshi,Cotton,Medium Staple,FAQ,2026-08-04,5862,7461,6662,694
Maharashtra,Solapur,Barshi,Cotton,Medium Staple,FAQ,2026-08-03,5851,7446,6649,467
Maharashtra,Solapur,Barshi,Cotton,Medium Staple,FAQ,2026-08-02,5800,7383,6592,371
Maharashtra,Solapur,Barshi,Cotton,Medium Staple,FAQ,2026-08-01,5798,7379,6589,637
Maharashtra,Solapur,Barshi,Cotton,Medium Staple,FAQ,2026-07-31,5785,7362,6574,544
Maharashtra,Solapur,Barshi,Cotton,Medium Staple,FAQ,2026-07-30,5778,7353,6566,468
Maharashtra,Solapur,Barshi,Cotton,Medium Staple,FAQ,2026-07-29,5787,7366,6577,561
Maharashtra,Solapur,Barshi,Cotton,Medium Staple,FAQ,2026-07-28,5727,7290,6509,434
Maharashtra,Solapur,Barshi,Sugarcane,Co-86032,FAQ,2026-08-26,264,336,300,660
Maharashtra,Solapur,Barshi,Sugarcane,Co-86032,FAQ,2026-08-25,264,336,300,732
Maharashtra,Solapur,Barshi,Sugarcane,Co-86032,FAQ,2026-08-24,264,336,300,648
Maharashtra,Solapur,Barshi,Sugarcane,Co-86032,FAQ,2026-08-23,264,336,300,321
Maharashtra,Solapur,Barshi,Sugarcane,Co-86032,FAQ,2026-08-22,264,336,300,301
Maharashtra,Solapur,Barshi,Sugarcane,Co-86032,FAQ,2026-08-21,264,336,300,699
Maharashtra,Solapur,Barshi,Sugarcane,Co-86032,FAQ,2026-08-20,307,390,349,229
Maharashtra,Solapur,Barshi,Sugarcane,Co-86032,FAQ,2026-08-19,302,385,344,291
Maharashtra,Solapur,Barshi,Sugarcane,Co-86032,FAQ,2026-08-18,322,411,367,417
Maharashtra,Solapur,Barshi,Sugarcane,Co-86032,FAQ,2026-08-17,365,464,415,166
Maharashtra,Solapur,Barshi,Sugarcane,Co-86032,FAQ,2026-08-16,358,455,407,304
Maharashtra,Solapur,Barshi,Sugarcane,Co-86032,FAQ,2026-08-15,340,433,387,627
Maharashtra,Solapur,Barshi,Sugarcane,Co-86032,FAQ,2026-08-14,332,423,378,387
Maharashtra,Solapur,Barshi,Sugarcane,Co-86032,FAQ,2026-08-13,333,424,379,433
Maharashtra,Solapur,Barshi,Sugarcane,Co-86032,FAQ,2026-08-12,373,474,424,226
Maharashtra,Solapur,Barshi,Sugarcane,Co-86032,FAQ,2026-08-11,359,456,408,435
Maharashtra,Solapur,Barshi,Sugarcane,Co-86032,FAQ,2026-08-10,403,512,458,179
Maharashtra,Solapur,Barshi,Sugarcane,Co-86032,FAQ,2026-08-09,332,423,378,342
Maharashtra,Solapur,Barshi,Sugarcane,Co-86032,FAQ,2026-08-08,358,455,407,309
Maharashtra,Solapur,Barshi,Sugarcane,Co-86032,FAQ,2026-08-07,324,413,369,360
Maharashtra,Solapur,Barshi,Sugarcane,Co-86032,FAQ,2026-08-06,360,459,410,275
Maharashtra,Solapur,Barshi,Sugarcane,Co-86032,FAQ,2026-08-05,352,448,400,531
Maharashtra,Solapur,Barshi,Sugarcane,Co-86032,FAQ,2026-08-04,312,397,355,728
Maharashtra,Solapur,Barshi,Sugarcane,Co-86032,FAQ,2026-08-03,351,446,399,798
Maharashtra,Solapur,Barshi,Sugarcane,Co-86032,FAQ,2026-08-02,312,397,355,688
Maharashtra,Solapur,Barshi,Sugarcane,Co-86032,FAQ,2026-08-01,276,351,314,209
Maharashtra,Solapur,Barshi,Sugarcane,Co-86032,FAQ,2026-07-31,272,347,310,476
Maharashtra,Solapur,Barshi,Sugarcane,Co-86032,FAQ,2026-07-30,264,336,300,763
Maharashtra,Solapur,Barshi,Sugarcane,Co-86032,FAQ,2026-07-29,264,336,300,726
Maharashtra,Solapur,Barshi,Sugarcane,Co-86032,FAQ,2026-07-28,264,336,300,378
Maharashtra,Solapur,Barshi,Mustard,Yellow,FAQ,2026-08-26,4680,5957,5319,496
Maharashtra,Solapur,Barshi,Mustard,Yellow,FAQ,2026-08-25,4699,5980,5340,500
Maharashtra,Solapur,Barshi,Mustard,Black,FAQ,2026-08-24,4756,6053,5405,256
Maharashtra,Solapur,Barshi,Mustard,Yellow,FAQ,2026-08-23,4763,6062,5413,304
Maharashtra,Solapur,Barshi,Mustard,Black,FAQ,2026-08-22,4769,6070,5420,552
Maharashtra,Solapur,Barshi,Mustard,Black,FAQ,2026-08-21,4835,6154,5495,488
Maharashtra,Solapur,Barshi,Mustard,Yellow,FAQ,2026-08-20,4823,6138,5481,770
Maharashtra,Solapur,Barshi,Mustard,Yellow,FAQ,2026-08-19,4815,6128,5472,130
Maharashtra,Solapur,Barshi,Mustard,Yellow,FAQ,2026-08-18,4862,6189,5526,188
Maharashtra,Solapur,Barshi,Mustard,Yellow,FAQ,2026-08-17,4824,6139,5482,166
Maharashtra,Solapur,Barshi,Mustard,Black,FAQ,2026-08-16,4897,6232,5565,216
Maharashtra,Solapur,Barshi,Mustard,Black,FAQ,2026-08-15,4866,6193,5530,566
Maharashtra,Solapur,Barshi,Mustard,Yellow,FAQ,2026-08-14,4895,6230,5563,362
Maharashtra,Solapur,Barshi,Mustard,Yellow,FAQ,2026-08-13,4867,6194,5531,480
Maharashtra,Solapur,Barshi,Mustard,Black,FAQ,2026-08-12,4906,6244,5575,374
Maharashtra,Solapur,Barshi,Mustard,Yellow,FAQ,2026-08-11,4897,6232,5565,661
Maharashtra,Solapur,Barshi,Mustard,Yellow,FAQ,2026-08-10,4847,6170,5509,520
Maharashtra,Solapur,Barshi,Mustard,Yellow,FAQ,2026-08-09,4905,6242,5574,481
Maharashtra,Solapur,Barshi,Mustard,Black,FAQ,2026-08-08,4845,6166,5506,619
Maharashtra,Solapur,Barshi,Mustard,Black,FAQ,2026-08-07,4851,6174,5513,323
Maharashtra,Solapur,Barshi,Mustard,Yellow,FAQ,2026-08-06,4869,6196,5533,404
Maharashtra,Solapur,Barshi,Mustard,Black,FAQ,2026-08-05,4839,6158,5499,652
Maharashtra,Solapur,Barshi,Mustard,Yellow,FAQ,2026-08-04,4812,6125,5469,171
Maharashtra,Solapur,Barshi,Mustard,Black,FAQ,2026-08-03,4840,6161,5501,633
Maharashtra,Solapur,Barshi,Mustard,Yellow,FAQ,2026-08-02,4826,6143,5485,453
Maharashtra,Solapur,Barshi,Mustard,Black,FAQ,2026-08-01,4808,6119,5464,365
Maharashtra,Solapur,Barshi,Mustard,Black,FAQ,2026-07-31,4766,6065,5416,132
Maharashtra,Solapur,Barshi,Mustard,Yellow,FAQ,2026-07-30,4742,6035,5389,219
Maharashtra,Solapur,Barshi,Mustard,Black,FAQ,2026-07-29,4721,6008,5365,460
Maharashtra,Solapur,Barshi,Mustard,Yellow,FAQ,2026-07-28,4716,6003,5360,627
Maharashtra,Solapur,Barshi,Grapes,Thompson Seedless,FAQ,2026-08-26,4332,5513,4923,279
Maharashtra,Solapur,Barshi,Grapes,Thompson Seedless,FAQ,2026-08-25,4319,5496,4908,473
Maharashtra,Solapur,Barshi,Grapes,Thompson Seedless,FAQ,2026-08-24,4330,5511,4921,293
Maharashtra,Solapur,Barshi,Grapes,Thompson Seedless,FAQ,2026-08-23,4404,5605,5005,287
Maharashtra,Solapur,Barshi,Grapes,Thompson Seedless,FAQ,2026-08-22,4424,5631,5028,421
Maharashtra,Solapur,Barshi,Grapes,Thompson Seedless,FAQ,2026-08-21,4427,5634,5031,723
Maharashtra,Solapur,Barshi,Grapes,Thompson Seedless,FAQ,2026-08-20,4459,5676,5068,331
Maharashtra,Solapur,Barshi,Grapes,Thompson Seedless,FAQ,2026-08-19,4413,5616,5015,274
Maharashtra,Solapur,Barshi,Grapes,Thompson Seedless,FAQ,2026-08-18,4419,5624,5022,692
Maharashtra,Solapur,Barshi,Grapes,Thompson Seedless,FAQ,2026-08-17,4483,5706,5095,375
Maharashtra,Solapur,Barshi,Grapes,Thompson Seedless,FAQ,2026-08-16,4438,5649,5044,585
Maharashtra,Solapur,Barshi,Grapes,Thompson Seedless,FAQ,2026-08-15,4472,5691,5082,564
Maharashtra,Solapur,Barshi,Grapes,Thompson Seedless,FAQ,2026-08-14,4487,5710,5099,631
Maharashtra,Solapur,Barshi,Grapes,Thompson Seedless,FAQ,2026-08-13,4473,5694,5084,107
Maharashtra,Solapur,Barshi,Grapes,Thompson Seedless,FAQ,2026-08-12,4481,5704,5093,430
Maharashtra,Solapur,Barshi,Grapes,Thompson Seedless,FAQ,2026-08-11,4492,5717,5105,283
Maharashtra,Solapur,Barshi,Grapes,Thompson Seedless,FAQ,2026-08-10,4517,5748,5133,725
Maharashtra,Solapur,Barshi,Grapes,Thompson Seedless,FAQ,2026-08-09,4516,5747,5132,412
Maharashtra,Solapur,Barshi,Grapes,Thompson Seedless,FAQ,2026-08-08,4448,5661,5055,594
Maharashtra,Solapur,Barshi,Grapes,Thompson Seedless,FAQ,2026-08-07,4454,5669,5062,760
Maharashtra,Solapur,Barshi,Grapes,Thompson Seedless,FAQ,2026-08-06,4457,5672,5065,568
Maharashtra,Solapur,Barshi,Grapes,Thompson Seedless,FAQ,2026-08-05,4461,5678,5070,327
Maharashtra,Solapur,Barshi,Grapes,Thompson Seedless,FAQ,2026-08-04,4483,5706,5095,717
Maharashtra,Solapur,Barshi,Grapes,Thompson Seedless,FAQ,2026-08-03,4459,5676,5068,387
Maharashtra,Solapur,Barshi,Grapes,Thompson Seedless,FAQ,2026-08-02,4444,5657,5051,768
Maharashtra,Solapur,Barshi,Grapes,Thompson Seedless,FAQ,2026-08-01,4440,5651,5046,233
Maharashtra,Solapur,Barshi,Grapes,Thompson Seedless,FAQ,2026-07-31,4379,5574,4977,613
Maharashtra,Solapur,Barshi,Grapes,Thompson Seedless,FAQ,2026-07-30,4351,5538,4945,647
Maharashtra,Solapur,Barshi,Grapes,Thompson Seedless,FAQ,2026-07-29,4329,5510,4920,647
Maharashtra,Solapur,Barshi,Grapes,Thompson Seedless,FAQ,2026-07-28,4360,5549,4955,616
Maharashtra,Solapur,Barshi,Pomegranate,Bhagwa,FAQ,2026-08-26,5653,7194,6424,625
Maharashtra,Solapur,Barshi,Pomegranate,Bhagwa,FAQ,2026-08-25,5633,7170,6402,641
Maharashtra,Solapur,Barshi,Pomegranate,Bhagwa,FAQ,2026-08-24,5690,7241,6466,289
Maharashtra,Solapur,Barshi,Pomegranate,Bhagwa,FAQ,2026-08-23,5721,7282,6502,203
Maharashtra,Solapur,Barshi,Pomegranate,Bhagwa,FAQ,2026-08-22,5746,7313,6530,111
Maharashtra,Solapur,Barshi,Pomegranate,Bhagwa,FAQ,2026-08-21,5702,7257,6480,350
Maharashtra,Solapur,Barshi,Pomegranate,Bhagwa,FAQ,2026-08-20,5716,7275,6496,585
Maharashtra,Solapur,Barshi,Pomegranate,Bhagwa,FAQ,2026-08-19,5768,7341,6555,660
Maharashtra,Solapur,Barshi,Pomegranate,Bhagwa,FAQ,2026-08-18,5763,7334,6549,428
Maharashtra,Solapur,Barshi,Pomegranate,Bhagwa,FAQ,2026-08-17,5754,7323,6539,125
Maharashtra,Solapur,Barshi,Pomegranate,Bhagwa,FAQ,2026-08-16,5757,7328,6543,680
Maharashtra,Solapur,Barshi,Pomegranate,Bhagwa,FAQ,2026-08-15,5793,7372,6583,581
Maharashtra,Solapur,Barshi,Pomegranate,Bhagwa,FAQ,2026-08-14,5773,7348,6561,751
Maharashtra,Solapur,Barshi,Pomegranate,Bhagwa,FAQ,2026-08-13,5783,7360,6572,677
Maharashtra,Solapur,Barshi,Pomegranate,Bhagwa,FAQ,2026-08-12,5801,7384,6593,787
Maharashtra,Solapur,Barshi,Pomegranate,Bhagwa,FAQ,2026-08-11,5780,7357,6569,506
Maharashtra,Solapur,Barshi,Pomegranate,Bhagwa,FAQ,2026-08-10,5827,7416,6622,790
Maharashtra,Solapur,Barshi,Pomegranate,Bhagwa,FAQ,2026-08-09,5836,7427,6632,277
Maharashtra,Solapur,Barshi,Pomegranate,Bhagwa,FAQ,2026-08-08,5815,7402,6609,493
Maharashtra,Solapur,Barshi,Pomegranate,Bhagwa,FAQ,2026-08-07,5828,7417,6623,572
Maharashtra,Solapur,Barshi,Pomegranate,Bhagwa,FAQ,2026-08-06,5764,7336,6550,455
Maharashtra,Solapur,Barshi,Pomegranate,Bhagwa,FAQ,2026-08-05,5775,7350,6563,735
Maharashtra,Solapur,Barshi,Pomegranate,Bhagwa,FAQ,2026-08-04,5774,7349,6562,572
Maharashtra,Solapur,Barshi,Pomegranate,Bhagwa,FAQ,2026-08-03,5735,7300,6518,425
Maharashtra,Solapur,Barshi,Pomegranate,Bhagwa,FAQ,2026-08-02,5769,7342,6556,651
Maharashtra,Solapur,Barshi,Pomegranate,Bhagwa,FAQ,2026-08-01,5756,7325,6541,141
Maharashtra,Solapur,Barshi,Pomegranate,Bhagwa,FAQ,2026-07-31,5689,7240,6465,172
Maharashtra,Solapur,Barshi,Pomegranate,Bhagwa,FAQ,2026-07-30,5705,7260,6483,756
Maharashtra,Solapur,Barshi,Pomegranate,Bhagwa,FAQ,2026-07-29,5640,7179,6410,731
Maharashtra,Solapur,Barshi,Pomegranate,Bhagwa,FAQ,2026-07-28,5645,7184,6415,210
Maharashtra,Aurangabad,Aurangabad,Tomato,Vaishali,FAQ,2026-08-26,1855,2360,2108,437
Maharashtra,Aurangabad,Aurangabad,Tomato,Local,FAQ,2026-08-25,1896,2413,2155,719
Maharashtra,Aurangabad,Aurangabad,Tomato,Vaishali,FAQ,2026-08-24,1882,2395,2139,769
Maharashtra,Aurangabad,Aurangabad,Tomato,Local,FAQ,2026-08-23,1907,2428,2168,399
Maharashtra,Aurangabad,Aurangabad,Tomato,Local,FAQ,2026-08-22,1959,2494,2227,244
Maharashtra,Aurangabad,Aurangabad,Tomato,Vaishali,FAQ,2026-08-21,1953,2486,2220,607
Maharashtra,Aurangabad,Aurangabad,Tomato,Hybrid,FAQ,2026-08-20,1975,2514,2245,113
Maharashtra,Aurangabad,Aurangabad,Tomato,Local,FAQ,2026-08-19,1994,2539,2267,306
Maharashtra,Aurangabad,Aurangabad,Tomato,Hybrid,FAQ,2026-08-18,1998,2543,2271,370
Maharashtra,Aurangabad,Aurangabad,Tomato,Local,FAQ,2026-08-17,2024,2577,2301,766
Maharashtra,Aurangabad,Aurangabad,Tomato,Vaishali,FAQ,2026-08-16,1990,2533,2262,519
Maharashtra,Aurangabad,Aurangabad,Tomato,Hybrid,FAQ,2026-08-15,1994,2537,2266,718
Maharashtra,Aurangabad,Aurangabad,Tomato,Local,FAQ,2026-08-14,2052,2611,2332,600
Maharashtra,Aurangabad,Aurangabad,Tomato,Hybrid,FAQ,2026-08-13,2018,2569,2294,640
Maharashtra,Aurangabad,Aurangabad,Tomato,Local,FAQ,2026-08-12,2009,2556,2283,410
Maharashtra,Aurangabad,Aurangabad,Tomato,Hybrid,FAQ,2026-08-11,2047,2606,2327,350
Maharashtra,Aurangabad,Aurangabad,Tomato,Local,FAQ,2026-08-10,2050,2609,2330,697
Maharashtra,Aurangabad,Aurangabad,Tomato,Vaishali,FAQ,2026-08-09,2024,2577,2301,484
Maharashtra,Aurangabad,Aurangabad,Tomato,Hybrid,FAQ,2026-08-08,2009,2556,2283,413
Maharashtra,Aurangabad,Aurangabad,Tomato,Vaishali,FAQ,2026-08-07,1977,2516,2247,796
Maharashtra,Aurangabad,Aurangabad,Tomato,Vaishali,FAQ,2026-08-06,2006,2553,2280,369
Maharashtra,Aurangabad,Aurangabad,Tomato,Vaishali,FAQ,2026-08-05,2024,2577,2301,795
Maharashtra,Aurangabad,Aurangabad,Tomato,Vaishali,FAQ,2026-08-04,1975,2514,2245,262
Maharashtra,Aurangabad,Aurangabad,Tomato,Vaishali,FAQ,2026-08-03,1965,2500,2233,328
Maharashtra,Aurangabad,Aurangabad,Tomato,Hybrid,FAQ,2026-08-02,1936,2465,2201,788
Maharashtra,Aurangabad,Aurangabad,Tomato,Local,FAQ,2026-08-01,1940,2469,2205,285
Maharashtra,Aurangabad,Aurangabad,Tomato,Local,FAQ,2026-07-31,1953,2486,2220,351
Maharashtra,Aurangabad,Aurangabad,Tomato,Vaishali,FAQ,2026-07-30,1913,2434,2174,774
Maharashtra,Aurangabad,Aurangabad,Tomato,Vaishali,FAQ,2026-07-29,1927,2452,2190,609
Maharashtra,Aurangabad,Aurangabad,Tomato,Vaishali,FAQ,2026-07-28,1848,2352,2100,785
Maharashtra,Aurangabad,Aurangabad,Onion,Garwa,FAQ,2026-08-26,1540,1961,1751,409
Maharashtra,Aurangabad,Aurangabad,Onion,White,FAQ,2026-08-25,1576,2007,1792,172
Maharashtra,Aurangabad,Aurangabad,Onion,White,FAQ,2026-08-24,1613,2052,1833,495
Maharashtra,Aurangabad,Aurangabad,Onion,White,FAQ,2026-08-23,1611,2050,1831,740
Maharashtra,Aurangabad,Aurangabad,Onion,White,FAQ,2026-08-22,1643,2092,1868,567
Maharashtra,Aurangabad,Aurangabad,Onion,Garwa,FAQ,2026-08-21,1608,2047,1828,174
Maharashtra,Aurangabad,Aurangabad,Onion,Red,FAQ,2026-08-20,1676,2133,1905,301
Maharashtra,Aurangabad,Aurangabad,Onion,Red,FAQ,2026-08-19,1631,2076,1854,599
Maharashtra,Aurangabad,Aurangabad,Onion,White,FAQ,2026-08-18,1682,2141,1912,320
Maharashtra,Aurangabad,Aurangabad,Onion,White,FAQ,2026-08-17,1722,2191,1957,416
Maharashtra,Aurangabad,Aurangabad,Onion,White,FAQ,2026-08-16,1696,2159,1928,142
Maharashtra,Aurangabad,Aurangabad,Onion,White,FAQ,2026-08-15,1713,2180,1947,354
Maharashtra,Aurangabad,Aurangabad,Onion,White,FAQ,2026-08-14,1700,2163,1932,721
Maharashtra,Aurangabad,Aurangabad,Onion,Garwa,FAQ,2026-08-13,1704,2169,1937,441
Maharashtra,Aurangabad,Aurangabad,Onion,White,FAQ,2026-08-12,1707,2172,1940,784
Maharashtra,Aurangabad,Aurangabad,Onion,Red,FAQ,2026-08-11,1699,2162,1931,686
Maharashtra,Aurangabad,Aurangabad,Onion,Garwa,FAQ,2026-08-10,1718,2187,1953,221
Maharashtra,Aurangabad,Aurangabad,Onion,White,FAQ,2026-08-09,1678,2135,1907,357
Maharashtra,Aurangabad,Aurangabad,Onion,Red,FAQ,2026-08-08,1692,2153,1923,371
Maharashtra,Aurangabad,Aurangabad,Onion,Garwa,FAQ,2026-08-07,1698,2161,1930,452
Maharashtra,Aurangabad,Aurangabad,Onion,White,FAQ,2026-08-06,1667,2122,1895,791
Maharashtra,Aurangabad,Aurangabad,Onion,White,FAQ,2026-08-05,1696,2159,1928,114
Maharashtra,Aurangabad,Aurangabad,Onion,Garwa,FAQ,2026-08-04,1653,2104,1879,739
Maharashtra,Aurangabad,Aurangabad,Onion,White,FAQ,2026-08-03,1687,2148,1918,330
Maharashtra,Aurangabad,Aurangabad,Onion,Red,FAQ,2026-08-02,1642,2091,1867,374
Maharashtra,Aurangabad,Aurangabad,Onion,Red,FAQ,2026-08-01,1606,2045,1826,391
Maharashtra,Aurangabad,Aurangabad,Onion,Red,FAQ,2026-07-31,1596,2031,1814,187
Maharashtra,Aurangabad,Aurangabad,Onion,White,FAQ,2026-07-30,1633,2078,1856,722
Maharashtra,Aurangabad,Aurangabad,Onion,Red,FAQ,2026-07-29,1612,2051,1832,489
Maharashtra,Aurangabad,Aurangabad,Onion,Garwa,FAQ,2026-07-28,1572,2001,1787,281
Maharashtra,Aurangabad,Aurangabad,Wheat,FAQ,FAQ,2026-08-26,2054,2615,2335,190
Maharashtra,Aurangabad,Aurangabad,Wheat,FAQ,FAQ,2026-08-25,2057,2618,2338,680
Maharashtra,Aurangabad,Aurangabad,Wheat,FAQ,FAQ,2026-08-24,2128,2709,2419,194
Maharashtra,Aurangabad,Aurangabad,Wheat,Sharbati,FAQ,2026-08-23,2137,2720,2429,252
Maharashtra,Aurangabad,Aurangabad,Wheat,Sharbati,FAQ,2026-08-22,2146,2731,2439,714
Maharashtra,Aurangabad,Aurangabad,Wheat,FAQ,FAQ,2026-08-21,2151,2738,2445,133
Maharashtra,Aurangabad,Aurangabad,Wheat,Lok-1,FAQ,2026-08-20,2198,2797,2498,506
Maharashtra,Aurangabad,Aurangabad,Wheat,Lok-1,FAQ,2026-08-19,2160,2749,2455,245
Maharashtra,Aurangabad,Aurangabad,Wheat,Sharbati,FAQ,2026-08-18,2240,2851,2546,568
Maharashtra,Aurangabad,Aurangabad,Wheat,Lok-1,FAQ,2026-08-17,2230,2839,2535,668
Maharashtra,Aurangabad,Aurangabad,Wheat,Sharbati,FAQ,2026-08-16,2207,2810,2509,530
Maharashtra,Aurangabad,Aurangabad,Wheat,FAQ,FAQ,2026-08-15,2215,2820,2518,259
Maharashtra,Aurangabad,Aurangabad,Wheat,Lok-1,FAQ,2026-08-14,2218,2823,2521,661
Maharashtra,Aurangabad,Aurangabad,Wheat,Lok-1,FAQ,2026-08-13,2208,2811,2510,687
Maharashtra,Aurangabad,Aurangabad,Wheat,FAQ,FAQ,2026-08-12,2260,2877,2569,370
Maharashtra,Aurangabad,Aurangabad,Wheat,FAQ,FAQ,2026-08-11,2233,2842,2538,516
Maharashtra,Aurangabad,Aurangabad,Wheat,Sharbati,FAQ,2026-08-10,2217,2822,2520,730
Maharashtra,Aurangabad,Aurangabad,Wheat,FAQ,FAQ,2026-08-09,2229,2838,2534,677
Maharashtra,Aurangabad,Aurangabad,Wheat,Sharbati,FAQ,2026-08-08,2255,2870,2563,557
Maharashtra,Aurangabad,Aurangabad,Wheat,FAQ,FAQ,2026-08-07,2226,2833,2530,599
Maharashtra,Aurangabad,Aurangabad,Wheat,Lok-1,FAQ,2026-08-06,2212,2815,2514,621
Maharashtra,Aurangabad,Aurangabad,Wheat,Sharbati,FAQ,2026-08-05,2226,2833,2530,286
Maharashtra,Aurangabad,Aurangabad,Wheat,FAQ,FAQ,2026-08-04,2230,2839,2535,379
Maharashtra,Aurangabad,Aurangabad,Wheat,FAQ,FAQ,2026-08-03,2179,2774,2477,110
Maharashtra,Aurangabad,Aurangabad,Wheat,Lok-1,FAQ,2026-08-02,2207,2810,2509,339
Maharashtra,Aurangabad,Aurangabad,Wheat,Lok-1,FAQ,2026-08-01,2166,2757,2462,319
Maharashtra,Aurangabad,Aurangabad,Wheat,Sharbati,FAQ,2026-07-31,2120,2699,2410,556
Maharashtra,Aurangabad,Aurangabad,Wheat,Sharbati,FAQ,2026-07-30,2136,2719,2428,148
Maharashtra,Aurangabad,Aurangabad,Wheat,Lok-1,FAQ,2026-07-29,2136,2719,2428,779
Maharashtra,Aurangabad,Aurangabad,Wheat,Sharbati,FAQ,2026-07-28,2079,2646,2363,329
Maharashtra,Aurangabad,Aurangabad,Rice,Basmati,FAQ,2026-08-26,2165,2756,2461,348
Maharashtra,Aurangabad,Aurangabad,Rice,Swarna,FAQ,2026-08-25,2244,2857,2551,393
Maharashtra,Aurangabad,Aurangabad,Rice,Basmati,FAQ,2026-08-24,2223,2830,2527,172
Maharashtra,Aurangabad,Aurangabad,Rice,Swarna,FAQ,2026-08-23,2239,2850,2545,241
Maharashtra,Aurangabad,Aurangabad,Rice,Swarna,FAQ,2026-08-22,2278,2899,2589,739
Maharashtra,Aurangabad,Aurangabad,Rice,Paddy(Dpr),FAQ,2026-08-21,2286,2909,2598,131
Maharashtra,Aurangabad,Aurangabad,Rice,Paddy(Dpr),FAQ,2026-08-20,2312,2943,2628,423
Maharashtra,Aurangabad,Aurangabad,Rice,Paddy(Dpr),FAQ,2026-08-19,2317,2950,2634,200
Maharashtra,Aurangabad,Aurangabad,Rice,Swarna,FAQ,2026-08-18,2368,3015,2692,609
Maharashtra,Aurangabad,Aurangabad,Rice,Paddy(Dpr),FAQ,2026-08-17,2357,3000,2679,175
Maharashtra,Aurangabad,Aurangabad,Rice,Basmati,FAQ,2026-08-16,2367,3012,2690,137
Maharashtra,Aurangabad,Aurangabad,Rice,Basmati,FAQ,2026-08-15,2340,2979,2660,343
Maharashtra,Aurangabad,Aurangabad,Rice,Paddy(Dpr),FAQ,2026-08-14,2395,3048,2722,269
Maharashtra,Aurangabad,Aurangabad,Rice,Swarna,FAQ,2026-08-13,2380,3029,2705,244
Maharashtra,Aurangabad,Aurangabad,Rice,Swarna,FAQ,2026-08-12,2365,3010,2688,487
Maharashtra,Aurangabad,Aurangabad,Rice,Basmati,FAQ,2026-08-11,2382,3031,2707,586
Maharashtra,Aurangabad,Aurangabad,Rice,Swarna,FAQ,2026-08-10,2369,3016,2693,304
Maharashtra,Aurangabad,Aurangabad,Rice,Basmati,FAQ,2026-08-09,2369,3016,2693,152
Maharashtra,Aurangabad,Aurangabad,Rice,Swarna,FAQ,2026-08-08,2339,2978,2659,591
Maharashtra,Aurangabad,Aurangabad,Rice,Swarna,FAQ,2026-08-07,2327,2962,2645,334
Maharashtra,Aurangabad,Aurangabad,Rice,Swarna,FAQ,2026-08-06,2373,3020,2697,602
Maharashtra,Aurangabad,Aurangabad,Rice,Paddy(Dpr),FAQ,2026-08-05,2325,2960,2643,377
Maharashtra,Aurangabad,Aurangabad,Rice,Swarna,FAQ,2026-08-04,2325,2960,2643,445
Maharashtra,Aurangabad,Aurangabad,Rice,Paddy(Dpr),FAQ,2026-08-03,2331,2966,2649,509
Maharashtra,Aurangabad,Aurangabad,Rice,Basmati,FAQ,2026-08-02,2320,2953,2637,174
Maharashtra,Aurangabad,Aurangabad,Rice,Basmati,FAQ,2026-08-01,2309,2938,2624,215
Maharashtra,Aurangabad,Aurangabad,Rice,Basmati,FAQ,2026-07-31,2313,2944,2629,206
Maharashtra,Aurangabad,Aurangabad,Rice,Basmati,FAQ,2026-07-30,2232,2841,2537,596
Maharashtra,Aurangabad,Aurangabad,Rice,Paddy(Dpr),FAQ,2026-07-29,2216,2821,2519,419
Maharashtra,Aurangabad,Aurangabad,Rice,Basmati,FAQ,2026-07-28,2214,2819,2517,472
Maharashtra,Aurangabad,Aurangabad,Potato,Jyoti,FAQ,2026-08-26,1263,1608,1436,752
Maharashtra,Aurangabad,Aurangabad,Potato,Jyoti,FAQ,2026-08-25,1267,1612,1440,773
Maharashtra,Aurangabad,Aurangabad,Potato,Kufri,FAQ,2026-08-24,1261,1604,1433,723
Maharashtra,Aurangabad,Aurangabad,Potato,Kufri,FAQ,2026-08-23,1311,1668,1490,192
Maharashtra,Aurangabad,Aurangabad,Potato,Kufri,FAQ,2026-08-22,1283,1632,1458,259
Maharashtra,Aurangabad,Aurangabad,Potato,Jyoti,FAQ,2026-08-21,1334,1697,1516,335
Maharashtra,Aurangabad,Aurangabad,Potato,Jyoti,FAQ,2026-08-20,1325,1686,1506,298
Maharashtra,Aurangabad,Aurangabad,Potato,Jyoti,FAQ,2026-08-19,1363,1734,1549,103
Maharashtra,Aurangabad,Aurangabad,Potato,Jyoti,FAQ,2026-08-18,1350,1719,1535,675
Maharashtra,Aurangabad,Aurangabad,Potato,Jyoti,FAQ,2026-08-17,1377,1752,1565,558
Maharashtra,Aurangabad,Aurangabad,Potato,Jyoti,FAQ,2026-08-16,1393,1772,1583,631
Maharashtra,Aurangabad,Aurangabad,Potato,Kufri,FAQ,2026-08-15,1386,1765,1576,616
Maharashtra,Aurangabad,Aurangabad,Potato,Kufri,FAQ,2026-08-14,1368,1741,1555,280
Maharashtra,Aurangabad,Aurangabad,Potato,Kufri,FAQ,2026-08-13,1413,1798,1606,383
Maharashtra,Aurangabad,Aurangabad,Potato,Kufri,FAQ,2026-08-12,1424,1813,1619,159
Maharashtra,Aurangabad,Aurangabad,Potato,Jyoti,FAQ,2026-08-11,1422,1809,1616,233
Maharashtra,Aurangabad,Aurangabad,Potato,Jyoti,FAQ,2026-08-10,1400,1781,1591,796
Maharashtra,Aurangabad,Aurangabad,Potato,Kufri,FAQ,2026-08-09,1388,1767,1578,103
Maharashtra,Aurangabad,Aurangabad,Potato,Jyoti,FAQ,2026-08-08,1375,1750,1563,708
Maharashtra,Aurangabad,Aurangabad,Potato,Kufri,FAQ,2026-08-07,1359,1730,1545,664
Maharashtra,Aurangabad,Aurangabad,Potato,Kufri,FAQ,2026-08-06,1381,1758,1570,378
Maharashtra,Aurangabad,Aurangabad,Potato,Kufri,FAQ,2026-08-05,1394,1775,1585,192
Maharashtra,Aurangabad,Aurangabad,Potato,Jyoti,FAQ,2026-08-04,1395,1776,1586,336
Maharashtra,Aurangabad,Aurangabad,Potato,Jyoti,FAQ,2026-08-03,1349,1718,1534,225
Maharashtra,Aurangabad,Aurangabad,Potato,Kufri,FAQ,2026-08-02,1361,1732,1547,553
Maharashtra,Aurangabad,Aurangabad,Potato,Jyoti,FAQ,2026-08-01,1343,1710,1527,763
Maharashtra,Aurangabad,Aurangabad,Potato,Jyoti,FAQ,2026-07-31,1334,1697,1516,612
Maharashtra,Aurangabad,Aurangabad,Potato,Kufri,FAQ,2026-07-30,1272,1619,1446,429
Maharashtra,Aurangabad,Aurangabad,Potato,Kufri,FAQ,2026-07-29,1242,1581,1412,708
Maharashtra,Aurangabad,Aurangabad,Potato,Jyoti,FAQ,2026-07-28,1271,1618,1445,354
Maharashtra,Aurangabad,Aurangabad,Soyabean,Yellow,FAQ,2026-08-26,3776,4807,4292,662
Maharashtra,Aurangabad,Aurangabad,Soyabean,Yellow,FAQ,2026-08-25,3838,4885,4362,408
Maharashtra,Aurangabad,Aurangabad,Soyabean,JS-335,FAQ,2026-08-24,3826,4869,4348,653
Maharashtra,Aurangabad,Aurangabad,Soyabean,JS-335,FAQ,2026-08-23,3829,4874,4352,716
Maharashtra,Aurangabad,Aurangabad,Soyabean,JS-335,FAQ,2026-08-22,3871,4926,4399,478
Maharashtra,Aurangabad,Aurangabad,Soyabean,JS-335,FAQ,2026-08-21,3902,4967,4435,370
Maharashtra,Aurangabad,Aurangabad,Soyabean,Yellow,FAQ,2026-08-20,3874,4931,4403,423
Maharashtra,Aurangabad,Aurangabad,Soyabean,JS-335,FAQ,2026-08-19,3939,5014,4477,526
Maharashtra,Aurangabad,Aurangabad,Soyabean,JS-335,FAQ,2026-08-18,3892,4953,4423,477
Maharashtra,Aurangabad,Aurangabad,Soyabean,Yellow,FAQ,2026-08-17,3923,4994,4459,396
Maharashtra,Aurangabad,Aurangabad,Soyabean,Yellow,FAQ,2026-08-16,3960,5040,4500,583
Maharashtra,Aurangabad,Aurangabad,Soyabean,JS-335,FAQ,2026-08-15,3930,5003,4467,635
Maharashtra,Aurangabad,Aurangabad,Soyabean,Yellow,FAQ,2026-08-14,3946,5023,4485,702
Maharashtra,Aurangabad,Aurangabad,Soyabean,Yellow,FAQ,2026-08-13,3982,5069,4526,339
Maharashtra,Aurangabad,Aurangabad,Soyabean,Yellow,FAQ,2026-08-12,3943,5018,4481,681
Maharashtra,Aurangabad,Aurangabad,Soyabean,JS-335,FAQ,2026-08-11,3989,5078,4534,536
Maharashtra,Aurangabad,Aurangabad,Soyabean,JS-335,FAQ,2026-08-10,3952,5029,4491,477
Maharashtra,Aurangabad,Aurangabad,Soyabean,JS-335,FAQ,2026-08-09,3924,4995,4460,121
Maharashtra,Aurangabad,Aurangabad,Soyabean,Yellow,FAQ,2026-08-08,3979,5064,4522,789
Maharashtra,Aurangabad,Aurangabad,Soyabean,JS-335,FAQ,2026-08-07,3953,5032,4493,296
Maharashtra,Aurangabad,Aurangabad,Soyabean,Yellow,FAQ,2026-08-06,3953,5032,4493,275
Maharashtra,Aurangabad,Aurangabad,Soyabean,Yellow,FAQ,2026-08-05,3963,5044,4504,650
Maharashtra,Aurangabad,Aurangabad,Soyabean,Yellow,FAQ,2026-08-04,3920,4989,4455,487
Maharashtra,Aurangabad,Aurangabad,Soyabean,JS-335,FAQ,2026-08-03,3939,5014,4477,545
Maharashtra,Aurangabad,Aurangabad,Soyabean,JS-335,FAQ,2026-08-02,3915,4982,4449,321
Maharashtra,Aurangabad,Aurangabad,Soyabean,Yellow,FAQ,2026-08-01,3862,4915,4389,669
Maharashtra,Aurangabad,Aurangabad,Soyabean,JS-335,FAQ,2026-07-31,3870,4925,4398,800
Maharashtra,Aurangabad,Aurangabad,Soyabean,JS-335,FAQ,2026-07-30,3842,4891,4367,747
Maharashtra,Aurangabad,Aurangabad,Soyabean,JS-335,FAQ,2026-07-29,3845,4894,4370,316
Maharashtra,Aurangabad,Aurangabad,Soyabean,JS-335,FAQ,2026-07-28,3801,4838,4320,692
Maharashtra,Aurangabad,Aurangabad,Maize,Hybrid,FAQ,2026-08-26,1611,2050,1831,655
Maharashtra,Aurangabad,Aurangabad,Maize,Yellow,FAQ,2026-08-25,1679,2138,1909,233
Maharashtra,Aurangabad,Aurangabad,Maize,Yellow,FAQ,2026-08-24,1657,2110,1884,501
Maharashtra,Aurangabad,Aurangabad,Maize,Hybrid,FAQ,2026-08-23,1664,2119,1892,672
Maharashtra,Aurangabad,Aurangabad,Maize,Hybrid,FAQ,2026-08-22,1733,2206,1970,766
Maharashtra,Aurangabad,Aurangabad,Maize,Hybrid,FAQ,2026-08-21,1752,2229,1991,342
Maharashtra,Aurangabad,Aurangabad,Maize,Hybrid,FAQ,2026-08-20,1726,2197,1962,219
Maharashtra,Aurangabad,Aurangabad,Maize,Hybrid,FAQ,2026-08-19,1750,2227,1989,477
Maharashtra,Aurangabad,Aurangabad,Maize,Yellow,FAQ,2026-08-18,1735,2208,1972,276
Maharashtra,Aurangabad,Aurangabad,Maize,Yellow,FAQ,2026-08-17,1761,2242,2002,116
Maharashtra,Aurangabad,Aurangabad,Maize,Yellow,FAQ,2026-08-16,1811,2304,2058,298
Maharashtra,Aurangabad,Aurangabad,Maize,Hybrid,FAQ,2026-08-15,1813,2308,2061,748
Maharashtra,Aurangabad,Aurangabad,Maize,Hybrid,FAQ,2026-08-14,1829,2328,2079,769
Maharashtra,Aurangabad,Aurangabad,Maize,Yellow,FAQ,2026-08-13,1810,2303,2057,192
Maharashtra,Aurangabad,Aurangabad,Maize,Hybrid,FAQ,2026-08-12,1773,2256,2015,705
Maharashtra,Aurangabad,Aurangabad,Maize,Yellow,FAQ,2026-08-11,1771,2254,2013,413
Maharashtra,Aurangabad,Aurangabad,Maize,Yellow,FAQ,2026-08-10,1785,2272,2029,384
Maharashtra,Aurangabad,Aurangabad,Maize,Yellow,FAQ,2026-08-09,1835,2336,2086,429
Maharashtra,Aurangabad,Aurangabad,Maize,Yellow,FAQ,2026-08-08,1789,2276,2033,128
Maharashtra,Aurangabad,Aurangabad,Maize,Hybrid,FAQ,2026-08-07,1770,2253,2012,416
Maharashtra,Aurangabad,Aurangabad,Maize,Yellow,FAQ,2026-08-06,1787,2274,2031,695
Maharashtra,Aurangabad,Aurangabad,Maize,Hybrid,FAQ,2026-08-05,1743,2218,1981,615
Maharashtra,Aurangabad,Aurangabad,Maize,Hybrid,FAQ,2026-08-04,1734,2207,1971,566
Maharashtra,Aurangabad,Aurangabad,Maize,Yellow,FAQ,2026-08-03,1779,2264,2022,458
Maharashtra,Aurangabad,Aurangabad,Maize,Yellow,FAQ,2026-08-02,1762,2243,2003,603
Maharashtra,Aurangabad,Aurangabad,Maize,Hybrid,FAQ,2026-08-01,1722,2191,1957,143
Maharashtra,Aurangabad,Aurangabad,Maize,Yellow,FAQ,2026-07-31,1742,2217,1980,536
Maharashtra,Aurangabad,Aurangabad,Maize,Hybrid,FAQ,2026-07-30,1694,2157,1926,313
Maharashtra,Aurangabad,Aurangabad,Maize,Hybrid,FAQ,2026-07-29,1668,2123,1896,355
Maharashtra,Aurangabad,Aurangabad,Maize,Hybrid,FAQ,2026-07-28,1681,2140,1911,780
Maharashtra,Aurangabad,Aurangabad,Cotton,Medium Staple,FAQ,2026-08-26,5694,7247,6471,285
Maharashtra,Aurangabad,Aurangabad,Cotton,Medium Staple,FAQ,2026-08-25,5765,7338,6552,536
Maharashtra,Aurangabad,Aurangabad,Cotton,Medium Staple,FAQ,2026-08-24,5741,7306,6524,701
Maharashtra,Aurangabad,Aurangabad,Cotton,Medium Staple,FAQ,2026-08-23,5776,7351,6564,662
Maharashtra,Aurangabad,Aurangabad,Cotton,Medium Staple,FAQ,2026-08-22,5793,7372,6583,796
Maharashtra,Aurangabad,Aurangabad,Cotton,Medium Staple,FAQ,2026-08-21,5840,7433,6637,650
Maharashtra,Aurangabad,Aurangabad,Cotton,Medium Staple,FAQ,2026-08-20,5844,7437,6641,168
Maharashtra,Aurangabad,Aurangabad,Cotton,Medium Staple,FAQ,2026-08-19,5829,7418,6624,128
Maharashtra,Aurangabad,Aurangabad,Cotton,Medium Staple,FAQ,2026-08-18,5862,7461,6662,528
Maharashtra,Aurangabad,Aurangabad,Cotton,Medium Staple,FAQ,2026-08-17,5835,7426,6631,232
Maharashtra,Aurangabad,Aurangabad,Cotton,Medium Staple,FAQ,2026-08-16,5882,7487,6685,423
Maharashtra,Aurangabad,Aurangabad,Cotton,Medium Staple,FAQ,2026-08-15,5896,7504,6700,516
Maharashtra,Aurangabad,Aurangabad,Cotton,Medium Staple,FAQ,2026-08-14,5859,7456,6658,156
Maharashtra,Aurangabad,Aurangabad,Cotton,Medium Staple,FAQ,2026-08-13,5886,7491,6689,383
Maharashtra,Aurangabad,Aurangabad,Cotton,Medium Staple,FAQ,2026-08-12,5873,7474,6674,714
Maharashtra,Aurangabad,Aurangabad,Cotton,Medium Staple,FAQ,2026-08-11,5874,7476,6675,292
Maharashtra,Aurangabad,Aurangabad,Cotton,Medium Staple,FAQ,2026-08-10,5880,7483,6682,320
Maharashtra,Aurangabad,Aurangabad,Cotton,Medium Staple,FAQ,2026-08-09,5900,7509,6705,756
Maharashtra,Aurangabad,Aurangabad,Cotton,Medium Staple,FAQ,2026-08-08,5854,7451,6653,458
Maharashtra,Aurangabad,Aurangabad,Cotton,Medium Staple,FAQ,2026-08-07,5849,7444,6647,721
Maharashtra,Aurangabad,Aurangabad,Cotton,Medium Staple,FAQ,2026-08-06,5866,7465,6666,448
Maharashtra,Aurangabad,Aurangabad,Cotton,Medium Staple,FAQ,2026-08-05,5899,7508,6704,345
Maharashtra,Aurangabad,Aurangabad,Cotton,Medium Staple,FAQ,2026-08-04,5866,7465,6666,317
Maharashtra,Aurangabad,Aurangabad,Cotton,Medium Staple,FAQ,2026-08-03,5850,7445,6648,572
Maharashtra,Aurangabad,Aurangabad,Cotton,Medium Staple,FAQ,2026-08-02,5837,7430,6634,443
Maharashtra,Aurangabad,Aurangabad,Cotton,Medium Staple,FAQ,2026-08-01,5823,7412,6618,763
Maharashtra,Aurangabad,Aurangabad,Cotton,Medium Staple,FAQ,2026-07-31,5795,7376,6586,470
Maharashtra,Aurangabad,Aurangabad,Cotton,Medium Staple,FAQ,2026-07-30,5756,7327,6542,546
Maharashtra,Aurangabad,Aurangabad,Cotton,Medium Staple,FAQ,2026-07-29,5767,7340,6554,190
Maharashtra,Aurangabad,Aurangabad,Cotton,Medium Staple,FAQ,2026-07-28,5710,7267,6489,489
Maharashtra,Aurangabad,Aurangabad,Sugarcane,Co-86032,FAQ,2026-08-26,264,336,300,680
Maharashtra,Aurangabad,Aurangabad,Sugarcane,Co-86032,FAQ,2026-08-25,264,336,300,777
Maharashtra,Aurangabad,Aurangabad,Sugarcane,Co-86032,FAQ,2026-08-24,264,336,300,651
Maharashtra,Aurangabad,Aurangabad,Sugarcane,Co-86032,FAQ,2026-08-23,281,358,320,426
Maharashtra,Aurangabad,Aurangabad,Sugarcane,Co-86032,FAQ,2026-08-22,300,381,341,669
Maharashtra,Aurangabad,Aurangabad,Sugarcane,Co-86032,FAQ,2026-08-21,294,375,335,468
Maharashtra,Aurangabad,Aurangabad,Sugarcane,Co-86032,FAQ,2026-08-20,301,384,343,245
Maharashtra,Aurangabad,Aurangabad,Sugarcane,Co-86032,FAQ,2026-08-19,306,389,348,228
Maharashtra,Aurangabad,Aurangabad,Sugarcane,Co-86032,FAQ,2026-08-18,300,383,342,619
Maharashtra,Aurangabad,Aurangabad,Sugarcane,Co-86032,FAQ,2026-08-17,352,449,401,547
Maharashtra,Aurangabad,Aurangabad,Sugarcane,Co-86032,FAQ,2026-08-16,334,425,380,633
Maharashtra,Aurangabad,Aurangabad,Sugarcane,Co-86032,FAQ,2026-08-15,384,489,437,209
Maharashtra,Aurangabad,Aurangabad,Sugarcane,Co-86032,FAQ,2026-08-14,342,435,389,454
Maharashtra,Aurangabad,Aurangabad,Sugarcane,Co-86032,FAQ,2026-08-13,395,502,449,588
Maharashtra,Aurangabad,Aurangabad,Sugarcane,Co-86032,FAQ,2026-08-12,392,499,446,789
Maharashtra,Aurangabad,Aurangabad,Sugarcane,Co-86032,FAQ,2026-08-11,361,460,411,770
Maharashtra,Aurangabad,Aurangabad,Sugarcane,Co-86032,FAQ,2026-08-10,333,424,379,582
Maharashtra,Aurangabad,Aurangabad,Sugarcane,Co-86032,FAQ,2026-08-09,395,502,449,582
Maharashtra,Aurangabad,Aurangabad,Sugarcane,Co-86032,FAQ,2026-08-08,337,428,383,194
Maharashtra,Aurangabad,Aurangabad,Sugarcane,Co-86032,FAQ,2026-08-07,365,464,415,502
Maharashtra,Aurangabad,Aurangabad,Sugarcane,Co-86032,FAQ,2026-08-06,363,462,413,313
Maharashtra,Aurangabad,Aurangabad,Sugarcane,Co-86032,FAQ,2026-08-05,337,428,383,233
Maharashtra,Aurangabad,Aurangabad,Sugarcane,Co-86032,FAQ,2026-08-04,310,395,353,579
Maharashtra,Aurangabad,Aurangabad,Sugarcane,Co-86032,FAQ,2026-08-03,320,407,364,493
Maharashtra,Aurangabad,Aurangabad,Sugarcane,Co-86032,FAQ,2026-08-02,273,348,311,641
Maharashtra,Aurangabad,Aurangabad,Sugarcane,Co-86032,FAQ,2026-08-01,271,346,309,586
Maharashtra,Aurangabad,Aurangabad,Sugarcane,Co-86032,FAQ,2026-07-31,264,336,300,114
Maharashtra,Aurangabad,Aurangabad,Sugarcane,Co-86032,FAQ,2026-07-30,277,352,315,584
Maharashtra,Aurangabad,Aurangabad,Sugarcane,Co-86032,FAQ,2026-07-29,264,336,300,247
Maharashtra,Aurangabad,Aurangabad,Sugarcane,Co-86032,FAQ,2026-07-28,264,336,300,280
Maharashtra,Aurangabad,Aurangabad,Mustard,Yellow,FAQ,2026-08-26,4734,6025,5380,728
Maharashtra,Aurangabad,Aurangabad,Mustard,Yellow,FAQ,2026-08-25,4741,6034,5388,140
Maharashtra,Aurangabad,Aurangabad,Mustard,Yellow,FAQ,2026-08-24,4750,6045,5398,666
Maharashtra,Aurangabad,Aurangabad,Mustard,Yellow,FAQ,2026-08-23,4737,6030,5384,238
Maharashtra,Aurangabad,Aurangabad,Mustard,Yellow,FAQ,2026-08-22,4791,6098,5445,656
Maharashtra,Aurangabad,Aurangabad,Mustard,Black,FAQ,2026-08-21,4803,6114,5459,137
Maharashtra,Aurangabad,Aurangabad,Mustard,Black,FAQ,2026-08-20,4835,6154,5495,547
Maharashtra,Aurangabad,Aurangabad,Mustard,Yellow,FAQ,2026-08-19,4832,6149,5491,495
Maharashtra,Aurangabad,Aurangabad,Mustard,Yellow,FAQ,2026-08-18,4810,6121,5466,711
Maharashtra,Aurangabad,Aurangabad,Mustard,Black,FAQ,2026-08-17,4871,6200,5536,239
Maharashtra,Aurangabad,Aurangabad,Mustard,Yellow,FAQ,2026-08-16,4831,6148,5490,240
Maharashtra,Aurangabad,Aurangabad,Mustard,Black,FAQ,2026-08-15,4857,6182,5520,796
Maharashtra,Aurangabad,Aurangabad,Mustard,Yellow,FAQ,2026-08-14,4906,6244,5575,551
Maharashtra,Aurangabad,Aurangabad,Mustard,Yellow,FAQ,2026-08-13,4905,6242,5574,396
Maharashtra,Aurangabad,Aurangabad,Mustard,Black,FAQ,2026-08-12,4869,6196,5533,490
Maharashtra,Aurangabad,Aurangabad,Mustard,Yellow,FAQ,2026-08-11,4896,6231,5564,631
Maharashtra,Aurangabad,Aurangabad,Mustard,Yellow,FAQ,2026-08-10,4868,6195,5532,737
Maharashtra,Aurangabad,Aurangabad,Mustard,Black,FAQ,2026-08-09,4863,6190,5527,632
Maharashtra,Aurangabad,Aurangabad,Mustard,Yellow,FAQ,2026-08-08,4858,6183,5521,103
Maharashtra,Aurangabad,Aurangabad,Mustard,Black,FAQ,2026-08-07,4855,6180,5518,252
Maharashtra,Aurangabad,Aurangabad,Mustard,Black,FAQ,2026-08-06,4884,6217,5551,381
Maharashtra,Aurangabad,Aurangabad,Mustard,Black,FAQ,2026-08-05,4851,6174,5513,192
Maharashtra,Aurangabad,Aurangabad,Mustard,Black,FAQ,2026-08-04,4822,6137,5480,779
Maharashtra,Aurangabad,Aurangabad,Mustard,Yellow,FAQ,2026-08-03,4856,6181,5519,509
Maharashtra,Aurangabad,Aurangabad,Mustard,Yellow,FAQ,2026-08-02,4854,6177,5516,551
Maharashtra,Aurangabad,Aurangabad,Mustard,Yellow,FAQ,2026-08-01,4793,6100,5447,372
Maharashtra,Aurangabad,Aurangabad,Mustard,Black,FAQ,2026-07-31,4796,6104,5450,677
Maharashtra,Aurangabad,Aurangabad,Mustard,Yellow,FAQ,2026-07-30,4748,6043,5396,357
Maharashtra,Aurangabad,Aurangabad,Mustard,Black,FAQ,2026-07-29,4757,6054,5406,574
Maharashtra,Aurangabad,Aurangabad,Mustard,Black,FAQ,2026-07-28,4702,5985,5344,640
Maharashtra,Aurangabad,Aurangabad,Grapes,Thompson Seedless,FAQ,2026-08-26,4288,5457,4873,214
Maharashtra,Aurangabad,Aurangabad,Grapes,Thompson Seedless,FAQ,2026-08-25,4370,5561,4966,730
Maharashtra,Aurangabad,Aurangabad,Grapes,Thompson Seedless,FAQ,2026-08-24,4377,5570,4974,712
Maharashtra,Aurangabad,Aurangabad,Grapes,Thompson Seedless,FAQ,2026-08-23,4379,5574,4977,196
Maharashtra,Aurangabad,Aurangabad,Grapes,Thompson Seedless,FAQ,2026-08-22,4410,5613,5012,565
Maharashtra,Aurangabad,Aurangabad,Grapes,Thompson Seedless,FAQ,2026-08-21,4414,5619,5017,400
Maharashtra,Aurangabad,Aurangabad,Grapes,Thompson Seedless,FAQ,2026-08-20,4407,5610,5009,702
Maharashtra,Aurangabad,Aurangabad,Grapes,Thompson Seedless,FAQ,2026-08-19,4429,5636,5033,167
Maharashtra,Aurangabad,Aurangabad,Grapes,Thompson Seedless,FAQ,2026-08-18,4461,5678,5070,330
Maharashtra,Aurangabad,Aurangabad,Grapes,Thompson Seedless,FAQ,2026-08-17,4433,5642,5038,630
Maharashtra,Aurangabad,Aurangabad,Grapes,Thompson Seedless,FAQ,2026-08-16,4457,5672,5065,100
Maharashtra,Aurangabad,Aurangabad,Grapes,Thompson Seedless,FAQ,2026-08-15,4481,5704,5093,162
Maharashtra,Aurangabad,Aurangabad,Grapes,Thompson Seedless,FAQ,2026-08-14,4474,5695,5085,768
Maharashtra,Aurangabad,Aurangabad,Grapes,Thompson Seedless,FAQ,2026-08-13,4468,5687,5078,103
Maharashtra,Aurangabad,Aurangabad,Grapes,Thompson Seedless,FAQ,2026-08-12,4505,5734,5120,581
Maharashtra,Aurangabad,Aurangabad,Grapes,Thompson Seedless,FAQ,2026-08-11,4467,5686,5077,299
Maharashtra,Aurangabad,Aurangabad,Grapes,Thompson Seedless,FAQ,2026-08-10,4511,5742,5127,726
Maharashtra,Aurangabad,Aurangabad,Grapes,Thompson Seedless,FAQ,2026-08-09,4498,5725,5112,430
Maharashtra,Aurangabad,Aurangabad,Grapes,Thompson Seedless,FAQ,2026-08-08,4473,5694,5084,693
Maharashtra,Aurangabad,Aurangabad,Grapes,Thompson Seedless,FAQ,2026-08-07,4476,5697,5087,446
Maharashtra,Aurangabad,Aurangabad,Grapes,Thompson Seedless,FAQ,2026-08-06,4465,5682,5074,121
Maharashtra,Aurangabad,Aurangabad,Grapes,Thompson Seedless,FAQ,2026-08-05,4426,5633,5030,695
Maharashtra,Aurangabad,Aurangabad,Grapes,Thompson Seedless,FAQ,2026-08-04,4429,5638,5034,621
Maharashtra,Aurangabad,Aurangabad,Grapes,Thompson Seedless,FAQ,2026-08-03,4431,5640,5036,749
Maharashtra,Aurangabad,Aurangabad,Grapes,Thompson Seedless,FAQ,2026-08-02,4442,5653,5048,600
Maharashtra,Aurangabad,Aurangabad,Grapes,Thompson Seedless,FAQ,2026-08-01,4436,5645,5041,693
Maharashtra,Aurangabad,Aurangabad,Grapes,Thompson Seedless,FAQ,2026-07-31,4391,5588,4990,436
Maharashtra,Aurangabad,Aurangabad,Grapes,Thompson Seedless,FAQ,2026-07-30,4396,5595,4996,730
Maharashtra,Aurangabad,Aurangabad,Grapes,Thompson Seedless,FAQ,2026-07-29,4360,5549,4955,499
Maharashtra,Aurangabad,Aurangabad,Grapes,Thompson Seedless,FAQ,2026-07-28,4363,5552,4958,575
Maharashtra,Aurangabad,Aurangabad,Pomegranate,Bhagwa,FAQ,2026-08-26,5612,7143,6378,561
Maharashtra,Aurangabad,Aurangabad,Pomegranate,Bhagwa,FAQ,2026-08-25,5677,7226,6452,406
Maharashtra,Aurangabad,Aurangabad,Pomegranate,Bhagwa,FAQ,2026-08-24,5642,7181,6412,317
Maharashtra,Aurangabad,Aurangabad,Pomegranate,Bhagwa,FAQ,2026-08-23,5692,7245,6469,109
Maharashtra,Aurangabad,Aurangabad,Pomegranate,Bhagwa,FAQ,2026-08-22,5721,7282,6502,175
Maharashtra,Aurangabad,Aurangabad,Pomegranate,Bhagwa,FAQ,2026-08-21,5699,7254,6477,611
Maharashtra,Aurangabad,Aurangabad,Pomegranate,Bhagwa,FAQ,2026-08-20,5753,7322,6538,381
Maharashtra,Aurangabad,Aurangabad,Pomegranate,Bhagwa,FAQ,2026-08-19,5740,7305,6523,183
Maharashtra,Aurangabad,Aurangabad,Pomegranate,Bhagwa,FAQ,2026-08-18,5762,7333,6548,641
Maharashtra,Aurangabad,Aurangabad,Pomegranate,Bhagwa,FAQ,2026-08-17,5784,7361,6573,780
Maharashtra,Aurangabad,Aurangabad,Pomegranate,Bhagwa,FAQ,2026-08-16,5779,7356,6568,343
Maharashtra,Aurangabad,Aurangabad,Pomegranate,Bhagwa,FAQ,2026-08-15,5759,7330,6545,285
Maharashtra,Aurangabad,Aurangabad,Pomegranate,Bhagwa,FAQ,2026-08-14,5811,7396,6604,192
Maharashtra,Aurangabad,Aurangabad,Pomegranate,Bhagwa,FAQ,2026-08-13,5788,7367,6578,455
Maharashtra,Aurangabad,Aurangabad,Pomegranate,Bhagwa,FAQ,2026-08-12,5814,7399,6607,583
Maharashtra,Aurangabad,Aurangabad,Pomegranate,Bhagwa,FAQ,2026-08-11,5803,7386,6595,469
Maharashtra,Aurangabad,Aurangabad,Pomegranate,Bhagwa,FAQ,2026-08-10,5778,7355,6567,411
Maharashtra,Aurangabad,Aurangabad,Pomegranate,Bhagwa,FAQ,2026-08-09,5795,7376,6586,599
Maharashtra,Aurangabad,Aurangabad,Pomegranate,Bhagwa,FAQ,2026-08-08,5778,7353,6566,601
Maharashtra,Aurangabad,Aurangabad,Pomegranate,Bhagwa,FAQ,2026-08-07,5778,7355,6567,580
Maharashtra,Aurangabad,Aurangabad,Pomegranate,Bhagwa,FAQ,2026-08-06,5807,7390,6599,743
Maharashtra,Aurangabad,Aurangabad,Pomegranate,Bhagwa,FAQ,2026-08-05,5764,7337,6551,290
Maharashtra,Aurangabad,Aurangabad,Pomegranate,Bhagwa,FAQ,2026-08-04,5803,7386,6595,506
Maharashtra,Aurangabad,Aurangabad,Pomegranate,Bhagwa,FAQ,2026-08-03,5791,7370,6581,789
Maharashtra,Aurangabad,Aurangabad,Pomegranate,Bhagwa,FAQ,2026-08-02,5728,7291,6510,326
Maharashtra,Aurangabad,Aurangabad,Pomegranate,Bhagwa,FAQ,2026-08-01,5711,7268,6490,617
Maharashtra,Aurangabad,Aurangabad,Pomegranate,Bhagwa,FAQ,2026-07-31,5737,7302,6520,404
Maharashtra,Aurangabad,Aurangabad,Pomegranate,Bhagwa,FAQ,2026-07-30,5700,7255,6478,126
Maharashtra,Aurangabad,Aurangabad,Pomegranate,Bhagwa,FAQ,2026-07-29,5663,7208,6436,664
Maharashtra,Aurangabad,Aurangabad,Pomegranate,Bhagwa,FAQ,2026-07-28,5646,7187,6417,622
Maharashtra,Aurangabad,Gangapur,Tomato,Hybrid,FAQ,2026-08-26,1827,2326,2077,332
Maharashtra,Aurangabad,Gangapur,Tomato,Vaishali,FAQ,2026-08-25,1837,2338,2088,762
Maharashtra,Aurangabad,Gangapur,Tomato,Vaishali,FAQ,2026-08-24,1877,2390,2134,717
Maharashtra,Aurangabad,Gangapur,Tomato,Local,FAQ,2026-08-23,1922,2447,2185,735
Maharashtra,Aurangabad,Gangapur,Tomato,Local,FAQ,2026-08-22,1928,2453,2191,571
Maharashtra,Aurangabad,Gangapur,Tomato,Vaishali,FAQ,2026-08-21,1915,2438,2177,270
Maharashtra,Aurangabad,Gangapur,Tomato,Local,FAQ,2026-08-20,1943,2474,2209,197
Maharashtra,Aurangabad,Gangapur,Tomato,Local,FAQ,2026-08-19,1988,2531,2260,327
Maharashtra,Aurangabad,Gangapur,Tomato,Hybrid,FAQ,2026-08-18,1955,2488,2222,409
Maharashtra,Aurangabad,Gangapur,Tomato,Vaishali,FAQ,2026-08-17,2017,2568,2293,447
Maharashtra,Aurangabad,Gangapur,Tomato,Vaishali,FAQ,2026-08-16,1998,2543,2271,667
Maharashtra,Aurangabad,Gangapur,Tomato,Local,FAQ,2026-08-15,2032,2587,2310,225
Maharashtra,Aurangabad,Gangapur,Tomato,Hybrid,FAQ,2026-08-14,2045,2602,2324,639
Maharashtra,Aurangabad,Gangapur,Tomato,Hybrid,FAQ,2026-08-13,1995,2540,2268,409
Maharashtra,Aurangabad,Gangapur,Tomato,Hybrid,FAQ,2026-08-12,2015,2564,2290,173
Maharashtra,Aurangabad,Gangapur,Tomato,Local,FAQ,2026-08-11,2058,2619,2339,377
Maharashtra,Aurangabad,Gangapur,Tomato,Vaishali,FAQ,2026-08-10,2037,2592,2315,398
Maharashtra,Aurangabad,Gangapur,Tomato,Vaishali,FAQ,2026-08-09,2041,2598,2320,226
Maharashtra,Aurangabad,Gangapur,Tomato,Local,FAQ,2026-08-08,2003,2550,2277,617
Maharashtra,Aurangabad,Gangapur,Tomato,Hybrid,FAQ,2026-08-07,1996,2541,2269,796
Maharashtra,Aurangabad,Gangapur,Tomato,Hybrid,FAQ,2026-08-06,2037,2592,2315,240
Maharashtra,Aurangabad,Gangapur,Tomato,Hybrid,FAQ,2026-08-05,1974,2513,2244,750
Maharashtra,Aurangabad,Gangapur,Tomato,Local,FAQ,2026-08-04,1996,2541,2269,495
Maharashtra,Aurangabad,Gangapur,Tomato,Local,FAQ,2026-08-03,1965,2502,2234,128
Maharashtra,Aurangabad,Gangapur,Tomato,Hybrid,FAQ,2026-08-02,1938,2467,2203,531
Maharashtra,Aurangabad,Gangapur,Tomato,Local,FAQ,2026-08-01,1972,2511,2242,385
Maharashtra,Aurangabad,Gangapur,Tomato,Vaishali,FAQ,2026-07-31,1894,2411,2153,119
Maharashtra,Aurangabad,Gangapur,Tomato,Vaishali,FAQ,2026-07-30,1939,2468,2204,608
Maharashtra,Aurangabad,Gangapur,Tomato,Vaishali,FAQ,2026-07-29,1891,2406,2149,346
Maharashtra,Aurangabad,Gangapur,Tomato,Vaishali,FAQ,2026-07-28,1904,2423,2164,425
Maharashtra,Aurangabad,Gangapur,Onion,Red,FAQ,2026-08-26,1542,1963,1753,256
Maharashtra,Aurangabad,Gangapur,Onion,Garwa,FAQ,2026-08-25,1550,1973,1762,394
Maharashtra,Aurangabad,Gangapur,Onion,Garwa,FAQ,2026-08-24,1555,1980,1768,177
Maharashtra,Aurangabad,Gangapur,Onion,White,FAQ,2026-08-23,1591,2026,1809,254
Maharashtra,Aurangabad,Gangapur,Onion,Red,FAQ,2026-08-22,1624,2067,1846,222
Maharashtra,Aurangabad,Gangapur,Onion,Red,FAQ,2026-08-21,1632,2077,1855,537
Maharashtra,Aurangabad,Gangapur,Onion,Garwa,FAQ,2026-08-20,1672,2128,1900,260
Maharashtra,Aurangabad,Gangapur,Onion,Garwa,FAQ,2026-08-19,1664,2119,1892,632
Maharashtra,Aurangabad,Gangapur,Onion,Red,FAQ,2026-08-18,1649,2098,1874,239
Maharashtra,Aurangabad,Gangapur,Onion,White,FAQ,2026-08-17,1663,2116,1890,364
Maharashtra,Aurangabad,Gangapur,Onion,Red,FAQ,2026-08-16,1678,2135,1907,662
Maharashtra,Aurangabad,Gangapur,Onion,Garwa,FAQ,2026-08-15,1723,2192,1958,392
Maharashtra,Aurangabad,Gangapur,Onion,White,FAQ,2026-08-14,1711,2178,1945,376
Maharashtra,Aurangabad,Gangapur,Onion,Garwa,FAQ,2026-08-13,1736,2209,1973,320
Maharashtra,Aurangabad,Gangapur,Onion,White,FAQ,2026-08-12,1710,2177,1944,379
Maharashtra,Aurangabad,Gangapur,Onion,White,FAQ,2026-08-11,1686,2145,1916,429
Maharashtra,Aurangabad,Gangapur,Onion,White,FAQ,2026-08-10,1727,2198,1963,154
Maharashtra,Aurangabad,Gangapur,Onion,Red,FAQ,2026-08-09,1694,2157,1926,420
Maharashtra,Aurangabad,Gangapur,Onion,Garwa,FAQ,2026-08-08,1702,2167,1935,636
Maharashtra,Aurangabad,Gangapur,Onion,Garwa,FAQ,2026-08-07,1730,2203,1967,726
Maharashtra,Aurangabad,Gangapur,Onion,Garwa,FAQ,2026-08-06,1722,2191,1957,632
Maharashtra,Aurangabad,Gangapur,Onion,Garwa,FAQ,2026-08-05,1680,2139,1910,502
Maharashtra,Aurangabad,Gangapur,Onion,Garwa,FAQ,2026-08-04,1644,2093,1869,242
Maharashtra,Aurangabad,Gangapur,Onion,White,FAQ,2026-08-03,1635,2082,1859,547
Maharashtra,Aurangabad,Gangapur,Onion,Red,FAQ,2026-08-02,1625,2068,1847,713
Maharashtra,Aurangabad,Gangapur,Onion,Garwa,FAQ,2026-08-01,1650,2100,1875,140
Maharashtra,Aurangabad,Gangapur,Onion,Red,FAQ,2026-07-31,1647,2096,1872,467
Maharashtra,Aurangabad,Gangapur,Onion,Red,FAQ,2026-07-30,1579,2010,1795,315
Maharashtra,Aurangabad,Gangapur,Onion,Red,FAQ,2026-07-29,1563,1990,1777,621
Maharashtra,Aurangabad,Gangapur,Onion,Garwa,FAQ,2026-07-28,1534,1953,1744,424
Maharashtra,Aurangabad,Gangapur,Wheat,FAQ,FAQ,2026-08-26,2040,2597,2319,228
Maharashtra,Aurangabad,Gangapur,Wheat,FAQ,FAQ,2026-08-25,2100,2673,2387,304
Maharashtra,Aurangabad,Gangapur,Wheat,FAQ,FAQ,2026-08-24,2101,2674,2388,462
Maharashtra,Aurangabad,Gangapur,Wheat,Sharbati,FAQ,2026-08-23,2097,2668,2383,349
Maharashtra,Aurangabad,Gangapur,Wheat,Sharbati,FAQ,2026-08-22,2160,2749,2455,690
Maharashtra,Aurangabad,Gangapur,Wheat,Sharbati,FAQ,2026-08-21,2141,2726,2434,216
Maharashtra,Aurangabad,Gangapur,Wheat,Lok-1,FAQ,2026-08-20,2168,2759,2464,355
Maharashtra,Aurangabad,Gangapur,Wheat,Lok-1,FAQ,2026-08-19,2160,2749,2455,454
Maharashtra,Aurangabad,Gangapur,Wheat,Sharbati,FAQ,2026-08-18,2235,2844,2540,684
Maharashtra,Aurangabad,Gangapur,Wheat,FAQ,FAQ,2026-08-17,2207,2810,2509,371
Maharashtra,Aurangabad,Gangapur,Wheat,FAQ,FAQ,2026-08-16,2250,2863,2557,440
Maharashtra,Aurangabad,Gangapur,Wheat,Sharbati,FAQ,2026-08-15,2207,2808,2508,242
Maharashtra,Aurangabad,Gangapur,Wheat,FAQ,FAQ,2026-08-14,2250,2863,2557,249
Maharashtra,Aurangabad,Gangapur,Wheat,FAQ,FAQ,2026-08-13,2266,2884,2575,769
Maharashtra,Aurangabad,Gangapur,Wheat,FAQ,FAQ,2026-08-12,2262,2879,2571,442
Maharashtra,Aurangabad,Gangapur,Wheat,FAQ,FAQ,2026-08-11,2275,2896,2586,697
Maharashtra,Aurangabad,Gangapur,Wheat,Sharbati,FAQ,2026-08-10,2223,2830,2527,714
Maharashtra,Aurangabad,Gangapur,Wheat,FAQ,FAQ,2026-08-09,2258,2875,2567,279
Maharashtra,Aurangabad,Gangapur,Wheat,Sharbati,FAQ,2026-08-08,2235,2844,2540,366
Maharashtra,Aurangabad,Gangapur,Wheat,Sharbati,FAQ,2026-08-07,2263,2880,2572,584
Maharashtra,Aurangabad,Gangapur,Wheat,FAQ,FAQ,2026-08-06,2223,2830,2527,598
Maharashtra,Aurangabad,Gangapur,Wheat,Sharbati,FAQ,2026-08-05,2188,2785,2487,530
Maharashtra,Aurangabad,Gangapur,Wheat,Sharbati,FAQ,2026-08-04,2222,2828,2525,767
Maharashtra,Aurangabad,Gangapur,Wheat,Sharbati,FAQ,2026-08-03,2204,2805,2505,497
Maharashtra,Aurangabad,Gangapur,Wheat,Sharbati,FAQ,2026-08-02,2152,2739,2446,546
Maharashtra,Aurangabad,Gangapur,Wheat,FAQ,FAQ,2026-08-01,2140,2723,2432,605
Maharashtra,Aurangabad,Gangapur,Wheat,Lok-1,FAQ,2026-07-31,2181,2776,2479,766
Maharashtra,Aurangabad,Gangapur,Wheat,Sharbati,FAQ,2026-07-30,2126,2705,2416,660
Maharashtra,Aurangabad,Gangapur,Wheat,FAQ,FAQ,2026-07-29,2090,2660,2375,287
Maharashtra,Aurangabad,Gangapur,Wheat,Lok-1,FAQ,2026-07-28,2082,2649,2366,388
Maharashtra,Aurangabad,Gangapur,Rice,Swarna,FAQ,2026-08-26,2211,2814,2513,419
Maharashtra,Aurangabad,Gangapur,Rice,Swarna,FAQ,2026-08-25,2219,2824,2522,663
Maharashtra,Aurangabad,Gangapur,Rice,Swarna,FAQ,2026-08-24,2224,2831,2528,226
Maharashtra,Aurangabad,Gangapur,Rice,Basmati,FAQ,2026-08-23,2272,2891,2582,791
Maharashtra,Aurangabad,Gangapur,Rice,Basmati,FAQ,2026-08-22,2274,2895,2585,571
Maharashtra,Aurangabad,Gangapur,Rice,Swarna,FAQ,2026-08-21,2271,2890,2581,503
Maharashtra,Aurangabad,Gangapur,Rice,Basmati,FAQ,2026-08-20,2311,2942,2627,635
Maharashtra,Aurangabad,Gangapur,Rice,Basmati,FAQ,2026-08-19,2355,2998,2677,234
Maharashtra,Aurangabad,Gangapur,Rice,Paddy(Dpr),FAQ,2026-08-18,2333,2970,2652,548
Maharashtra,Aurangabad,Gangapur,Rice,Paddy(Dpr),FAQ,2026-08-17,2319,2952,2636,531
Maharashtra,Aurangabad,Gangapur,Rice,Swarna,FAQ,2026-08-16,2350,2991,2671,716
Maharashtra,Aurangabad,Gangapur,Rice,Basmati,FAQ,2026-08-15,2385,3036,2711,150
Maharashtra,Aurangabad,Gangapur,Rice,Swarna,FAQ,2026-08-14,2386,3037,2712,705
Maharashtra,Aurangabad,Gangapur,Rice,Swarna,FAQ,2026-08-13,2378,3027,2703,197
Maharashtra,Aurangabad,Gangapur,Rice,Swarna,FAQ,2026-08-12,2400,3055,2728,418
Maharashtra,Aurangabad,Gangapur,Rice,Paddy(Dpr),FAQ,2026-08-11,2365,3010,2688,126
Maharashtra,Aurangabad,Gangapur,Rice,Swarna,FAQ,2026-08-10,2384,3035,2710,382
Maharashtra,Aurangabad,Gangapur,Rice,Basmati,FAQ,2026-08-09,2376,3025,2701,607
Maharashtra,Aurangabad,Gangapur,Rice,Basmati,FAQ,2026-08-08,2349,2990,2670,207
Maharashtra,Aurangabad,Gangapur,Rice,Basmati,FAQ,2026-08-07,2392,3045,2719,516
Maharashtra,Aurangabad,Gangapur,Rice,Basmati,FAQ,2026-08-06,2376,3024,2700,673
Maharashtra,Aurangabad,Gangapur,Rice,Basmati,FAQ,2026-08-05,2371,3018,2695,778
Maharashtra,Aurangabad,Gangapur,Rice,Swarna,FAQ,2026-08-04,2371,3018,2695,681
Maharashtra,Aurangabad,Gangapur,Rice,Basmati,FAQ,2026-08-03,2296,2923,2610,622
Maharashtra,Aurangabad,Gangapur,Rice,Swarna,FAQ,2026-08-02,2286,2909,2598,590
Maharashtra,Aurangabad,Gangapur,Rice,Swarna,FAQ,2026-08-01,2295,2922,2609,557
Maharashtra,Aurangabad,Gangapur,Rice,Swarna,FAQ,2026-07-31,2307,2936,2622,211
Maharashtra,Aurangabad,Gangapur,Rice,Swarna,FAQ,2026-07-30,2270,2889,2580,267
Maharashtra,Aurangabad,Gangapur,Rice,Swarna,FAQ,2026-07-29,2215,2820,2518,522
Maharashtra,Aurangabad,Gangapur,Rice,Paddy(Dpr),FAQ,2026-07-28,2238,2849,2544,547
Maharashtra,Aurangabad,Gangapur,Potato,Kufri,FAQ,2026-08-26,1259,1602,1431,224
Maharashtra,Aurangabad,Gangapur,Potato,Kufri,FAQ,2026-08-25,1266,1611,1439,699
Maharashtra,Aurangabad,Gangapur,Potato,Kufri,FAQ,2026-08-24,1302,1657,1480,404
Maharashtra,Aurangabad,Gangapur,Potato,Jyoti,FAQ,2026-08-23,1300,1655,1478,525
Maharashtra,Aurangabad,Gangapur,Potato,Jyoti,FAQ,2026-08-22,1279,1628,1454,384
Maharashtra,Aurangabad,Gangapur,Potato,Jyoti,FAQ,2026-08-21,1348,1715,1532,273
Maharashtra,Aurangabad,Gangapur,Potato,Kufri,FAQ,2026-08-20,1377,1752,1565,487
Maharashtra,Aurangabad,Gangapur,Potato,Jyoti,FAQ,2026-08-19,1327,1690,1509,317
Maharashtra,Aurangabad,Gangapur,Potato,Jyoti,FAQ,2026-08-18,1390,1769,1580,256
Maharashtra,Aurangabad,Gangapur,Potato,Jyoti,FAQ,2026-08-17,1393,1772,1583,721
Maharashtra,Aurangabad,Gangapur,Potato,Jyoti,FAQ,2026-08-16,1355,1724,1540,247
Maharashtra,Aurangabad,Gangapur,Potato,Jyoti,FAQ,2026-08-15,1374,1749,1562,438
Maharashtra,Aurangabad,Gangapur,Potato,Kufri,FAQ,2026-08-14,1393,1774,1584,364
Maharashtra,Aurangabad,Gangapur,Potato,Kufri,FAQ,2026-08-13,1380,1757,1569,620
Maharashtra,Aurangabad,Gangapur,Potato,Jyoti,FAQ,2026-08-12,1400,1781,1591,607
Maharashtra,Aurangabad,Gangapur,Potato,Kufri,FAQ,2026-08-11,1400,1781,1591,800
Maharashtra,Aurangabad,Gangapur,Potato,Kufri,FAQ,2026-08-10,1378,1753,1566,419
Maharashtra,Aurangabad,Gangapur,Potato,Jyoti,FAQ,2026-08-09,1390,1769,1580,668
Maharashtra,Aurangabad,Gangapur,Potato,Jyoti,FAQ,2026-08-08,1418,1805,1612,265
Maharashtra,Aurangabad,Gangapur,Potato,Kufri,FAQ,2026-08-07,1428,1817,1623,751
Maharashtra,Aurangabad,Gangapur,Potato,Kufri,FAQ,2026-08-06,1356,1725,1541,189
Maharashtra,Aurangabad,Gangapur,Potato,Jyoti,FAQ,2026-08-05,1352,1721,1537,403
Maharashtra,Aurangabad,Gangapur,Potato,Kufri,FAQ,2026-08-04,1368,1741,1555,778
Maharashtra,Aurangabad,Gangapur,Potato,Kufri,FAQ,2026-08-03,1373,1748,1561,465
Maharashtra,Aurangabad,Gangapur,Potato,Jyoti,FAQ,2026-08-02,1320,1680,1500,294
Maharashtra,Aurangabad,Gangapur,Potato,Kufri,FAQ,2026-08-01,1340,1705,1523,147
Maharashtra,Aurangabad,Gangapur,Potato,Jyoti,FAQ,2026-07-31,1318,1677,1498,311
Maharashtra,Aurangabad,Gangapur,Potato,Kufri,FAQ,2026-07-30,1324,1685,1505,624
Maharashtra,Aurangabad,Gangapur,Potato,Jyoti,FAQ,2026-07-29,1280,1629,1455,317
Maharashtra,Aurangabad,Gangapur,Potato,Jyoti,FAQ,2026-07-28,1268,1615,1442,557
Maharashtra,Aurangabad,Gangapur,Soyabean,JS-335,FAQ,2026-08-26,3761,4786,4274,349
Maharashtra,Aurangabad,Gangapur,Soyabean,Yellow,FAQ,2026-08-25,3784,4816,4300,389
Maharashtra,Aurangabad,Gangapur,Soyabean,JS-335,FAQ,2026-08-24,3822,4865,4344,268
Maharashtra,Aurangabad,Gangapur,Soyabean,Yellow,FAQ,2026-08-23,3875,4932,4404,733
Maharashtra,Aurangabad,Gangapur,Soyabean,JS-335,FAQ,2026-08-22,3850,4901,4376,374
Maharashtra,Aurangabad,Gangapur,Soyabean,JS-335,FAQ,2026-08-21,3849,4898,4374,511
Maharashtra,Aurangabad,Gangapur,Soyabean,JS-335,FAQ,2026-08-20,3881,4940,4411,113
Maharashtra,Aurangabad,Gangapur,Soyabean,JS-335,FAQ,2026-08-19,3919,4988,4454,794
Maharashtra,Aurangabad,Gangapur,Soyabean,Yellow,FAQ,2026-08-18,3925,4996,4461,246
Maharashtra,Aurangabad,Gangapur,Soyabean,Yellow,FAQ,2026-08-17,3913,4980,4447,757
Maharashtra,Aurangabad,Gangapur,Soyabean,Yellow,FAQ,2026-08-16,3969,5052,4511,638
Maharashtra,Aurangabad,Gangapur,Soyabean,Yellow,FAQ,2026-08-15,3974,5057,4516,172
Maharashtra,Aurangabad,Gangapur,Soyabean,JS-335,FAQ,2026-08-14,3930,5001,4466,479
Maharashtra,Aurangabad,Gangapur,Soyabean,JS-335,FAQ,2026-08-13,3976,5061,4519,214
Maharashtra,Aurangabad,Gangapur,Soyabean,JS-335,FAQ,2026-08-12,3955,5034,4495,358
Maharashtra,Aurangabad,Gangapur,Soyabean,Yellow,FAQ,2026-08-11,3988,5075,4532,108
Maharashtra,Aurangabad,Gangapur,Soyabean,JS-335,FAQ,2026-08-10,3974,5059,4517,225
Maharashtra,Aurangabad,Gangapur,Soyabean,Yellow,FAQ,2026-08-09,3925,4996,4461,412
Maharashtra,Aurangabad,Gangapur,Soyabean,Yellow,FAQ,2026-08-08,3925,4996,4461,329
Maharashtra,Aurangabad,Gangapur,Soyabean,Yellow,FAQ,2026-08-07,3928,4999,4464,659
Maharashtra,Aurangabad,Gangapur,Soyabean,JS-335,FAQ,2026-08-06,3959,5038,4499,524
Maharashtra,Aurangabad,Gangapur,Soyabean,JS-335,FAQ,2026-08-05,3927,4998,4463,622
Maharashtra,Aurangabad,Gangapur,Soyabean,Yellow,FAQ,2026-08-04,3947,5024,4486,711
Maharashtra,Aurangabad,Gangapur,Soyabean,Yellow,FAQ,2026-08-03,3930,5003,4467,487
Maharashtra,Aurangabad,Gangapur,Soyabean,JS-335,FAQ,2026-08-02,3876,4933,4405,673
Maharashtra,Aurangabad,Gangapur,Soyabean,JS-335,FAQ,2026-08-01,3916,4984,4450,494
Maharashtra,Aurangabad,Gangapur,Soyabean,JS-335,FAQ,2026-07-31,3840,4887,4364,593
Maharashtra,Aurangabad,Gangapur,Soyabean,Yellow,FAQ,2026-07-30,3842,4891,4367,474
Maharashtra,Aurangabad,Gangapur,Soyabean,JS-335,FAQ,2026-07-29,3830,4875,4353,508
Maharashtra,Aurangabad,Gangapur,Soyabean,JS-335,FAQ,2026-07-28,3813,4852,4333,166
Maharashtra,Aurangabad,Gangapur,Maize,Yellow,FAQ,2026-08-26,1636,2083,1860,663
Maharashtra,Aurangabad,Gangapur,Maize,Hybrid,FAQ,2026-08-25,1652,2103,1878,612
Maharashtra,Aurangabad,Gangapur,Maize,Hybrid,FAQ,2026-08-24,1662,2115,1889,366
Maharashtra,Aurangabad,Gangapur,Maize,Hybrid,FAQ,2026-08-23,1713,2180,1947,352
Maharashtra,Aurangabad,Gangapur,Maize,Hybrid,FAQ,2026-08-22,1685,2144,1915,499
Maharashtra,Aurangabad,Gangapur,Maize,Yellow,FAQ,2026-08-21,1716,2185,1951,547
Maharashtra,Aurangabad,Gangapur,Maize,Hybrid,FAQ,2026-08-20,1749,2226,1988,661
Maharashtra,Aurangabad,Gangapur,Maize,Hybrid,FAQ,2026-08-19,1771,2254,2013,223
Maharashtra,Aurangabad,Gangapur,Maize,Yellow,FAQ,2026-08-18,1777,2262,2020,743
Maharashtra,Aurangabad,Gangapur,Maize,Yellow,FAQ,2026-08-17,1795,2284,2040,794
Maharashtra,Aurangabad,Gangapur,Maize,Hybrid,FAQ,2026-08-16,1800,2291,2046,456
Maharashtra,Aurangabad,Gangapur,Maize,Hybrid,FAQ,2026-08-15,1780,2265,2023,545
Maharashtra,Aurangabad,Gangapur,Maize,Hybrid,FAQ,2026-08-14,1784,2271,2028,726
Maharashtra,Aurangabad,Gangapur,Maize,Hybrid,FAQ,2026-08-13,1782,2269,2026,579
Maharashtra,Aurangabad,Gangapur,Maize,Yellow,FAQ,2026-08-12,1772,2255,2014,178
Maharashtra,Aurangabad,Gangapur,Maize,Hybrid,FAQ,2026-08-11,1777,2262,2020,620
Maharashtra,Aurangabad,Gangapur,Maize,Hybrid,FAQ,2026-08-10,1825,2322,2074,289
Maharashtra,Aurangabad,Gangapur,Maize,Yellow,FAQ,2026-08-09,1809,2302,2056,638
Maharashtra,Aurangabad,Gangapur,Maize,Hybrid,FAQ,2026-08-08,1792,2281,2037,529
Maharashtra,Aurangabad,Gangapur,Maize,Hybrid,FAQ,2026-08-07,1813,2308,2061,233
Maharashtra,Aurangabad,Gangapur,Maize,Hybrid,FAQ,2026-08-06,1785,2272,2029,454
Maharashtra,Aurangabad,Gangapur,Maize,Yellow,FAQ,2026-08-05,1746,2223,1985,559
Maharashtra,Aurangabad,Gangapur,Maize,Yellow,FAQ,2026-08-04,1768,2251,2010,695
Maharashtra,Aurangabad,Gangapur,Maize,Hybrid,FAQ,2026-08-03,1783,2270,2027,199
Maharashtra,Aurangabad,Gangapur,Maize,Yellow,FAQ,2026-08-02,1745,2222,1984,692
Maharashtra,Aurangabad,Gangapur,Maize,Yellow,FAQ,2026-08-01,1708,2173,1941,332
Maharashtra,Aurangabad,Gangapur,Maize,Yellow,FAQ,2026-07-31,1716,2184,1950,213
Maharashtra,Aurangabad,Gangapur,Maize,Yellow,FAQ,2026-07-30,1703,2168,1936,203
Maharashtra,Aurangabad,Gangapur,Maize,Hybrid,FAQ,2026-07-29,1640,2087,1864,298
Maharashtra,Aurangabad,Gangapur,Maize,Hybrid,FAQ,2026-07-28,1621,2064,1843,566
Maharashtra,Aurangabad,Gangapur,Cotton,Medium Staple,FAQ,2026-08-26,5697,7250,6474,604
Maharashtra,Aurangabad,Gangapur,Cotton,Medium Staple,FAQ,2026-08-25,5730,7293,6512,712
Maharashtra,Aurangabad,Gangapur,Cotton,Medium Staple,FAQ,2026-08-24,5796,7377,6587,520
Maharashtra,Aurangabad,Gangapur,Cotton,Medium Staple,FAQ,2026-08-23,5804,7387,6596,539
Maharashtra,Aurangabad,Gangapur,Cotton,Medium Staple,FAQ,2026-08-22,5804,7387,6596,723
Maharashtra,Aurangabad,Gangapur,Cotton,Medium Staple,FAQ,2026-08-21,5836,7427,6632,290
Maharashtra,Aurangabad,Gangapur,Cotton,Medium Staple,FAQ,2026-08-20,5841,7434,6638,775
Maharashtra,Aurangabad,Gangapur,Cotton,Medium Staple,FAQ,2026-08-19,5862,7461,6662,656
Maharashtra,Aurangabad,Gangapur,Cotton,Medium Staple,FAQ,2026-08-18,5864,7463,6664,449
Maharashtra,Aurangabad,Gangapur,Cotton,Medium Staple,FAQ,2026-08-17,5884,7489,6687,207
Maharashtra,Aurangabad,Gangapur,Cotton,Medium Staple,FAQ,2026-08-16,5903,7512,6708,113
Maharashtra,Aurangabad,Gangapur,Cotton,Medium Staple,FAQ,2026-08-15,5912,7525,6719,561
Maharashtra,Aurangabad,Gangapur,Cotton,Medium Staple,FAQ,2026-08-14,5869,7470,6670,439
Maharashtra,Aurangabad,Gangapur,Cotton,Medium Staple,FAQ,2026-08-13,5897,7506,6702,706
Maharashtra,Aurangabad,Gangapur,Cotton,Medium Staple,FAQ,2026-08-12,5868,7469,6669,477
Maharashtra,Aurangabad,Gangapur,Cotton,Medium Staple,FAQ,2026-08-11,5898,7507,6703,364
Maharashtra,Aurangabad,Gangapur,Cotton,Medium Staple,FAQ,2026-08-10,5861,7460,6661,588
Maharashtra,Aurangabad,Gangapur,Cotton,Medium Staple,FAQ,2026-08-09,5886,7491,6689,561
Maharashtra,Aurangabad,Gangapur,Cotton,Medium Staple,FAQ,2026-08-08,5885,7490,6688,531
Maharashtra,Aurangabad,Gangapur,Cotton,Medium Staple,FAQ,2026-08-07,5894,7501,6698,211
Maharashtra,Aurangabad,Gangapur,Cotton,Medium Staple,FAQ,2026-08-06,5895,7502,6699,458
Maharashtra,Aurangabad,Gangapur,Cotton,Medium Staple,FAQ,2026-08-05,5832,7423,6628,185
Maharashtra,Aurangabad,Gangapur,Cotton,Medium Staple,FAQ,2026-08-04,5822,7411,6617,259
Maharashtra,Aurangabad,Gangapur,Cotton,Medium Staple,FAQ,2026-08-03,5854,7451,6653,406
Maharashtra,Aurangabad,Gangapur,Cotton,Medium Staple,FAQ,2026-08-02,5836,7427,6632,312
Maharashtra,Aurangabad,Gangapur,Cotton,Medium Staple,FAQ,2026-08-01,5830,7421,6626,755
Maharashtra,Aurangabad,Gangapur,Cotton,Medium Staple,FAQ,2026-07-31,5825,7414,6620,671
Maharashtra,Aurangabad,Gangapur,Cotton,Medium Staple,FAQ,2026-07-30,5806,7389,6598,267
Maharashtra,Aurangabad,Gangapur,Cotton,Medium Staple,FAQ,2026-07-29,5779,7356,6568,479
Maharashtra,Aurangabad,Gangapur,Cotton,Medium Staple,FAQ,2026-07-28,5739,7304,6522,792
Maharashtra,Aurangabad,Gangapur,Sugarcane,Co-86032,FAQ,2026-08-26,264,336,300,516
Maharashtra,Aurangabad,Gangapur,Sugarcane,Co-86032,FAQ,2026-08-25,264,336,300,796
Maharashtra,Aurangabad,Gangapur,Sugarcane,Co-86032,FAQ,2026-08-24,264,336,300,100
Maharashtra,Aurangabad,Gangapur,Sugarcane,Co-86032,FAQ,2026-08-23,285,362,324,121
Maharashtra,Aurangabad,Gangapur,Sugarcane,Co-86032,FAQ,2026-08-22,302,385,344,593
Maharashtra,Aurangabad,Gangapur,Sugarcane,Co-86032,FAQ,2026-08-21,300,383,342,110
Maharashtra,Aurangabad,Gangapur,Sugarcane,Co-86032,FAQ,2026-08-20,330,421,376,765
Maharashtra,Aurangabad,Gangapur,Sugarcane,Co-86032,FAQ,2026-08-19,339,432,386,102
Maharashtra,Aurangabad,Gangapur,Sugarcane,Co-86032,FAQ,2026-08-18,306,389,348,480
Maharashtra,Aurangabad,Gangapur,Sugarcane,Co-86032,FAQ,2026-08-17,367,468,418,554
Maharashtra,Aurangabad,Gangapur,Sugarcane,Co-86032,FAQ,2026-08-16,327,416,372,394
Maharashtra,Aurangabad,Gangapur,Sugarcane,Co-86032,FAQ,2026-08-15,379,482,431,605
Maharashtra,Aurangabad,Gangapur,Sugarcane,Co-86032,FAQ,2026-08-14,363,462,413,583
Maharashtra,Aurangabad,Gangapur,Sugarcane,Co-86032,FAQ,2026-08-13,335,426,381,337
Maharashtra,Aurangabad,Gangapur,Sugarcane,Co-86032,FAQ,2026-08-12,378,481,430,138
Maharashtra,Aurangabad,Gangapur,Sugarcane,Co-86032,FAQ,2026-08-11,355,452,404,498
Maharashtra,Aurangabad,Gangapur,Sugarcane,Co-86032,FAQ,2026-08-10,389,496,443,588
Maharashtra,Aurangabad,Gangapur,Sugarcane,Co-86032,FAQ,2026-08-09,340,433,387,395
Maharashtra,Aurangabad,Gangapur,Sugarcane,Co-86032,FAQ,2026-08-08,376,479,428,764
Maharashtra,Aurangabad,Gangapur,Sugarcane,Co-86032,FAQ,2026-08-07,343,436,390,349
Maharashtra,Aurangabad,Gangapur,Sugarcane,Co-86032,FAQ,2026-08-06,382,487,435,375
Maharashtra,Aurangabad,Gangapur,Sugarcane,Co-86032,FAQ,2026-08-05,308,393,351,658
Maharashtra,Aurangabad,Gangapur,Sugarcane,Co-86032,FAQ,2026-08-04,364,463,414,605
Maharashtra,Aurangabad,Gangapur,Sugarcane,Co-86032,FAQ,2026-08-03,286,365,326,650
Maharashtra,Aurangabad,Gangapur,Sugarcane,Co-86032,FAQ,2026-08-02,305,388,347,175
Maharashtra,Aurangabad,Gangapur,Sugarcane,Co-86032,FAQ,2026-08-01,282,359,321,643
Maharashtra,Aurangabad,Gangapur,Sugarcane,Co-86032,FAQ,2026-07-31,265,338,302,102
Maharashtra,Aurangabad,Gangapur,Sugarcane,Co-86032,FAQ,2026-07-30,269,342,306,111
Maharashtra,Aurangabad,Gangapur,Sugarcane,Co-86032,FAQ,2026-07-29,264,336,300,391
Maharashtra,Aurangabad,Gangapur,Sugarcane,Co-86032,FAQ,2026-07-28,264,336,300,491
Maharashtra,Aurangabad,Gangapur,Mustard,Yellow,FAQ,2026-08-26,4722,6011,5367,772
Maharashtra,Aurangabad,Gangapur,Mustard,Black,FAQ,2026-08-25,4708,5992,5350,308
Maharashtra,Aurangabad,Gangapur,Mustard,Yellow,FAQ,2026-08-24,4776,6079,5428,747
Maharashtra,Aurangabad,Gangapur,Mustard,Black,FAQ,2026-08-23,4786,6091,5439,134
Maharashtra,Aurangabad,Gangapur,Mustard,Black,FAQ,2026-08-22,4760,6059,5410,502
Maharashtra,Aurangabad,Gangapur,Mustard,Black,FAQ,2026-08-21,4822,6137,5480,465
Maharashtra,Aurangabad,Gangapur,Mustard,Yellow,FAQ,2026-08-20,4846,6167,5507,616
Maharashtra,Aurangabad,Gangapur,Mustard,Yellow,FAQ,2026-08-19,4840,6160,5500,252
Maharashtra,Aurangabad,Gangapur,Mustard,Black,FAQ,2026-08-18,4857,6182,5520,284
Maharashtra,Aurangabad,Gangapur,Mustard,Yellow,FAQ,2026-08-17,4846,6167,5507,193
Maharashtra,Aurangabad,Gangapur,Mustard,Black,FAQ,2026-08-16,4865,6192,5529,510
Maharashtra,Aurangabad,Gangapur,Mustard,Black,FAQ,2026-08-15,4859,6184,5522,506
Maharashtra,Aurangabad,Gangapur,Mustard,Black,FAQ,2026-08-14,4870,6199,5535,639
Maharashtra,Aurangabad,Gangapur,Mustard,Black,FAQ,2026-08-13,4890,6223,5557,270
Maharashtra,Aurangabad,Gangapur,Mustard,Black,FAQ,2026-08-12,4850,6173,5512,285
Maharashtra,Aurangabad,Gangapur,Mustard,Black,FAQ,2026-08-11,4903,6240,5572,599
Maharashtra,Aurangabad,Gangapur,Mustard,Black,FAQ,2026-08-10,4902,6239,5571,262
Maharashtra,Aurangabad,Gangapur,Mustard,Yellow,FAQ,2026-08-09,4886,6219,5553,564
Maharashtra,Aurangabad,Gangapur,Mustard,Yellow,FAQ,2026-08-08,4858,6183,5521,790
Maharashtra,Aurangabad,Gangapur,Mustard,Yellow,FAQ,2026-08-07,4870,6199,5535,631
Maharashtra,Aurangabad,Gangapur,Mustard,Yellow,FAQ,2026-08-06,4887,6220,5554,114
Maharashtra,Aurangabad,Gangapur,Mustard,Yellow,FAQ,2026-08-05,4823,6138,5481,273
Maharashtra,Aurangabad,Gangapur,Mustard,Yellow,FAQ,2026-08-04,4848,6171,5510,154
Maharashtra,Aurangabad,Gangapur,Mustard,Black,FAQ,2026-08-03,4850,6173,5512,347
Maharashtra,Aurangabad,Gangapur,Mustard,Black,FAQ,2026-08-02,4840,6160,5500,394
Maharashtra,Aurangabad,Gangapur,Mustard,Black,FAQ,2026-08-01,4774,6076,5425,151
Maharashtra,Aurangabad,Gangapur,Mustard,Black,FAQ,2026-07-31,4794,6101,5448,436
Maharashtra,Aurangabad,Gangapur,Mustard,Black,FAQ,2026-07-30,4740,6033,5387,734
Maharashtra,Aurangabad,Gangapur,Mustard,Black,FAQ,2026-07-29,4752,6049,5401,304
Maharashtra,Aurangabad,Gangapur,Mustard,Black,FAQ,2026-07-28,4732,6023,5378,575
Maharashtra,Aurangabad,Gangapur,Grapes,Thompson Seedless,FAQ,2026-08-26,4297,5468,4883,218
Maharashtra,Aurangabad,Gangapur,Grapes,Thompson Seedless,FAQ,2026-08-25,4348,5533,4941,399
Maharashtra,Aurangabad,Gangapur,Grapes,Thompson Seedless,FAQ,2026-08-24,4322,5501,4912,273
Maharashtra,Aurangabad,Gangapur,Grapes,Thompson Seedless,FAQ,2026-08-23,4343,5528,4936,703
Maharashtra,Aurangabad,Gangapur,Grapes,Thompson Seedless,FAQ,2026-08-22,4395,5594,4995,225
Maharashtra,Aurangabad,Gangapur,Grapes,Thompson Seedless,FAQ,2026-08-21,4421,5626,5024,301
Maharashtra,Aurangabad,Gangapur,Grapes,Thompson Seedless,FAQ,2026-08-20,4418,5623,5021,201
Maharashtra,Aurangabad,Gangapur,Grapes,Thompson Seedless,FAQ,2026-08-19,4461,5678,5070,224
Maharashtra,Aurangabad,Gangapur,Grapes,Thompson Seedless,FAQ,2026-08-18,4451,5664,5058,619
Maharashtra,Aurangabad,Gangapur,Grapes,Thompson Seedless,FAQ,2026-08-17,4485,5708,5097,349
Maharashtra,Aurangabad,Gangapur,Grapes,Thompson Seedless,FAQ,2026-08-16,4478,5699,5089,342
Maharashtra,Aurangabad,Gangapur,Grapes,Thompson Seedless,FAQ,2026-08-15,4460,5677,5069,246
Maharashtra,Aurangabad,Gangapur,Grapes,Thompson Seedless,FAQ,2026-08-14,4456,5671,5064,101
Maharashtra,Aurangabad,Gangapur,Grapes,Thompson Seedless,FAQ,2026-08-13,4470,5689,5080,667
Maharashtra,Aurangabad,Gangapur,Grapes,Thompson Seedless,FAQ,2026-08-12,4454,5669,5062,391
Maharashtra,Aurangabad,Gangapur,Grapes,Thompson Seedless,FAQ,2026-08-11,4458,5675,5067,780
Maharashtra,Aurangabad,Gangapur,Grapes,Thompson Seedless,FAQ,2026-08-10,4500,5727,5114,306
Maharashtra,Aurangabad,Gangapur,Grapes,Thompson Seedless,FAQ,2026-08-09,4469,5688,5079,437
Maharashtra,Aurangabad,Gangapur,Grapes,Thompson Seedless,FAQ,2026-08-08,4466,5684,5075,458
Maharashtra,Aurangabad,Gangapur,Grapes,Thompson Seedless,FAQ,2026-08-07,4469,5688,5079,113
Maharashtra,Aurangabad,Gangapur,Grapes,Thompson Seedless,FAQ,2026-08-06,4439,5650,5045,127
Maharashtra,Aurangabad,Gangapur,Grapes,Thompson Seedless,FAQ,2026-08-05,4434,5643,5039,539
Maharashtra,Aurangabad,Gangapur,Grapes,Thompson Seedless,FAQ,2026-08-04,4482,5705,5094,285
Maharashtra,Aurangabad,Gangapur,Grapes,Thompson Seedless,FAQ,2026-08-03,4404,5605,5005,602
Maharashtra,Aurangabad,Gangapur,Grapes,Thompson Seedless,FAQ,2026-08-02,4444,5656,5050,496
Maharashtra,Aurangabad,Gangapur,Grapes,Thompson Seedless,FAQ,2026-08-01,4378,5572,4975,727
Maharashtra,Aurangabad,Gangapur,Grapes,Thompson Seedless,FAQ,2026-07-31,4422,5629,5026,302
Maharashtra,Aurangabad,Gangapur,Grapes,Thompson Seedless,FAQ,2026-07-30,4391,5588,4990,556
Maharashtra,Aurangabad,Gangapur,Grapes,Thompson Seedless,FAQ,2026-07-29,4361,5550,4956,239
Maharashtra,Aurangabad,Gangapur,Grapes,Thompson Seedless,FAQ,2026-07-28,4335,5518,4927,481
Maharashtra,Aurangabad,Gangapur,Pomegranate,Bhagwa,FAQ,2026-08-26,5597,7124,6361,225
Maharashtra,Aurangabad,Gangapur,Pomegranate,Bhagwa,FAQ,2026-08-25,5622,7155,6389,709
Maharashtra,Aurangabad,Gangapur,Pomegranate,Bhagwa,FAQ,2026-08-24,5677,7226,6452,205
Maharashtra,Aurangabad,Gangapur,Pomegranate,Bhagwa,FAQ,2026-08-23,5699,7254,6477,224
Maharashtra,Aurangabad,Gangapur,Pomegranate,Bhagwa,FAQ,2026-08-22,5683,7232,6458,649
Maharashtra,Aurangabad,Gangapur,Pomegranate,Bhagwa,FAQ,2026-08-21,5746,7313,6530,795
Maharashtra,Aurangabad,Gangapur,Pomegranate,Bhagwa,FAQ,2026-08-20,5714,7273,6494,246
Maharashtra,Aurangabad,Gangapur,Pomegranate,Bhagwa,FAQ,2026-08-19,5772,7347,6560,552
Maharashtra,Aurangabad,Gangapur,Pomegranate,Bhagwa,FAQ,2026-08-18,5756,7327,6542,548
Maharashtra,Aurangabad,Gangapur,Pomegranate,Bhagwa,FAQ,2026-08-17,5778,7355,6567,460
Maharashtra,Aurangabad,Gangapur,Pomegranate,Bhagwa,FAQ,2026-08-16,5817,7404,6611,598
Maharashtra,Aurangabad,Gangapur,Pomegranate,Bhagwa,FAQ,2026-08-15,5779,7356,6568,205
Maharashtra,Aurangabad,Gangapur,Pomegranate,Bhagwa,FAQ,2026-08-14,5793,7372,6583,379
Maharashtra,Aurangabad,Gangapur,Pomegranate,Bhagwa,FAQ,2026-08-13,5771,7344,6558,129
Maharashtra,Aurangabad,Gangapur,Pomegranate,Bhagwa,FAQ,2026-08-12,5784,7361,6573,102
Maharashtra,Aurangabad,Gangapur,Pomegranate,Bhagwa,FAQ,2026-08-11,5804,7387,6596,227
Maharashtra,Aurangabad,Gangapur,Pomegranate,Bhagwa,FAQ,2026-08-10,5798,7379,6589,246
Maharashtra,Aurangabad,Gangapur,Pomegranate,Bhagwa,FAQ,2026-08-09,5822,7409,6616,154
Maharashtra,Aurangabad,Gangapur,Pomegranate,Bhagwa,FAQ,2026-08-08,5800,7383,6592,209
Maharashtra,Aurangabad,Gangapur,Pomegranate,Bhagwa,FAQ,2026-08-07,5771,7344,6558,647
Maharashtra,Aurangabad,Gangapur,Pomegranate,Bhagwa,FAQ,2026-08-06,5761,7332,6547,171
Maharashtra,Aurangabad,Gangapur,Pomegranate,Bhagwa,FAQ,2026-08-05,5769,7342,6556,495
Maharashtra,Aurangabad,Gangapur,Pomegranate,Bhagwa,FAQ,2026-08-04,5797,7378,6588,330
Maharashtra,Aurangabad,Gangapur,Pomegranate,Bhagwa,FAQ,2026-08-03,5769,7342,6556,139
Maharashtra,Aurangabad,Gangapur,Pomegranate,Bhagwa,FAQ,2026-08-02,5772,7347,6560,571
Maharashtra,Aurangabad,Gangapur,Pomegranate,Bhagwa,FAQ,2026-08-01,5732,7295,6514,435
Maharashtra,Aurangabad,Gangapur,Pomegranate,Bhagwa,FAQ,2026-07-31,5734,7299,6517,666
Maharashtra,Aurangabad,Gangapur,Pomegranate,Bhagwa,FAQ,2026-07-30,5684,7235,6460,141
Maharashtra,Aurangabad,Gangapur,Pomegranate,Bhagwa,FAQ,2026-07-29,5665,7210,6438,758
Maharashtra,Aurangabad,Gangapur,Pomegranate,Bhagwa,FAQ,2026-07-28,5650,7191,6421,374
Maharashtra,Jalgaon,Jalgaon,Tomato,Vaishali,FAQ,2026-08-26,1814,2309,2062,670
Maharashtra,Jalgaon,Jalgaon,Tomato,Hybrid,FAQ,2026-08-25,1848,2353,2101,369
Maharashtra,Jalgaon,Jalgaon,Tomato,Vaishali,FAQ,2026-08-24,1890,2405,2148,465
Maharashtra,Jalgaon,Jalgaon,Tomato,Hybrid,FAQ,2026-08-23,1929,2456,2193,487
Maharashtra,Jalgaon,Jalgaon,Tomato,Local,FAQ,2026-08-22,1955,2488,2222,217
Maharashtra,Jalgaon,Jalgaon,Tomato,Local,FAQ,2026-08-21,1980,2521,2251,417
Maharashtra,Jalgaon,Jalgaon,Tomato,Hybrid,FAQ,2026-08-20,1929,2456,2193,159
Maharashtra,Jalgaon,Jalgaon,Tomato,Vaishali,FAQ,2026-08-19,2000,2545,2273,748
Maharashtra,Jalgaon,Jalgaon,Tomato,Vaishali,FAQ,2026-08-18,1994,2539,2267,441
Maharashtra,Jalgaon,Jalgaon,Tomato,Hybrid,FAQ,2026-08-17,1966,2503,2235,462
Maharashtra,Jalgaon,Jalgaon,Tomato,Vaishali,FAQ,2026-08-16,2014,2563,2289,730
Maharashtra,Jalgaon,Jalgaon,Tomato,Hybrid,FAQ,2026-08-15,2020,2571,2296,359
Maharashtra,Jalgaon,Jalgaon,Tomato,Local,FAQ,2026-08-14,2005,2552,2279,441
Maharashtra,Jalgaon,Jalgaon,Tomato,Hybrid,FAQ,2026-08-13,2014,2563,2289,784
Maharashtra,Jalgaon,Jalgaon,Tomato,Local,FAQ,2026-08-12,2002,2549,2276,268
Maharashtra,Jalgaon,Jalgaon,Tomato,Local,FAQ,2026-08-11,2013,2562,2288,681
Maharashtra,Jalgaon,Jalgaon,Tomato,Local,FAQ,2026-08-10,2036,2591,2314,549
Maharashtra,Jalgaon,Jalgaon,Tomato,Local,FAQ,2026-08-09,1985,2526,2256,275
Maharashtra,Jalgaon,Jalgaon,Tomato,Local,FAQ,2026-08-08,2046,2604,2325,178
Maharashtra,Jalgaon,Jalgaon,Tomato,Local,FAQ,2026-08-07,2001,2546,2274,687
Maharashtra,Jalgaon,Jalgaon,Tomato,Hybrid,FAQ,2026-08-06,2027,2580,2304,417
Maharashtra,Jalgaon,Jalgaon,Tomato,Local,FAQ,2026-08-05,1968,2505,2237,312
Maharashtra,Jalgaon,Jalgaon,Tomato,Local,FAQ,2026-08-04,1984,2525,2255,569
Maharashtra,Jalgaon,Jalgaon,Tomato,Local,FAQ,2026-08-03,1961,2496,2229,452
Maharashtra,Jalgaon,Jalgaon,Tomato,Vaishali,FAQ,2026-08-02,1957,2490,2224,735
Maharashtra,Jalgaon,Jalgaon,Tomato,Vaishali,FAQ,2026-08-01,1948,2479,2214,613
Maharashtra,Jalgaon,Jalgaon,Tomato,Local,FAQ,2026-07-31,1945,2476,2211,523
Maharashtra,Jalgaon,Jalgaon,Tomato,Local,FAQ,2026-07-30,1945,2476,2211,612
Maharashtra,Jalgaon,Jalgaon,Tomato,Local,FAQ,2026-07-29,1914,2437,2176,619
Maharashtra,Jalgaon,Jalgaon,Tomato,Local,FAQ,2026-07-28,1863,2372,2118,526
Maharashtra,Jalgaon,Jalgaon,Onion,Garwa,FAQ,2026-08-26,1522,1937,1730,674
Maharashtra,Jalgaon,Jalgaon,Onion,Red,FAQ,2026-08-25,1578,2009,1794,402
Maharashtra,Jalgaon,Jalgaon,Onion,Garwa,FAQ,2026-08-24,1555,1980,1768,137
Maharashtra,Jalgaon,Jalgaon,Onion,Garwa,FAQ,2026-08-23,1595,2030,1813,294
Maharashtra,Jalgaon,Jalgaon,Onion,White,FAQ,2026-08-22,1621,2064,1843,630
Maharashtra,Jalgaon,Jalgaon,Onion,Garwa,FAQ,2026-08-21,1623,2066,1845,356
Maharashtra,Jalgaon,Jalgaon,Onion,White,FAQ,2026-08-20,1644,2093,1869,700
Maharashtra,Jalgaon,Jalgaon,Onion,Garwa,FAQ,2026-08-19,1699,2162,1931,372
Maharashtra,Jalgaon,Jalgaon,Onion,White,FAQ,2026-08-18,1701,2164,1933,142
Maharashtra,Jalgaon,Jalgaon,Onion,Garwa,FAQ,2026-08-17,1711,2178,1945,260
Maharashtra,Jalgaon,Jalgaon,Onion,Red,FAQ,2026-08-16,1711,2178,1945,316
Maharashtra,Jalgaon,Jalgaon,Onion,White,FAQ,2026-08-15,1698,2161,1930,160
Maharashtra,Jalgaon,Jalgaon,Onion,Garwa,FAQ,2026-08-14,1708,2175,1942,527
Maharashtra,Jalgaon,Jalgaon,Onion,Garwa,FAQ,2026-08-13,1701,2166,1934,659
Maharashtra,Jalgaon,Jalgaon,Onion,White,FAQ,2026-08-12,1708,2175,1942,103
Maharashtra,Jalgaon,Jalgaon,Onion,Garwa,FAQ,2026-08-11,1741,2216,1979,345
Maharashtra,Jalgaon,Jalgaon,Onion,Garwa,FAQ,2026-08-10,1706,2171,1939,233
Maharashtra,Jalgaon,Jalgaon,Onion,Garwa,FAQ,2026-08-09,1736,2209,1973,453
Maharashtra,Jalgaon,Jalgaon,Onion,Red,FAQ,2026-08-08,1721,2190,1956,558
Maharashtra,Jalgaon,Jalgaon,Onion,White,FAQ,2026-08-07,1697,2160,1929,268
Maharashtra,Jalgaon,Jalgaon,Onion,Garwa,FAQ,2026-08-06,1720,2189,1955,302
Maharashtra,Jalgaon,Jalgaon,Onion,White,FAQ,2026-08-05,1652,2103,1878,407
Maharashtra,Jalgaon,Jalgaon,Onion,White,FAQ,2026-08-04,1675,2132,1904,363
Maharashtra,Jalgaon,Jalgaon,Onion,Red,FAQ,2026-08-03,1654,2105,1880,439
Maharashtra,Jalgaon,Jalgaon,Onion,Red,FAQ,2026-08-02,1672,2128,1900,239
Maharashtra,Jalgaon,Jalgaon,Onion,Red,FAQ,2026-08-01,1614,2055,1835,247
Maharashtra,Jalgaon,Jalgaon,Onion,White,FAQ,2026-07-31,1637,2084,1861,275
Maharashtra,Jalgaon,Jalgaon,Onion,Garwa,FAQ,2026-07-30,1572,2001,1787,800
Maharashtra,Jalgaon,Jalgaon,Onion,Red,FAQ,2026-07-29,1555,1980,1768,240
Maharashtra,Jalgaon,Jalgaon,Onion,White,FAQ,2026-07-28,1541,1962,1752,725
Maharashtra,Jalgaon,Jalgaon,Wheat,FAQ,FAQ,2026-08-26,2038,2593,2316,676
Maharashtra,Jalgaon,Jalgaon,Wheat,Sharbati,FAQ,2026-08-25,2104,2679,2392,620
Maharashtra,Jalgaon,Jalgaon,Wheat,Lok-1,FAQ,2026-08-24,2084,2653,2369,214
Maharashtra,Jalgaon,Jalgaon,Wheat,Sharbati,FAQ,2026-08-23,2117,2694,2406,170
Maharashtra,Jalgaon,Jalgaon,Wheat,Sharbati,FAQ,2026-08-22,2170,2763,2467,285
Maharashtra,Jalgaon,Jalgaon,Wheat,Lok-1,FAQ,2026-08-21,2177,2770,2474,607
Maharashtra,Jalgaon,Jalgaon,Wheat,Lok-1,FAQ,2026-08-20,2191,2788,2490,763
Maharashtra,Jalgaon,Jalgaon,Wheat,Sharbati,FAQ,2026-08-19,2216,2821,2519,305
Maharashtra,Jalgaon,Jalgaon,Wheat,Lok-1,FAQ,2026-08-18,2192,2791,2492,729
Maharashtra,Jalgaon,Jalgaon,Wheat,FAQ,FAQ,2026-08-17,2207,2810,2509,499
Maharashtra,Jalgaon,Jalgaon,Wheat,Sharbati,FAQ,2026-08-16,2202,2803,2503,475
Maharashtra,Jalgaon,Jalgaon,Wheat,Lok-1,FAQ,2026-08-15,2237,2848,2543,126
Maharashtra,Jalgaon,Jalgaon,Wheat,Lok-1,FAQ,2026-08-14,2223,2830,2527,291
Maharashtra,Jalgaon,Jalgaon,Wheat,Sharbati,FAQ,2026-08-13,2238,2849,2544,437
Maharashtra,Jalgaon,Jalgaon,Wheat,FAQ,FAQ,2026-08-12,2233,2842,2538,430
Maharashtra,Jalgaon,Jalgaon,Wheat,Sharbati,FAQ,2026-08-11,2275,2896,2586,146
Maharashtra,Jalgaon,Jalgaon,Wheat,Lok-1,FAQ,2026-08-10,2229,2836,2533,676
Maharashtra,Jalgaon,Jalgaon,Wheat,FAQ,FAQ,2026-08-09,2221,2826,2524,616
Maharashtra,Jalgaon,Jalgaon,Wheat,Lok-1,FAQ,2026-08-08,2203,2804,2504,227
Maharashtra,Jalgaon,Jalgaon,Wheat,Sharbati,FAQ,2026-08-07,2244,2857,2551,597
Maharashtra,Jalgaon,Jalgaon,Wheat,Sharbati,FAQ,2026-08-06,2248,2861,2555,210
Maharashtra,Jalgaon,Jalgaon,Wheat,Sharbati,FAQ,2026-08-05,2204,2805,2505,758
Maharashtra,Jalgaon,Jalgaon,Wheat,FAQ,FAQ,2026-08-04,2174,2767,2471,307
Maharashtra,Jalgaon,Jalgaon,Wheat,Lok-1,FAQ,2026-08-03,2171,2764,2468,769
Maharashtra,Jalgaon,Jalgaon,Wheat,FAQ,FAQ,2026-08-02,2167,2758,2463,570
Maharashtra,Jalgaon,Jalgaon,Wheat,FAQ,FAQ,2026-08-01,2171,2764,2468,120
Maharashtra,Jalgaon,Jalgaon,Wheat,Lok-1,FAQ,2026-07-31,2141,2724,2433,688
Maharashtra,Jalgaon,Jalgaon,Wheat,Sharbati,FAQ,2026-07-30,2139,2722,2431,676
Maharashtra,Jalgaon,Jalgaon,Wheat,Lok-1,FAQ,2026-07-29,2141,2726,2434,532
Maharashtra,Jalgaon,Jalgaon,Wheat,FAQ,FAQ,2026-07-28,2086,2655,2371,465
Maharashtra,Jalgaon,Jalgaon,Rice,Basmati,FAQ,2026-08-26,2209,2812,2511,413
Maharashtra,Jalgaon,Jalgaon,Rice,Basmati,FAQ,2026-08-25,2225,2832,2529,528
Maharashtra,Jalgaon,Jalgaon,Rice,Paddy(Dpr),FAQ,2026-08-24,2232,2841,2537,435
Maharashtra,Jalgaon,Jalgaon,Rice,Paddy(Dpr),FAQ,2026-08-23,2232,2841,2537,120
Maharashtra,Jalgaon,Jalgaon,Rice,Paddy(Dpr),FAQ,2026-08-22,2275,2896,2586,554
Maharashtra,Jalgaon,Jalgaon,Rice,Paddy(Dpr),FAQ,2026-08-21,2268,2887,2578,135
Maharashtra,Jalgaon,Jalgaon,Rice,Paddy(Dpr),FAQ,2026-08-20,2332,2969,2651,658
Maharashtra,Jalgaon,Jalgaon,Rice,Swarna,FAQ,2026-08-19,2303,2932,2618,567
Maharashtra,Jalgaon,Jalgaon,Rice,Basmati,FAQ,2026-08-18,2346,2985,2666,207
Maharashtra,Jalgaon,Jalgaon,Rice,Paddy(Dpr),FAQ,2026-08-17,2316,2947,2632,146
Maharashtra,Jalgaon,Jalgaon,Rice,Basmati,FAQ,2026-08-16,2334,2971,2653,110
Maharashtra,Jalgaon,Jalgaon,Rice,Basmati,FAQ,2026-08-15,2389,3040,2715,459
Maharashtra,Jalgaon,Jalgaon,Rice,Basmati,FAQ,2026-08-14,2333,2970,2652,451
Maharashtra,Jalgaon,Jalgaon,Rice,Swarna,FAQ,2026-08-13,2380,3029,2705,123
Maharashtra,Jalgaon,Jalgaon,Rice,Paddy(Dpr),FAQ,2026-08-12,2394,3047,2721,327
Maharashtra,Jalgaon,Jalgaon,Rice,Paddy(Dpr),FAQ,2026-08-11,2403,3058,2731,219
Maharashtra,Jalgaon,Jalgaon,Rice,Swarna,FAQ,2026-08-10,2345,2984,2665,541
Maharashtra,Jalgaon,Jalgaon,Rice,Swarna,FAQ,2026-08-09,2353,2994,2674,184
Maharashtra,Jalgaon,Jalgaon,Rice,Swarna,FAQ,2026-08-08,2392,3045,2719,387
Maharashtra,Jalgaon,Jalgaon,Rice,Swarna,FAQ,2026-08-07,2355,2998,2677,414
Maharashtra,Jalgaon,Jalgaon,Rice,Swarna,FAQ,2026-08-06,2387,3038,2713,134
Maharashtra,Jalgaon,Jalgaon,Rice,Basmati,FAQ,2026-08-05,2371,3018,2695,258
Maharashtra,Jalgaon,Jalgaon,Rice,Swarna,FAQ,2026-08-04,2361,3006,2684,660
Maharashtra,Jalgaon,Jalgaon,Rice,Swarna,FAQ,2026-08-03,2296,2923,2610,576
Maharashtra,Jalgaon,Jalgaon,Rice,Basmati,FAQ,2026-08-02,2279,2900,2590,665
Maharashtra,Jalgaon,Jalgaon,Rice,Paddy(Dpr),FAQ,2026-08-01,2278,2899,2589,762
Maharashtra,Jalgaon,Jalgaon,Rice,Swarna,FAQ,2026-07-31,2301,2928,2615,297
Maharashtra,Jalgaon,Jalgaon,Rice,Swarna,FAQ,2026-07-30,2259,2876,2568,184
Maharashtra,Jalgaon,Jalgaon,Rice,Basmati,FAQ,2026-07-29,2215,2820,2518,652
Maharashtra,Jalgaon,Jalgaon,Rice,Paddy(Dpr),FAQ,2026-07-28,2187,2784,2486,674
Maharashtra,Jalgaon,Jalgaon,Potato,Jyoti,FAQ,2026-08-26,1254,1596,1425,374
Maharashtra,Jalgaon,Jalgaon,Potato,Kufri,FAQ,2026-08-25,1270,1617,1444,639
Maharashtra,Jalgaon,Jalgaon,Potato,Kufri,FAQ,2026-08-24,1249,1590,1420,640
Maharashtra,Jalgaon,Jalgaon,Potato,Kufri,FAQ,2026-08-23,1292,1645,1469,333
Maharashtra,Jalgaon,Jalgaon,Potato,Kufri,FAQ,2026-08-22,1314,1673,1494,562
Maharashtra,Jalgaon,Jalgaon,Potato,Jyoti,FAQ,2026-08-21,1318,1677,1498,771
Maharashtra,Jalgaon,Jalgaon,Potato,Jyoti,FAQ,2026-08-20,1344,1711,1528,410
Maharashtra,Jalgaon,Jalgaon,Potato,Kufri,FAQ,2026-08-19,1332,1695,1514,125
Maharashtra,Jalgaon,Jalgaon,Potato,Kufri,FAQ,2026-08-18,1403,1786,1595,569
Maharashtra,Jalgaon,Jalgaon,Potato,Kufri,FAQ,2026-08-17,1400,1781,1591,455
Maharashtra,Jalgaon,Jalgaon,Potato,Kufri,FAQ,2026-08-16,1393,1774,1584,447
Maharashtra,Jalgaon,Jalgaon,Potato,Jyoti,FAQ,2026-08-15,1379,1756,1568,516
Maharashtra,Jalgaon,Jalgaon,Potato,Jyoti,FAQ,2026-08-14,1372,1747,1560,203
Maharashtra,Jalgaon,Jalgaon,Potato,Jyoti,FAQ,2026-08-13,1406,1789,1598,375
Maharashtra,Jalgaon,Jalgaon,Potato,Jyoti,FAQ,2026-08-12,1421,1808,1615,312
Maharashtra,Jalgaon,Jalgaon,Potato,Jyoti,FAQ,2026-08-11,1412,1797,1605,284
Maharashtra,Jalgaon,Jalgaon,Potato,Jyoti,FAQ,2026-08-10,1430,1821,1626,729
Maharashtra,Jalgaon,Jalgaon,Potato,Jyoti,FAQ,2026-08-09,1427,1816,1622,440
Maharashtra,Jalgaon,Jalgaon,Potato,Jyoti,FAQ,2026-08-08,1370,1743,1557,114
Maharashtra,Jalgaon,Jalgaon,Potato,Kufri,FAQ,2026-08-07,1412,1797,1605,191
Maharashtra,Jalgaon,Jalgaon,Potato,Kufri,FAQ,2026-08-06,1374,1749,1562,209
Maharashtra,Jalgaon,Jalgaon,Potato,Jyoti,FAQ,2026-08-05,1363,1734,1549,346
Maharashtra,Jalgaon,Jalgaon,Potato,Jyoti,FAQ,2026-08-04,1369,1742,1556,544
Maharashtra,Jalgaon,Jalgaon,Potato,Kufri,FAQ,2026-08-03,1356,1725,1541,637
Maharashtra,Jalgaon,Jalgaon,Potato,Jyoti,FAQ,2026-08-02,1330,1693,1512,162
Maharashtra,Jalgaon,Jalgaon,Potato,Kufri,FAQ,2026-08-01,1334,1697,1516,379
Maharashtra,Jalgaon,Jalgaon,Potato,Jyoti,FAQ,2026-07-31,1316,1675,1496,531
Maharashtra,Jalgaon,Jalgaon,Potato,Kufri,FAQ,2026-07-30,1272,1619,1446,597
Maharashtra,Jalgaon,Jalgaon,Potato,Kufri,FAQ,2026-07-29,1285,1636,1461,396
Maharashtra,Jalgaon,Jalgaon,Potato,Jyoti,FAQ,2026-07-28,1287,1638,1463,648
Maharashtra,Jalgaon,Jalgaon,Soyabean,JS-335,FAQ,2026-08-26,3769,4796,4283,281
Maharashtra,Jalgaon,Jalgaon,Soyabean,JS-335,FAQ,2026-08-25,3793,4828,4311,408
Maharashtra,Jalgaon,Jalgaon,Soyabean,Yellow,FAQ,2026-08-24,3820,4863,4342,745
Maharashtra,Jalgaon,Jalgaon,Soyabean,JS-335,FAQ,2026-08-23,3823,4866,4345,421
Maharashtra,Jalgaon,Jalgaon,Soyabean,JS-335,FAQ,2026-08-22,3893,4954,4424,399
Maharashtra,Jalgaon,Jalgaon,Soyabean,Yellow,FAQ,2026-08-21,3897,4960,4429,322
Maharashtra,Jalgaon,Jalgaon,Soyabean,Yellow,FAQ,2026-08-20,3888,4949,4419,404
Maharashtra,Jalgaon,Jalgaon,Soyabean,Yellow,FAQ,2026-08-19,3930,5003,4467,735
Maharashtra,Jalgaon,Jalgaon,Soyabean,Yellow,FAQ,2026-08-18,3934,5007,4471,730
Maharashtra,Jalgaon,Jalgaon,Soyabean,JS-335,FAQ,2026-08-17,3945,5020,4483,358
Maharashtra,Jalgaon,Jalgaon,Soyabean,Yellow,FAQ,2026-08-16,3960,5041,4501,330
Maharashtra,Jalgaon,Jalgaon,Soyabean,Yellow,FAQ,2026-08-15,3954,5033,4494,139
Maharashtra,Jalgaon,Jalgaon,Soyabean,JS-335,FAQ,2026-08-14,3923,4992,4458,459
Maharashtra,Jalgaon,Jalgaon,Soyabean,Yellow,FAQ,2026-08-13,3986,5073,4530,509
Maharashtra,Jalgaon,Jalgaon,Soyabean,Yellow,FAQ,2026-08-12,3965,5046,4506,194
Maharashtra,Jalgaon,Jalgaon,Soyabean,JS-335,FAQ,2026-08-11,3966,5047,4507,127
Maharashtra,Jalgaon,Jalgaon,Soyabean,Yellow,FAQ,2026-08-10,3947,5024,4486,123
Maharashtra,Jalgaon,Jalgaon,Soyabean,Yellow,FAQ,2026-08-09,3940,5015,4478,410
Maharashtra,Jalgaon,Jalgaon,Soyabean,Yellow,FAQ,2026-08-08,3976,5061,4519,625
Maharashtra,Jalgaon,Jalgaon,Soyabean,JS-335,FAQ,2026-08-07,3959,5038,4499,123
Maharashtra,Jalgaon,Jalgaon,Soyabean,JS-335,FAQ,2026-08-06,3960,5041,4501,599
Maharashtra,Jalgaon,Jalgaon,Soyabean,JS-335,FAQ,2026-08-05,3938,5012,4475,189
Maharashtra,Jalgaon,Jalgaon,Soyabean,Yellow,FAQ,2026-08-04,3941,5016,4479,405
Maharashtra,Jalgaon,Jalgaon,Soyabean,JS-335,FAQ,2026-08-03,3928,4999,4464,472
Maharashtra,Jalgaon,Jalgaon,Soyabean,Yellow,FAQ,2026-08-02,3886,4947,4417,672
Maharashtra,Jalgaon,Jalgaon,Soyabean,JS-335,FAQ,2026-08-01,3906,4971,4439,547
Maharashtra,Jalgaon,Jalgaon,Soyabean,JS-335,FAQ,2026-07-31,3855,4906,4381,347
Maharashtra,Jalgaon,Jalgaon,Soyabean,Yellow,FAQ,2026-07-30,3872,4928,4400,616
Maharashtra,Jalgaon,Jalgaon,Soyabean,JS-335,FAQ,2026-07-29,3824,4867,4346,198
Maharashtra,Jalgaon,Jalgaon,Soyabean,Yellow,FAQ,2026-07-28,3823,4866,4345,294
Maharashtra,Jalgaon,Jalgaon,Maize,Yellow,FAQ,2026-08-26,1634,2079,1857,313
Maharashtra,Jalgaon,Jalgaon,Maize,Hybrid,FAQ,2026-08-25,1638,2085,1862,450
Maharashtra,Jalgaon,Jalgaon,Maize,Yellow,FAQ,2026-08-24,1650,2100,1875,399
Maharashtra,Jalgaon,Jalgaon,Maize,Yellow,FAQ,2026-08-23,1679,2136,1908,680
Maharashtra,Jalgaon,Jalgaon,Maize,Yellow,FAQ,2026-08-22,1720,2189,1955,620
Maharashtra,Jalgaon,Jalgaon,Maize,Hybrid,FAQ,2026-08-21,1755,2234,1995,236
Maharashtra,Jalgaon,Jalgaon,Maize,Yellow,FAQ,2026-08-20,1752,2231,1992,191
Maharashtra,Jalgaon,Jalgaon,Maize,Yellow,FAQ,2026-08-19,1727,2198,1963,796
Maharashtra,Jalgaon,Jalgaon,Maize,Yellow,FAQ,2026-08-18,1778,2263,2021,590
Maharashtra,Jalgaon,Jalgaon,Maize,Yellow,FAQ,2026-08-17,1745,2220,1983,786
Maharashtra,Jalgaon,Jalgaon,Maize,Hybrid,FAQ,2026-08-16,1778,2263,2021,560
Maharashtra,Jalgaon,Jalgaon,Maize,Yellow,FAQ,2026-08-15,1809,2302,2056,511
Maharashtra,Jalgaon,Jalgaon,Maize,Yellow,FAQ,2026-08-14,1774,2257,2016,285
Maharashtra,Jalgaon,Jalgaon,Maize,Yellow,FAQ,2026-08-13,1819,2316,2068,194
Maharashtra,Jalgaon,Jalgaon,Maize,Yellow,FAQ,2026-08-12,1798,2289,2044,209
Maharashtra,Jalgaon,Jalgaon,Maize,Hybrid,FAQ,2026-08-11,1809,2302,2056,349
Maharashtra,Jalgaon,Jalgaon,Maize,Yellow,FAQ,2026-08-10,1838,2339,2089,529
Maharashtra,Jalgaon,Jalgaon,Maize,Hybrid,FAQ,2026-08-09,1818,2315,2067,315
Maharashtra,Jalgaon,Jalgaon,Maize,Yellow,FAQ,2026-08-08,1789,2276,2033,567
Maharashtra,Jalgaon,Jalgaon,Maize,Hybrid,FAQ,2026-08-07,1784,2271,2028,481
Maharashtra,Jalgaon,Jalgaon,Maize,Hybrid,FAQ,2026-08-06,1813,2308,2061,194
Maharashtra,Jalgaon,Jalgaon,Maize,Yellow,FAQ,2026-08-05,1765,2246,2006,117
Maharashtra,Jalgaon,Jalgaon,Maize,Hybrid,FAQ,2026-08-04,1763,2244,2004,141
Maharashtra,Jalgaon,Jalgaon,Maize,Yellow,FAQ,2026-08-03,1761,2242,2002,469
Maharashtra,Jalgaon,Jalgaon,Maize,Yellow,FAQ,2026-08-02,1770,2253,2012,493
Maharashtra,Jalgaon,Jalgaon,Maize,Hybrid,FAQ,2026-08-01,1708,2173,1941,346
Maharashtra,Jalgaon,Jalgaon,Maize,Yellow,FAQ,2026-07-31,1730,2203,1967,459
Maharashtra,Jalgaon,Jalgaon,Maize,Yellow,FAQ,2026-07-30,1701,2164,1933,528
Maharashtra,Jalgaon,Jalgaon,Maize,Yellow,FAQ,2026-07-29,1693,2154,1924,380
Maharashtra,Jalgaon,Jalgaon,Maize,Hybrid,FAQ,2026-07-28,1617,2058,1838,195
Maharashtra,Jalgaon,Jalgaon,Cotton,Medium Staple,FAQ,2026-08-26,5705,7260,6483,747
Maharashtra,Jalgaon,Jalgaon,Cotton,Medium Staple,FAQ,2026-08-25,5724,7285,6505,377
Maharashtra,Jalgaon,Jalgaon,Cotton,Medium Staple,FAQ,2026-08-24,5787,7366,6577,347
Maharashtra,Jalgaon,Jalgaon,Cotton,Medium Staple,FAQ,2026-08-23,5784,7361,6573,593
Maharashtra,Jalgaon,Jalgaon,Cotton,Medium Staple,FAQ,2026-08-22,5782,7359,6571,336
Maharashtra,Jalgaon,Jalgaon,Cotton,Medium Staple,FAQ,2026-08-21,5784,7361,6573,671
Maharashtra,Jalgaon,Jalgaon,Cotton,Medium Staple,FAQ,2026-08-20,5807,7390,6599,422
Maharashtra,Jalgaon,Jalgaon,Cotton,Medium Staple,FAQ,2026-08-19,5867,7468,6668,153
Maharashtra,Jalgaon,Jalgaon,Cotton,Medium Staple,FAQ,2026-08-18,5841,7434,6638,711
Maharashtra,Jalgaon,Jalgaon,Cotton,Medium Staple,FAQ,2026-08-17,5841,7434,6638,381
Maharashtra,Jalgaon,Jalgaon,Cotton,Medium Staple,FAQ,2026-08-16,5860,7459,6660,231
Maharashtra,Jalgaon,Jalgaon,Cotton,Medium Staple,FAQ,2026-08-15,5856,7453,6655,362
Maharashtra,Jalgaon,Jalgaon,Cotton,Medium Staple,FAQ,2026-08-14,5904,7515,6710,182
Maharashtra,Jalgaon,Jalgaon,Cotton,Medium Staple,FAQ,2026-08-13,5904,7515,6710,549
Maharashtra,Jalgaon,Jalgaon,Cotton,Medium Staple,FAQ,2026-08-12,5862,7461,6662,688
Maharashtra,Jalgaon,Jalgaon,Cotton,Medium Staple,FAQ,2026-08-11,5912,7525,6719,393
Maharashtra,Jalgaon,Jalgaon,Cotton,Medium Staple,FAQ,2026-08-10,5890,7497,6694,102
Maharashtra,Jalgaon,Jalgaon,Cotton,Medium Staple,FAQ,2026-08-09,5913,7526,6720,244
Maharashtra,Jalgaon,Jalgaon,Cotton,Medium Staple,FAQ,2026-08-08,5872,7473,6673,526
Maharashtra,Jalgaon,Jalgaon,Cotton,Medium Staple,FAQ,2026-08-07,5891,7498,6695,108
Maharashtra,Jalgaon,Jalgaon,Cotton,Medium Staple,FAQ,2026-08-06,5861,7460,6661,758
Maharashtra,Jalgaon,Jalgaon,Cotton,Medium Staple,FAQ,2026-08-05,5883,7488,6686,772
Maharashtra,Jalgaon,Jalgaon,Cotton,Medium Staple,FAQ,2026-08-04,5888,7495,6692,712
Maharashtra,Jalgaon,Jalgaon,Cotton,Medium Staple,FAQ,2026-08-03,5849,7444,6647,671
Maharashtra,Jalgaon,Jalgaon,Cotton,Medium Staple,FAQ,2026-08-02,5805,7388,6597,331
Maharashtra,Jalgaon,Jalgaon,Cotton,Medium Staple,FAQ,2026-08-01,5816,7403,6610,472
Maharashtra,Jalgaon,Jalgaon,Cotton,Medium Staple,FAQ,2026-07-31,5791,7370,6581,655
Maharashtra,Jalgaon,Jalgaon,Cotton,Medium Staple,FAQ,2026-07-30,5783,7360,6572,494
Maharashtra,Jalgaon,Jalgaon,Cotton,Medium Staple,FAQ,2026-07-29,5757,7328,6543,746
Maharashtra,Jalgaon,Jalgaon,Cotton,Medium Staple,FAQ,2026-07-28,5764,7337,6551,715
Maharashtra,Jalgaon,Jalgaon,Sugarcane,Co-86032,FAQ,2026-08-26,264,336,300,183
Maharashtra,Jalgaon,Jalgaon,Sugarcane,Co-86032,FAQ,2026-08-25,264,336,300,749
Maharashtra,Jalgaon,Jalgaon,Sugarcane,Co-86032,FAQ,2026-08-24,264,336,300,348
Maharashtra,Jalgaon,Jalgaon,Sugarcane,Co-86032,FAQ,2026-08-23,266,339,303,469
Maharashtra,Jalgaon,Jalgaon,Sugarcane,Co-86032,FAQ,2026-08-22,265,338,302,694
Maharashtra,Jalgaon,Jalgaon,Sugarcane,Co-86032,FAQ,2026-08-21,325,414,370,785
Maharashtra,Jalgaon,Jalgaon,Sugarcane,Co-86032,FAQ,2026-08-20,272,347,310,545
Maharashtra,Jalgaon,Jalgaon,Sugarcane,Co-86032,FAQ,2026-08-19,291,370,331,657
Maharashtra,Jalgaon,Jalgaon,Sugarcane,Co-86032,FAQ,2026-08-18,307,390,349,710
Maharashtra,Jalgaon,Jalgaon,Sugarcane,Co-86032,FAQ,2026-08-17,352,449,401,669
Maharashtra,Jalgaon,Jalgaon,Sugarcane,Co-86032,FAQ,2026-08-16,381,484,433,684
Maharashtra,Jalgaon,Jalgaon,Sugarcane,Co-86032,FAQ,2026-08-15,364,463,414,290
Maharashtra,Jalgaon,Jalgaon,Sugarcane,Co-86032,FAQ,2026-08-14,365,464,415,760
Maharashtra,Jalgaon,Jalgaon,Sugarcane,Co-86032,FAQ,2026-08-13,381,486,434,700
Maharashtra,Jalgaon,Jalgaon,Sugarcane,Co-86032,FAQ,2026-08-12,389,496,443,181
Maharashtra,Jalgaon,Jalgaon,Sugarcane,Co-86032,FAQ,2026-08-11,347,442,395,118
Maharashtra,Jalgaon,Jalgaon,Sugarcane,Co-86032,FAQ,2026-08-10,362,461,412,137
Maharashtra,Jalgaon,Jalgaon,Sugarcane,Co-86032,FAQ,2026-08-09,373,474,424,513
Maharashtra,Jalgaon,Jalgaon,Sugarcane,Co-86032,FAQ,2026-08-08,384,489,437,430
Maharashtra,Jalgaon,Jalgaon,Sugarcane,Co-86032,FAQ,2026-08-07,375,478,427,505
Maharashtra,Jalgaon,Jalgaon,Sugarcane,Co-86032,FAQ,2026-08-06,355,452,404,647
Maharashtra,Jalgaon,Jalgaon,Sugarcane,Co-86032,FAQ,2026-08-05,371,472,422,158
Maharashtra,Jalgaon,Jalgaon,Sugarcane,Co-86032,FAQ,2026-08-04,334,425,380,110
Maharashtra,Jalgaon,Jalgaon,Sugarcane,Co-86032,FAQ,2026-08-03,337,428,383,270
Maharashtra,Jalgaon,Jalgaon,Sugarcane,Co-86032,FAQ,2026-08-02,338,431,385,255
Maharashtra,Jalgaon,Jalgaon,Sugarcane,Co-86032,FAQ,2026-08-01,284,361,323,564
Maharashtra,Jalgaon,Jalgaon,Sugarcane,Co-86032,FAQ,2026-07-31,267,340,304,719
Maharashtra,Jalgaon,Jalgaon,Sugarcane,Co-86032,FAQ,2026-07-30,274,349,312,468
Maharashtra,Jalgaon,Jalgaon,Sugarcane,Co-86032,FAQ,2026-07-29,264,336,300,166
Maharashtra,Jalgaon,Jalgaon,Sugarcane,Co-86032,FAQ,2026-07-28,264,336,300,775
Maharashtra,Jalgaon,Jalgaon,Mustard,Yellow,FAQ,2026-08-26,4739,6032,5386,586
Maharashtra,Jalgaon,Jalgaon,Mustard,Black,FAQ,2026-08-25,4757,6054,5406,553
Maharashtra,Jalgaon,Jalgaon,Mustard,Yellow,FAQ,2026-08-24,4787,6092,5440,448
Maharashtra,Jalgaon,Jalgaon,Mustard,Black,FAQ,2026-08-23,4741,6034,5388,410
Maharashtra,Jalgaon,Jalgaon,Mustard,Black,FAQ,2026-08-22,4770,6071,5421,193
Maharashtra,Jalgaon,Jalgaon,Mustard,Yellow,FAQ,2026-08-21,4773,6074,5424,338
Maharashtra,Jalgaon,Jalgaon,Mustard,Black,FAQ,2026-08-20,4814,6127,5471,539
Maharashtra,Jalgaon,Jalgaon,Mustard,Yellow,FAQ,2026-08-19,4829,6146,5488,597
Maharashtra,Jalgaon,Jalgaon,Mustard,Black,FAQ,2026-08-18,4868,6195,5532,495
Maharashtra,Jalgaon,Jalgaon,Mustard,Black,FAQ,2026-08-17,4869,6198,5534,231
Maharashtra,Jalgaon,Jalgaon,Mustard,Yellow,FAQ,2026-08-16,4884,6216,5550,789
Maharashtra,Jalgaon,Jalgaon,Mustard,Black,FAQ,2026-08-15,4896,6231,5564,324
Maharashtra,Jalgaon,Jalgaon,Mustard,Black,FAQ,2026-08-14,4842,6163,5503,435
Maharashtra,Jalgaon,Jalgaon,Mustard,Yellow,FAQ,2026-08-13,4862,6188,5525,159
Maharashtra,Jalgaon,Jalgaon,Mustard,Yellow,FAQ,2026-08-12,4874,6203,5539,504
Maharashtra,Jalgaon,Jalgaon,Mustard,Black,FAQ,2026-08-11,4891,6224,5558,360
Maharashtra,Jalgaon,Jalgaon,Mustard,Black,FAQ,2026-08-10,4891,6226,5559,630
Maharashtra,Jalgaon,Jalgaon,Mustard,Yellow,FAQ,2026-08-09,4907,6246,5577,223
Maharashtra,Jalgaon,Jalgaon,Mustard,Black,FAQ,2026-08-08,4850,6173,5512,175
Maharashtra,Jalgaon,Jalgaon,Mustard,Yellow,FAQ,2026-08-07,4895,6230,5563,197
Maharashtra,Jalgaon,Jalgaon,Mustard,Yellow,FAQ,2026-08-06,4833,6152,5493,485
Maharashtra,Jalgaon,Jalgaon,Mustard,Black,FAQ,2026-08-05,4856,6181,5519,375
Maharashtra,Jalgaon,Jalgaon,Mustard,Black,FAQ,2026-08-04,4851,6174,5513,312
Maharashtra,Jalgaon,Jalgaon,Mustard,Yellow,FAQ,2026-08-03,4836,6155,5496,185
Maharashtra,Jalgaon,Jalgaon,Mustard,Black,FAQ,2026-08-02,4825,6140,5483,727
Maharashtra,Jalgaon,Jalgaon,Mustard,Yellow,FAQ,2026-08-01,4783,6088,5436,434
Maharashtra,Jalgaon,Jalgaon,Mustard,Black,FAQ,2026-07-31,4769,6070,5420,331
Maharashtra,Jalgaon,Jalgaon,Mustard,Yellow,FAQ,2026-07-30,4803,6114,5459,233
Maharashtra,Jalgaon,Jalgaon,Mustard,Yellow,FAQ,2026-07-29,4729,6018,5374,690
Maharashtra,Jalgaon,Jalgaon,Mustard,Yellow,FAQ,2026-07-28,4745,6040,5393,511
Maharashtra,Jalgaon,Jalgaon,Grapes,Thompson Seedless,FAQ,2026-08-26,4346,5531,4939,747
Maharashtra,Jalgaon,Jalgaon,Grapes,Thompson Seedless,FAQ,2026-08-25,4366,5557,4962,298
Maharashtra,Jalgaon,Jalgaon,Grapes,Thompson Seedless,FAQ,2026-08-24,4382,5577,4980,581
Maharashtra,Jalgaon,Jalgaon,Grapes,Thompson Seedless,FAQ,2026-08-23,4393,5592,4993,701
Maharashtra,Jalgaon,Jalgaon,Grapes,Thompson Seedless,FAQ,2026-08-22,4419,5624,5022,325
Maharashtra,Jalgaon,Jalgaon,Grapes,Thompson Seedless,FAQ,2026-08-21,4441,5652,5047,573
Maharashtra,Jalgaon,Jalgaon,Grapes,Thompson Seedless,FAQ,2026-08-20,4441,5652,5047,582
Maharashtra,Jalgaon,Jalgaon,Grapes,Thompson Seedless,FAQ,2026-08-19,4452,5667,5060,186
Maharashtra,Jalgaon,Jalgaon,Grapes,Thompson Seedless,FAQ,2026-08-18,4429,5638,5034,562
Maharashtra,Jalgaon,Jalgaon,Grapes,Thompson Seedless,FAQ,2026-08-17,4467,5686,5077,642
Maharashtra,Jalgaon,Jalgaon,Grapes,Thompson Seedless,FAQ,2026-08-16,4466,5684,5075,412
Maharashtra,Jalgaon,Jalgaon,Grapes,Thompson Seedless,FAQ,2026-08-15,4491,5716,5104,695
Maharashtra,Jalgaon,Jalgaon,Grapes,Thompson Seedless,FAQ,2026-08-14,4484,5707,5096,565
Maharashtra,Jalgaon,Jalgaon,Grapes,Thompson Seedless,FAQ,2026-08-13,4492,5717,5105,337
Maharashtra,Jalgaon,Jalgaon,Grapes,Thompson Seedless,FAQ,2026-08-12,4479,5700,5090,402
Maharashtra,Jalgaon,Jalgaon,Grapes,Thompson Seedless,FAQ,2026-08-11,4496,5723,5110,278
Maharashtra,Jalgaon,Jalgaon,Grapes,Thompson Seedless,FAQ,2026-08-10,4484,5707,5096,226
Maharashtra,Jalgaon,Jalgaon,Grapes,Thompson Seedless,FAQ,2026-08-09,4466,5684,5075,139
Maharashtra,Jalgaon,Jalgaon,Grapes,Thompson Seedless,FAQ,2026-08-08,4498,5725,5112,762
Maharashtra,Jalgaon,Jalgaon,Grapes,Thompson Seedless,FAQ,2026-08-07,4502,5729,5116,480
Maharashtra,Jalgaon,Jalgaon,Grapes,Thompson Seedless,FAQ,2026-08-06,4474,5695,5085,257
Maharashtra,Jalgaon,Jalgaon,Grapes,Thompson Seedless,FAQ,2026-08-05,4426,5633,5030,359
Maharashtra,Jalgaon,Jalgaon,Grapes,Thompson Seedless,FAQ,2026-08-04,4436,5645,5041,502
Maharashtra,Jalgaon,Jalgaon,Grapes,Thompson Seedless,FAQ,2026-08-03,4411,5614,5013,377
Maharashtra,Jalgaon,Jalgaon,Grapes,Thompson Seedless,FAQ,2026-08-02,4446,5659,5053,240
Maharashtra,Jalgaon,Jalgaon,Grapes,Thompson Seedless,FAQ,2026-08-01,4409,5612,5011,516
Maharashtra,Jalgaon,Jalgaon,Grapes,Thompson Seedless,FAQ,2026-07-31,4401,5602,5002,532
Maharashtra,Jalgaon,Jalgaon,Grapes,Thompson Seedless,FAQ,2026-07-30,4409,5612,5011,790
Maharashtra,Jalgaon,Jalgaon,Grapes,Thompson Seedless,FAQ,2026-07-29,4333,5514,4924,590
Maharashtra,Jalgaon,Jalgaon,Grapes,Thompson Seedless,FAQ,2026-07-28,4366,5557,4962,102
Maharashtra,Jalgaon,Jalgaon,Pomegranate,Bhagwa,FAQ,2026-08-26,5623,7156,6390,407
Maharashtra,Jalgaon,Jalgaon,Pomegranate,Bhagwa,FAQ,2026-08-25,5634,7171,6403,595
Maharashtra,Jalgaon,Jalgaon,Pomegranate,Bhagwa,FAQ,2026-08-24,5671,7218,6445,301
Maharashtra,Jalgaon,Jalgaon,Pomegranate,Bhagwa,FAQ,2026-08-23,5699,7254,6477,300
Maharashtra,Jalgaon,Jalgaon,Pomegranate,Bhagwa,FAQ,2026-08-22,5712,7271,6492,436
Maharashtra,Jalgaon,Jalgaon,Pomegranate,Bhagwa,FAQ,2026-08-21,5733,7296,6515,788
Maharashtra,Jalgaon,Jalgaon,Pomegranate,Bhagwa,FAQ,2026-08-20,5736,7301,6519,304
Maharashtra,Jalgaon,Jalgaon,Pomegranate,Bhagwa,FAQ,2026-08-19,5748,7315,6532,312
Maharashtra,Jalgaon,Jalgaon,Pomegranate,Bhagwa,FAQ,2026-08-18,5761,7332,6547,790
Maharashtra,Jalgaon,Jalgaon,Pomegranate,Bhagwa,FAQ,2026-08-17,5812,7397,6605,309
Maharashtra,Jalgaon,Jalgaon,Pomegranate,Bhagwa,FAQ,2026-08-16,5783,7360,6572,292
Maharashtra,Jalgaon,Jalgaon,Pomegranate,Bhagwa,FAQ,2026-08-15,5821,7408,6615,745
Maharashtra,Jalgaon,Jalgaon,Pomegranate,Bhagwa,FAQ,2026-08-14,5801,7384,6593,785
Maharashtra,Jalgaon,Jalgaon,Pomegranate,Bhagwa,FAQ,2026-08-13,5801,7384,6593,410
Maharashtra,Jalgaon,Jalgaon,Pomegranate,Bhagwa,FAQ,2026-08-12,5817,7404,6611,167
Maharashtra,Jalgaon,Jalgaon,Pomegranate,Bhagwa,FAQ,2026-08-11,5808,7392,6600,306
Maharashtra,Jalgaon,Jalgaon,Pomegranate,Bhagwa,FAQ,2026-08-10,5779,7356,6568,104
Maharashtra,Jalgaon,Jalgaon,Pomegranate,Bhagwa,FAQ,2026-08-09,5796,7377,6587,681
Maharashtra,Jalgaon,Jalgaon,Pomegranate,Bhagwa,FAQ,2026-08-08,5824,7413,6619,673
Maharashtra,Jalgaon,Jalgaon,Pomegranate,Bhagwa,FAQ,2026-08-07,5793,7374,6584,285
Maharashtra,Jalgaon,Jalgaon,Pomegranate,Bhagwa,FAQ,2026-08-06,5759,7330,6545,278
Maharashtra,Jalgaon,Jalgaon,Pomegranate,Bhagwa,FAQ,2026-08-05,5753,7322,6538,573
Maharashtra,Jalgaon,Jalgaon,Pomegranate,Bhagwa,FAQ,2026-08-04,5764,7337,6551,234
Maharashtra,Jalgaon,Jalgaon,Pomegranate,Bhagwa,FAQ,2026-08-03,5782,7359,6571,230
Maharashtra,Jalgaon,Jalgaon,Pomegranate,Bhagwa,FAQ,2026-08-02,5764,7337,6551,628
Maharashtra,Jalgaon,Jalgaon,Pomegranate,Bhagwa,FAQ,2026-08-01,5696,7249,6473,638
Maharashtra,Jalgaon,Jalgaon,Pomegranate,Bhagwa,FAQ,2026-07-31,5701,7256,6479,158
Maharashtra,Jalgaon,Jalgaon,Pomegranate,Bhagwa,FAQ,2026-07-30,5712,7271,6492,587
Maharashtra,Jalgaon,Jalgaon,Pomegranate,Bhagwa,FAQ,2026-07-29,5688,7239,6464,542
Maharashtra,Jalgaon,Jalgaon,Pomegranate,Bhagwa,FAQ,2026-07-28,5648,7189,6419,307
Maharashtra,Jalgaon,Bhusawal,Tomato,Vaishali,FAQ,2026-08-26,1876,2387,2132,164
Maharashtra,Jalgaon,Bhusawal,Tomato,Local,FAQ,2026-08-25,1848,2353,2101,746
Maharashtra,Jalgaon,Bhusawal,Tomato,Vaishali,FAQ,2026-08-24,1915,2438,2177,101
Maharashtra,Jalgaon,Bhusawal,Tomato,Hybrid,FAQ,2026-08-23,1922,2447,2185,620
Maharashtra,Jalgaon,Bhusawal,Tomato,Local,FAQ,2026-08-22,1914,2437,2176,383
Maharashtra,Jalgaon,Bhusawal,Tomato,Local,FAQ,2026-08-21,1918,2441,2180,277
Maharashtra,Jalgaon,Bhusawal,Tomato,Vaishali,FAQ,2026-08-20,1943,2472,2208,551
Maharashtra,Jalgaon,Bhusawal,Tomato,Vaishali,FAQ,2026-08-19,1939,2468,2204,733
Maharashtra,Jalgaon,Bhusawal,Tomato,Vaishali,FAQ,2026-08-18,1969,2506,2238,175
Maharashtra,Jalgaon,Bhusawal,Tomato,Local,FAQ,2026-08-17,1983,2524,2254,409
Maharashtra,Jalgaon,Bhusawal,Tomato,Local,FAQ,2026-08-16,2003,2550,2277,658
Maharashtra,Jalgaon,Bhusawal,Tomato,Hybrid,FAQ,2026-08-15,1988,2531,2260,396
Maharashtra,Jalgaon,Bhusawal,Tomato,Vaishali,FAQ,2026-08-14,2025,2578,2302,269
Maharashtra,Jalgaon,Bhusawal,Tomato,Vaishali,FAQ,2026-08-13,2012,2561,2287,244
Maharashtra,Jalgaon,Bhusawal,Tomato,Vaishali,FAQ,2026-08-12,2054,2615,2335,384
Maharashtra,Jalgaon,Bhusawal,Tomato,Local,FAQ,2026-08-11,2057,2618,2338,287
Maharashtra,Jalgaon,Bhusawal,Tomato,Hybrid,FAQ,2026-08-10,2048,2607,2328,168
Maharashtra,Jalgaon,Bhusawal,Tomato,Local,FAQ,2026-08-09,2029,2582,2306,198
Maharashtra,Jalgaon,Bhusawal,Tomato,Hybrid,FAQ,2026-08-08,2042,2599,2321,323
Maharashtra,Jalgaon,Bhusawal,Tomato,Local,FAQ,2026-08-07,1981,2522,2252,693
Maharashtra,Jalgaon,Bhusawal,Tomato,Vaishali,FAQ,2026-08-06,2009,2558,2284,393
Maharashtra,Jalgaon,Bhusawal,Tomato,Local,FAQ,2026-08-05,1987,2528,2258,138
Maharashtra,Jalgaon,Bhusawal,Tomato,Hybrid,FAQ,2026-08-04,1960,2495,2228,115
Maharashtra,Jalgaon,Bhusawal,Tomato,Hybrid,FAQ,2026-08-03,2000,2545,2273,540
Maharashtra,Jalgaon,Bhusawal,Tomato,Hybrid,FAQ,2026-08-02,1988,2531,2260,115
Maharashtra,Jalgaon,Bhusawal,Tomato,Vaishali,FAQ,2026-08-01,1974,2513,2244,691
Maharashtra,Jalgaon,Bhusawal,Tomato,Local,FAQ,2026-07-31,1955,2488,2222,691
Maharashtra,Jalgaon,Bhusawal,Tomato,Local,FAQ,2026-07-30,1913,2434,2174,189
Maharashtra,Jalgaon,Bhusawal,Tomato,Local,FAQ,2026-07-29,1926,2451,2189,659
Maharashtra,Jalgaon,Bhusawal,Tomato,Vaishali,FAQ,2026-07-28,1837,2338,2088,456
Maharashtra,Jalgaon,Bhusawal,Onion,Red,FAQ,2026-08-26,1523,1938,1731,714
Maharashtra,Jalgaon,Bhusawal,Onion,Red,FAQ,2026-08-25,1574,2003,1789,102
Maharashtra,Jalgaon,Bhusawal,Onion,Red,FAQ,2026-08-24,1570,1999,1785,172
Maharashtra,Jalgaon,Bhusawal,Onion,Red,FAQ,2026-08-23,1637,2084,1861,244
Maharashtra,Jalgaon,Bhusawal,Onion,Garwa,FAQ,2026-08-22,1605,2042,1824,315
Maharashtra,Jalgaon,Bhusawal,Onion,Red,FAQ,2026-08-21,1635,2082,1859,720
Maharashtra,Jalgaon,Bhusawal,Onion,Red,FAQ,2026-08-20,1665,2120,1893,646
Maharashtra,Jalgaon,Bhusawal,Onion,Red,FAQ,2026-08-19,1697,2160,1929,793
Maharashtra,Jalgaon,Bhusawal,Onion,White,FAQ,2026-08-18,1702,2167,1935,194
Maharashtra,Jalgaon,Bhusawal,Onion,White,FAQ,2026-08-17,1698,2161,1930,784
Maharashtra,Jalgaon,Bhusawal,Onion,Garwa,FAQ,2026-08-16,1706,2171,1939,432
Maharashtra,Jalgaon,Bhusawal,Onion,Garwa,FAQ,2026-08-15,1703,2168,1936,565
Maharashtra,Jalgaon,Bhusawal,Onion,Garwa,FAQ,2026-08-14,1693,2154,1924,604
Maharashtra,Jalgaon,Bhusawal,Onion,Red,FAQ,2026-08-13,1711,2178,1945,507
Maharashtra,Jalgaon,Bhusawal,Onion,White,FAQ,2026-08-12,1710,2177,1944,571
Maharashtra,Jalgaon,Bhusawal,Onion,Red,FAQ,2026-08-11,1684,2143,1914,266
Maharashtra,Jalgaon,Bhusawal,Onion,Red,FAQ,2026-08-10,1683,2142,1913,416
Maharashtra,Jalgaon,Bhusawal,Onion,Garwa,FAQ,2026-08-09,1687,2148,1918,667
Maharashtra,Jalgaon,Bhusawal,Onion,Red,FAQ,2026-08-08,1741,2216,1979,238
Maharashtra,Jalgaon,Bhusawal,Onion,Garwa,FAQ,2026-08-07,1717,2186,1952,478
Maharashtra,Jalgaon,Bhusawal,Onion,Red,FAQ,2026-08-06,1713,2180,1947,567
Maharashtra,Jalgaon,Bhusawal,Onion,White,FAQ,2026-08-05,1656,2107,1882,232
Maharashtra,Jalgaon,Bhusawal,Onion,Red,FAQ,2026-08-04,1710,2177,1944,287
Maharashtra,Jalgaon,Bhusawal,Onion,Garwa,FAQ,2026-08-03,1699,2162,1931,673
Maharashtra,Jalgaon,Bhusawal,Onion,White,FAQ,2026-08-02,1620,2063,1842,726
Maharashtra,Jalgaon,Bhusawal,Onion,White,FAQ,2026-08-01,1612,2051,1832,666
Maharashtra,Jalgaon,Bhusawal,Onion,Garwa,FAQ,2026-07-31,1633,2078,1856,295
Maharashtra,Jalgaon,Bhusawal,Onion,Red,FAQ,2026-07-30,1586,2019,1803,562
Maharashtra,Jalgaon,Bhusawal,Onion,Garwa,FAQ,2026-07-29,1566,1993,1780,766
Maharashtra,Jalgaon,Bhusawal,Onion,White,FAQ,2026-07-28,1572,2001,1787,199
Maharashtra,Jalgaon,Bhusawal,Wheat,FAQ,FAQ,2026-08-26,2097,2670,2384,650
Maharashtra,Jalgaon,Bhusawal,Wheat,Sharbati,FAQ,2026-08-25,2075,2642,2359,613
Maharashtra,Jalgaon,Bhusawal,Wheat,Sharbati,FAQ,2026-08-24,2127,2708,2418,501
Maharashtra,Jalgaon,Bhusawal,Wheat,FAQ,FAQ,2026-08-23,2126,2707,2417,467
Maharashtra,Jalgaon,Bhusawal,Wheat,Sharbati,FAQ,2026-08-22,2179,2774,2477,623
Maharashtra,Jalgaon,Bhusawal,Wheat,Sharbati,FAQ,2026-08-21,2185,2782,2484,131
Maharashtra,Jalgaon,Bhusawal,Wheat,FAQ,FAQ,2026-08-20,2203,2804,2504,455
Maharashtra,Jalgaon,Bhusawal,Wheat,Lok-1,FAQ,2026-08-19,2193,2792,2493,605
Maharashtra,Jalgaon,Bhusawal,Wheat,Lok-1,FAQ,2026-08-18,2225,2832,2529,635
Maharashtra,Jalgaon,Bhusawal,Wheat,FAQ,FAQ,2026-08-17,2229,2838,2534,355
Maharashtra,Jalgaon,Bhusawal,Wheat,FAQ,FAQ,2026-08-16,2237,2848,2543,777
Maharashtra,Jalgaon,Bhusawal,Wheat,Lok-1,FAQ,2026-08-15,2196,2795,2496,711
Maharashtra,Jalgaon,Bhusawal,Wheat,FAQ,FAQ,2026-08-14,2210,2813,2512,432
Maharashtra,Jalgaon,Bhusawal,Wheat,FAQ,FAQ,2026-08-13,2214,2817,2516,217
Maharashtra,Jalgaon,Bhusawal,Wheat,Sharbati,FAQ,2026-08-12,2273,2894,2584,362
Maharashtra,Jalgaon,Bhusawal,Wheat,Lok-1,FAQ,2026-08-11,2211,2814,2513,327
Maharashtra,Jalgaon,Bhusawal,Wheat,FAQ,FAQ,2026-08-10,2250,2863,2557,628
Maharashtra,Jalgaon,Bhusawal,Wheat,Sharbati,FAQ,2026-08-09,2271,2890,2581,604
Maharashtra,Jalgaon,Bhusawal,Wheat,FAQ,FAQ,2026-08-08,2262,2879,2571,480
Maharashtra,Jalgaon,Bhusawal,Wheat,Sharbati,FAQ,2026-08-07,2213,2816,2515,568
Maharashtra,Jalgaon,Bhusawal,Wheat,FAQ,FAQ,2026-08-06,2246,2859,2553,359
Maharashtra,Jalgaon,Bhusawal,Wheat,Sharbati,FAQ,2026-08-05,2236,2845,2541,340
Maharashtra,Jalgaon,Bhusawal,Wheat,Sharbati,FAQ,2026-08-04,2237,2848,2543,244
Maharashtra,Jalgaon,Bhusawal,Wheat,Sharbati,FAQ,2026-08-03,2222,2828,2525,336
Maharashtra,Jalgaon,Bhusawal,Wheat,FAQ,FAQ,2026-08-02,2148,2735,2442,279
Maharashtra,Jalgaon,Bhusawal,Wheat,FAQ,FAQ,2026-08-01,2199,2798,2499,231
Maharashtra,Jalgaon,Bhusawal,Wheat,Sharbati,FAQ,2026-07-31,2161,2750,2456,357
Maharashtra,Jalgaon,Bhusawal,Wheat,Sharbati,FAQ,2026-07-30,2156,2745,2451,619
Maharashtra,Jalgaon,Bhusawal,Wheat,Lok-1,FAQ,2026-07-29,2135,2718,2427,475
Maharashtra,Jalgaon,Bhusawal,Wheat,Lok-1,FAQ,2026-07-28,2116,2693,2405,513
Maharashtra,Jalgaon,Bhusawal,Rice,Basmati,FAQ,2026-08-26,2165,2756,2461,315
Maharashtra,Jalgaon,Bhusawal,Rice,Swarna,FAQ,2026-08-25,2192,2789,2491,378
Maharashtra,Jalgaon,Bhusawal,Rice,Basmati,FAQ,2026-08-24,2262,2879,2571,728
Maharashtra,Jalgaon,Bhusawal,Rice,Paddy(Dpr),FAQ,2026-08-23,2236,2845,2541,686
Maharashtra,Jalgaon,Bhusawal,Rice,Paddy(Dpr),FAQ,2026-08-22,2264,2881,2573,219
Maharashtra,Jalgaon,Bhusawal,Rice,Swarna,FAQ,2026-08-21,2309,2938,2624,425
Maharashtra,Jalgaon,Bhusawal,Rice,Basmati,FAQ,2026-08-20,2333,2970,2652,504
Maharashtra,Jalgaon,Bhusawal,Rice,Swarna,FAQ,2026-08-19,2345,2984,2665,140
Maharashtra,Jalgaon,Bhusawal,Rice,Swarna,FAQ,2026-08-18,2305,2934,2620,288
Maharashtra,Jalgaon,Bhusawal,Rice,Basmati,FAQ,2026-08-17,2338,2975,2657,710
Maharashtra,Jalgaon,Bhusawal,Rice,Paddy(Dpr),FAQ,2026-08-16,2383,3034,2709,217
Maharashtra,Jalgaon,Bhusawal,Rice,Swarna,FAQ,2026-08-15,2337,2974,2656,594
Maharashtra,Jalgaon,Bhusawal,Rice,Paddy(Dpr),FAQ,2026-08-14,2351,2992,2672,127
Maharashtra,Jalgaon,Bhusawal,Rice,Paddy(Dpr),FAQ,2026-08-13,2339,2978,2659,293
Maharashtra,Jalgaon,Bhusawal,Rice,Basmati,FAQ,2026-08-12,2405,3062,2734,128
Maharashtra,Jalgaon,Bhusawal,Rice,Swarna,FAQ,2026-08-11,2376,3025,2701,468
Maharashtra,Jalgaon,Bhusawal,Rice,Paddy(Dpr),FAQ,2026-08-10,2408,3065,2737,348
Maharashtra,Jalgaon,Bhusawal,Rice,Basmati,FAQ,2026-08-09,2397,3050,2724,677
Maharashtra,Jalgaon,Bhusawal,Rice,Swarna,FAQ,2026-08-08,2372,3019,2696,560
Maharashtra,Jalgaon,Bhusawal,Rice,Paddy(Dpr),FAQ,2026-08-07,2356,2999,2678,625
Maharashtra,Jalgaon,Bhusawal,Rice,Swarna,FAQ,2026-08-06,2374,3021,2698,786
Maharashtra,Jalgaon,Bhusawal,Rice,Basmati,FAQ,2026-08-05,2361,3004,2683,540
Maharashtra,Jalgaon,Bhusawal,Rice,Basmati,FAQ,2026-08-04,2350,2991,2671,459
Maharashtra,Jalgaon,Bhusawal,Rice,Swarna,FAQ,2026-08-03,2300,2927,2614,582
Maharashtra,Jalgaon,Bhusawal,Rice,Basmati,FAQ,2026-08-02,2317,2950,2634,694
Maharashtra,Jalgaon,Bhusawal,Rice,Swarna,FAQ,2026-08-01,2309,2938,2624,412
Maharashtra,Jalgaon,Bhusawal,Rice,Swarna,FAQ,2026-07-31,2303,2932,2618,226
Maharashtra,Jalgaon,Bhusawal,Rice,Swarna,FAQ,2026-07-30,2243,2854,2549,777
Maharashtra,Jalgaon,Bhusawal,Rice,Paddy(Dpr),FAQ,2026-07-29,2216,2821,2519,330
Maharashtra,Jalgaon,Bhusawal,Rice,Paddy(Dpr),FAQ,2026-07-28,2193,2792,2493,295
Maharashtra,Jalgaon,Bhusawal,Potato,Jyoti,FAQ,2026-08-26,1254,1597,1426,330
Maharashtra,Jalgaon,Bhusawal,Potato,Jyoti,FAQ,2026-08-25,1254,1597,1426,424
Maharashtra,Jalgaon,Bhusawal,Potato,Kufri,FAQ,2026-08-24,1292,1645,1469,615
Maharashtra,Jalgaon,Bhusawal,Potato,Jyoti,FAQ,2026-08-23,1265,1610,1438,322
Maharashtra,Jalgaon,Bhusawal,Potato,Jyoti,FAQ,2026-08-22,1286,1637,1462,410
Maharashtra,Jalgaon,Bhusawal,Potato,Jyoti,FAQ,2026-08-21,1364,1736,1550,106
Maharashtra,Jalgaon,Bhusawal,Potato,Kufri,FAQ,2026-08-20,1339,1704,1522,325
Maharashtra,Jalgaon,Bhusawal,Potato,Kufri,FAQ,2026-08-19,1345,1712,1529,170
Maharashtra,Jalgaon,Bhusawal,Potato,Jyoti,FAQ,2026-08-18,1383,1760,1572,119
Maharashtra,Jalgaon,Bhusawal,Potato,Kufri,FAQ,2026-08-17,1370,1743,1557,143
Maharashtra,Jalgaon,Bhusawal,Potato,Kufri,FAQ,2026-08-16,1368,1741,1555,244
Maharashtra,Jalgaon,Bhusawal,Potato,Kufri,FAQ,2026-08-15,1407,1790,1599,283
Maharashtra,Jalgaon,Bhusawal,Potato,Kufri,FAQ,2026-08-14,1366,1739,1553,514
Maharashtra,Jalgaon,Bhusawal,Potato,Kufri,FAQ,2026-08-13,1391,1770,1581,739
Maharashtra,Jalgaon,Bhusawal,Potato,Jyoti,FAQ,2026-08-12,1434,1825,1630,407
Maharashtra,Jalgaon,Bhusawal,Potato,Kufri,FAQ,2026-08-11,1373,1748,1561,146
Maharashtra,Jalgaon,Bhusawal,Potato,Kufri,FAQ,2026-08-10,1415,1802,1609,315
Maharashtra,Jalgaon,Bhusawal,Potato,Jyoti,FAQ,2026-08-09,1392,1771,1582,470
Maharashtra,Jalgaon,Bhusawal,Potato,Jyoti,FAQ,2026-08-08,1432,1823,1628,178
Maharashtra,Jalgaon,Bhusawal,Potato,Jyoti,FAQ,2026-08-07,1360,1731,1546,134
Maharashtra,Jalgaon,Bhusawal,Potato,Kufri,FAQ,2026-08-06,1369,1742,1556,532
Maharashtra,Jalgaon,Bhusawal,Potato,Jyoti,FAQ,2026-08-05,1412,1797,1605,394
Maharashtra,Jalgaon,Bhusawal,Potato,Kufri,FAQ,2026-08-04,1342,1708,1525,717
Maharashtra,Jalgaon,Bhusawal,Potato,Jyoti,FAQ,2026-08-03,1381,1758,1570,361
Maharashtra,Jalgaon,Bhusawal,Potato,Jyoti,FAQ,2026-08-02,1324,1685,1505,674
Maharashtra,Jalgaon,Bhusawal,Potato,Kufri,FAQ,2026-08-01,1316,1675,1496,589
Maharashtra,Jalgaon,Bhusawal,Potato,Kufri,FAQ,2026-07-31,1293,1646,1470,177
Maharashtra,Jalgaon,Bhusawal,Potato,Kufri,FAQ,2026-07-30,1290,1643,1467,542
Maharashtra,Jalgaon,Bhusawal,Potato,Kufri,FAQ,2026-07-29,1295,1648,1472,159
Maharashtra,Jalgaon,Bhusawal,Potato,Kufri,FAQ,2026-07-28,1285,1636,1461,509
Maharashtra,Jalgaon,Bhusawal,Soyabean,JS-335,FAQ,2026-08-26,3772,4801,4287,196
Maharashtra,Jalgaon,Bhusawal,Soyabean,Yellow,FAQ,2026-08-25,3835,4880,4358,177
Maharashtra,Jalgaon,Bhusawal,Soyabean,Yellow,FAQ,2026-08-24,3794,4829,4312,724
Maharashtra,Jalgaon,Bhusawal,Soyabean,Yellow,FAQ,2026-08-23,3839,4886,4363,397
Maharashtra,Jalgaon,Bhusawal,Soyabean,Yellow,FAQ,2026-08-22,3843,4892,4368,269
Maharashtra,Jalgaon,Bhusawal,Soyabean,JS-335,FAQ,2026-08-21,3915,4982,4449,695
Maharashtra,Jalgaon,Bhusawal,Soyabean,JS-335,FAQ,2026-08-20,3884,4943,4414,785
Maharashtra,Jalgaon,Bhusawal,Soyabean,JS-335,FAQ,2026-08-19,3889,4950,4420,146
Maharashtra,Jalgaon,Bhusawal,Soyabean,Yellow,FAQ,2026-08-18,3908,4975,4442,262
Maharashtra,Jalgaon,Bhusawal,Soyabean,Yellow,FAQ,2026-08-17,3928,4999,4464,738
Maharashtra,Jalgaon,Bhusawal,Soyabean,JS-335,FAQ,2026-08-16,3934,5007,4471,421
Maharashtra,Jalgaon,Bhusawal,Soyabean,JS-335,FAQ,2026-08-15,3934,5007,4471,417
Maharashtra,Jalgaon,Bhusawal,Soyabean,JS-335,FAQ,2026-08-14,3927,4998,4463,584
Maharashtra,Jalgaon,Bhusawal,Soyabean,JS-335,FAQ,2026-08-13,3980,5065,4523,330
Maharashtra,Jalgaon,Bhusawal,Soyabean,JS-335,FAQ,2026-08-12,3940,5015,4478,502
Maharashtra,Jalgaon,Bhusawal,Soyabean,Yellow,FAQ,2026-08-11,3948,5025,4487,719
Maharashtra,Jalgaon,Bhusawal,Soyabean,Yellow,FAQ,2026-08-10,3982,5069,4526,477
Maharashtra,Jalgaon,Bhusawal,Soyabean,JS-335,FAQ,2026-08-09,3923,4992,4458,104
Maharashtra,Jalgaon,Bhusawal,Soyabean,Yellow,FAQ,2026-08-08,3945,5022,4484,180
Maharashtra,Jalgaon,Bhusawal,Soyabean,Yellow,FAQ,2026-08-07,3930,5003,4467,496
Maharashtra,Jalgaon,Bhusawal,Soyabean,JS-335,FAQ,2026-08-06,3904,4969,4437,184
Maharashtra,Jalgaon,Bhusawal,Soyabean,JS-335,FAQ,2026-08-05,3941,5016,4479,252
Maharashtra,Jalgaon,Bhusawal,Soyabean,JS-335,FAQ,2026-08-04,3956,5035,4496,283
Maharashtra,Jalgaon,Bhusawal,Soyabean,JS-335,FAQ,2026-08-03,3916,4985,4451,442
Maharashtra,Jalgaon,Bhusawal,Soyabean,Yellow,FAQ,2026-08-02,3862,4915,4389,376
Maharashtra,Jalgaon,Bhusawal,Soyabean,JS-335,FAQ,2026-08-01,3865,4920,4393,635
Maharashtra,Jalgaon,Bhusawal,Soyabean,JS-335,FAQ,2026-07-31,3866,4921,4394,560
Maharashtra,Jalgaon,Bhusawal,Soyabean,Yellow,FAQ,2026-07-30,3840,4887,4364,630
Maharashtra,Jalgaon,Bhusawal,Soyabean,Yellow,FAQ,2026-07-29,3794,4829,4312,531
Maharashtra,Jalgaon,Bhusawal,Soyabean,Yellow,FAQ,2026-07-28,3824,4867,4346,746
Maharashtra,Jalgaon,Bhusawal,Maize,Yellow,FAQ,2026-08-26,1612,2051,1832,541
Maharashtra,Jalgaon,Bhusawal,Maize,Hybrid,FAQ,2026-08-25,1620,2063,1842,379
Maharashtra,Jalgaon,Bhusawal,Maize,Yellow,FAQ,2026-08-24,1700,2163,1932,341
Maharashtra,Jalgaon,Bhusawal,Maize,Yellow,FAQ,2026-08-23,1680,2139,1910,694
Maharashtra,Jalgaon,Bhusawal,Maize,Hybrid,FAQ,2026-08-22,1679,2136,1908,355
Maharashtra,Jalgaon,Bhusawal,Maize,Hybrid,FAQ,2026-08-21,1729,2200,1965,196
Maharashtra,Jalgaon,Bhusawal,Maize,Yellow,FAQ,2026-08-20,1719,2188,1954,795
Maharashtra,Jalgaon,Bhusawal,Maize,Yellow,FAQ,2026-08-19,1745,2222,1984,442
Maharashtra,Jalgaon,Bhusawal,Maize,Hybrid,FAQ,2026-08-18,1795,2284,2040,784
Maharashtra,Jalgaon,Bhusawal,Maize,Hybrid,FAQ,2026-08-17,1793,2282,2038,739
Maharashtra,Jalgaon,Bhusawal,Maize,Hybrid,FAQ,2026-08-16,1784,2271,2028,152
Maharashtra,Jalgaon,Bhusawal,Maize,Yellow,FAQ,2026-08-15,1758,2237,1998,458
Maharashtra,Jalgaon,Bhusawal,Maize,Hybrid,FAQ,2026-08-14,1787,2274,2031,284
Maharashtra,Jalgaon,Bhusawal,Maize,Hybrid,FAQ,2026-08-13,1826,2324,2075,375
Maharashtra,Jalgaon,Bhusawal,Maize,Hybrid,FAQ,2026-08-12,1780,2265,2023,154
Maharashtra,Jalgaon,Bhusawal,Maize,Yellow,FAQ,2026-08-11,1798,2289,2044,436
Maharashtra,Jalgaon,Bhusawal,Maize,Hybrid,FAQ,2026-08-10,1789,2278,2034,447
Maharashtra,Jalgaon,Bhusawal,Maize,Hybrid,FAQ,2026-08-09,1782,2268,2025,212
Maharashtra,Jalgaon,Bhusawal,Maize,Hybrid,FAQ,2026-08-08,1793,2282,2038,365
Maharashtra,Jalgaon,Bhusawal,Maize,Hybrid,FAQ,2026-08-07,1784,2271,2028,566
Maharashtra,Jalgaon,Bhusawal,Maize,Hybrid,FAQ,2026-08-06,1756,2235,1996,155
Maharashtra,Jalgaon,Bhusawal,Maize,Yellow,FAQ,2026-08-05,1763,2244,2004,657
Maharashtra,Jalgaon,Bhusawal,Maize,Hybrid,FAQ,2026-08-04,1781,2266,2024,192
Maharashtra,Jalgaon,Bhusawal,Maize,Hybrid,FAQ,2026-08-03,1774,2259,2017,638
Maharashtra,Jalgaon,Bhusawal,Maize,Hybrid,FAQ,2026-08-02,1719,2188,1954,432
Maharashtra,Jalgaon,Bhusawal,Maize,Yellow,FAQ,2026-08-01,1729,2200,1965,645
Maharashtra,Jalgaon,Bhusawal,Maize,Yellow,FAQ,2026-07-31,1739,2214,1977,237
Maharashtra,Jalgaon,Bhusawal,Maize,Yellow,FAQ,2026-07-30,1674,2131,1903,373
Maharashtra,Jalgaon,Bhusawal,Maize,Hybrid,FAQ,2026-07-29,1691,2152,1922,116
Maharashtra,Jalgaon,Bhusawal,Maize,Yellow,FAQ,2026-07-28,1622,2065,1844,449
Maharashtra,Jalgaon,Bhusawal,Cotton,Medium Staple,FAQ,2026-08-26,5745,7312,6529,595
Maharashtra,Jalgaon,Bhusawal,Cotton,Medium Staple,FAQ,2026-08-25,5757,7328,6543,541
Maharashtra,Jalgaon,Bhusawal,Cotton,Medium Staple,FAQ,2026-08-24,5769,7342,6556,205
Maharashtra,Jalgaon,Bhusawal,Cotton,Medium Staple,FAQ,2026-08-23,5770,7343,6557,220
Maharashtra,Jalgaon,Bhusawal,Cotton,Medium Staple,FAQ,2026-08-22,5788,7367,6578,605
Maharashtra,Jalgaon,Bhusawal,Cotton,Medium Staple,FAQ,2026-08-21,5810,7395,6603,722
Maharashtra,Jalgaon,Bhusawal,Cotton,Medium Staple,FAQ,2026-08-20,5823,7412,6618,735
Maharashtra,Jalgaon,Bhusawal,Cotton,Medium Staple,FAQ,2026-08-19,5859,7458,6659,203
Maharashtra,Jalgaon,Bhusawal,Cotton,Medium Staple,FAQ,2026-08-18,5856,7453,6655,610
Maharashtra,Jalgaon,Bhusawal,Cotton,Medium Staple,FAQ,2026-08-17,5857,7454,6656,251
Maharashtra,Jalgaon,Bhusawal,Cotton,Medium Staple,FAQ,2026-08-16,5842,7435,6639,304
Maharashtra,Jalgaon,Bhusawal,Cotton,Medium Staple,FAQ,2026-08-15,5905,7516,6711,306
Maharashtra,Jalgaon,Bhusawal,Cotton,Medium Staple,FAQ,2026-08-14,5876,7479,6678,102
Maharashtra,Jalgaon,Bhusawal,Cotton,Medium Staple,FAQ,2026-08-13,5912,7525,6719,295
Maharashtra,Jalgaon,Bhusawal,Cotton,Medium Staple,FAQ,2026-08-12,5922,7537,6730,323
Maharashtra,Jalgaon,Bhusawal,Cotton,Medium Staple,FAQ,2026-08-11,5883,7488,6686,597
Maharashtra,Jalgaon,Bhusawal,Cotton,Medium Staple,FAQ,2026-08-10,5865,7464,6665,663
Maharashtra,Jalgaon,Bhusawal,Cotton,Medium Staple,FAQ,2026-08-09,5874,7477,6676,674
Maharashtra,Jalgaon,Bhusawal,Cotton,Medium Staple,FAQ,2026-08-08,5889,7496,6693,575
Maharashtra,Jalgaon,Bhusawal,Cotton,Medium Staple,FAQ,2026-08-07,5911,7524,6718,147
Maharashtra,Jalgaon,Bhusawal,Cotton,Medium Staple,FAQ,2026-08-06,5866,7465,6666,613
Maharashtra,Jalgaon,Bhusawal,Cotton,Medium Staple,FAQ,2026-08-05,5844,7437,6641,214
Maharashtra,Jalgaon,Bhusawal,Cotton,Medium Staple,FAQ,2026-08-04,5836,7427,6632,463
Maharashtra,Jalgaon,Bhusawal,Cotton,Medium Staple,FAQ,2026-08-03,5860,7459,6660,530
Maharashtra,Jalgaon,Bhusawal,Cotton,Medium Staple,FAQ,2026-08-02,5828,7417,6623,444
Maharashtra,Jalgaon,Bhusawal,Cotton,Medium Staple,FAQ,2026-08-01,5823,7412,6618,221
Maharashtra,Jalgaon,Bhusawal,Cotton,Medium Staple,FAQ,2026-07-31,5796,7377,6587,245
Maharashtra,Jalgaon,Bhusawal,Cotton,Medium Staple,FAQ,2026-07-30,5815,7402,6609,128
Maharashtra,Jalgaon,Bhusawal,Cotton,Medium Staple,FAQ,2026-07-29,5755,7324,6540,646
Maharashtra,Jalgaon,Bhusawal,Cotton,Medium Staple,FAQ,2026-07-28,5711,7268,6490,533
Maharashtra,Jalgaon,Bhusawal,Sugarcane,Co-86032,FAQ,2026-08-26,264,336,300,600
Maharashtra,Jalgaon,Bhusawal,Sugarcane,Co-86032,FAQ,2026-08-25,264,336,300,445
Maharashtra,Jalgaon,Bhusawal,Sugarcane,Co-86032,FAQ,2026-08-24,264,336,300,277
Maharashtra,Jalgaon,Bhusawal,Sugarcane,Co-86032,FAQ,2026-08-23,267,340,304,500
Maharashtra,Jalgaon,Bhusawal,Sugarcane,Co-86032,FAQ,2026-08-22,294,375,335,622
Maharashtra,Jalgaon,Bhusawal,Sugarcane,Co-86032,FAQ,2026-08-21,295,376,336,301
Maharashtra,Jalgaon,Bhusawal,Sugarcane,Co-86032,FAQ,2026-08-20,275,350,313,662
Maharashtra,Jalgaon,Bhusawal,Sugarcane,Co-86032,FAQ,2026-08-19,322,411,367,389
Maharashtra,Jalgaon,Bhusawal,Sugarcane,Co-86032,FAQ,2026-08-18,304,387,346,558
Maharashtra,Jalgaon,Bhusawal,Sugarcane,Co-86032,FAQ,2026-08-17,358,455,407,687
Maharashtra,Jalgaon,Bhusawal,Sugarcane,Co-86032,FAQ,2026-08-16,330,421,376,646
Maharashtra,Jalgaon,Bhusawal,Sugarcane,Co-86032,FAQ,2026-08-15,334,425,380,515
Maharashtra,Jalgaon,Bhusawal,Sugarcane,Co-86032,FAQ,2026-08-14,350,445,398,723
Maharashtra,Jalgaon,Bhusawal,Sugarcane,Co-86032,FAQ,2026-08-13,334,425,380,262
Maharashtra,Jalgaon,Bhusawal,Sugarcane,Co-86032,FAQ,2026-08-12,337,430,384,639
Maharashtra,Jalgaon,Bhusawal,Sugarcane,Co-86032,FAQ,2026-08-11,334,425,380,726
Maharashtra,Jalgaon,Bhusawal,Sugarcane,Co-86032,FAQ,2026-08-10,379,482,431,600
Maharashtra,Jalgaon,Bhusawal,Sugarcane,Co-86032,FAQ,2026-08-09,377,480,429,288
Maharashtra,Jalgaon,Bhusawal,Sugarcane,Co-86032,FAQ,2026-08-08,344,439,392,363
Maharashtra,Jalgaon,Bhusawal,Sugarcane,Co-86032,FAQ,2026-08-07,387,492,440,570
Maharashtra,Jalgaon,Bhusawal,Sugarcane,Co-86032,FAQ,2026-08-06,315,402,359,165
Maharashtra,Jalgaon,Bhusawal,Sugarcane,Co-86032,FAQ,2026-08-05,368,469,419,397
Maharashtra,Jalgaon,Bhusawal,Sugarcane,Co-86032,FAQ,2026-08-04,334,425,380,112
Maharashtra,Jalgaon,Bhusawal,Sugarcane,Co-86032,FAQ,2026-08-03,347,442,395,640
Maharashtra,Jalgaon,Bhusawal,Sugarcane,Co-86032,FAQ,2026-08-02,299,380,340,167
Maharashtra,Jalgaon,Bhusawal,Sugarcane,Co-86032,FAQ,2026-08-01,315,400,358,766
Maharashtra,Jalgaon,Bhusawal,Sugarcane,Co-86032,FAQ,2026-07-31,264,336,300,223
Maharashtra,Jalgaon,Bhusawal,Sugarcane,Co-86032,FAQ,2026-07-30,284,361,323,316
Maharashtra,Jalgaon,Bhusawal,Sugarcane,Co-86032,FAQ,2026-07-29,264,336,300,574
Maharashtra,Jalgaon,Bhusawal,Sugarcane,Co-86032,FAQ,2026-07-28,264,336,300,498
Maharashtra,Jalgaon,Bhusawal,Mustard,Yellow,FAQ,2026-08-26,4707,5990,5349,143
Maharashtra,Jalgaon,Bhusawal,Mustard,Black,FAQ,2026-08-25,4730,6020,5375,529
Maharashtra,Jalgaon,Bhusawal,Mustard,Black,FAQ,2026-08-24,4751,6046,5399,125
Maharashtra,Jalgaon,Bhusawal,Mustard,Yellow,FAQ,2026-08-23,4742,6035,5389,553
Maharashtra,Jalgaon,Bhusawal,Mustard,Yellow,FAQ,2026-08-22,4800,6109,5455,649
Maharashtra,Jalgaon,Bhusawal,Mustard,Yellow,FAQ,2026-08-21,4775,6078,5427,725
Maharashtra,Jalgaon,Bhusawal,Mustard,Black,FAQ,2026-08-20,4821,6136,5479,677
Maharashtra,Jalgaon,Bhusawal,Mustard,Yellow,FAQ,2026-08-19,4832,6149,5491,209
Maharashtra,Jalgaon,Bhusawal,Mustard,Black,FAQ,2026-08-18,4829,6146,5488,615
Maharashtra,Jalgaon,Bhusawal,Mustard,Yellow,FAQ,2026-08-17,4845,6166,5506,123
Maharashtra,Jalgaon,Bhusawal,Mustard,Yellow,FAQ,2026-08-16,4889,6222,5556,148
Maharashtra,Jalgaon,Bhusawal,Mustard,Yellow,FAQ,2026-08-15,4860,6185,5523,360
Maharashtra,Jalgaon,Bhusawal,Mustard,Yellow,FAQ,2026-08-14,4910,6249,5580,298
Maharashtra,Jalgaon,Bhusawal,Mustard,Yellow,FAQ,2026-08-13,4886,6219,5553,686
Maharashtra,Jalgaon,Bhusawal,Mustard,Black,FAQ,2026-08-12,4882,6213,5548,547
Maharashtra,Jalgaon,Bhusawal,Mustard,Black,FAQ,2026-08-11,4850,6173,5512,309
Maharashtra,Jalgaon,Bhusawal,Mustard,Yellow,FAQ,2026-08-10,4894,6229,5562,618
Maharashtra,Jalgaon,Bhusawal,Mustard,Black,FAQ,2026-08-09,4880,6211,5546,300
Maharashtra,Jalgaon,Bhusawal,Mustard,Black,FAQ,2026-08-08,4891,6226,5559,414
Maharashtra,Jalgaon,Bhusawal,Mustard,Yellow,FAQ,2026-08-07,4878,6209,5544,401
Maharashtra,Jalgaon,Bhusawal,Mustard,Yellow,FAQ,2026-08-06,4835,6154,5495,161
Maharashtra,Jalgaon,Bhusawal,Mustard,Black,FAQ,2026-08-05,4866,6193,5530,178
Maharashtra,Jalgaon,Bhusawal,Mustard,Yellow,FAQ,2026-08-04,4846,6167,5507,756
Maharashtra,Jalgaon,Bhusawal,Mustard,Yellow,FAQ,2026-08-03,4865,6192,5529,253
Maharashtra,Jalgaon,Bhusawal,Mustard,Yellow,FAQ,2026-08-02,4789,6096,5443,439
Maharashtra,Jalgaon,Bhusawal,Mustard,Yellow,FAQ,2026-08-01,4829,6146,5488,509
Maharashtra,Jalgaon,Bhusawal,Mustard,Black,FAQ,2026-07-31,4809,6120,5465,207
Maharashtra,Jalgaon,Bhusawal,Mustard,Yellow,FAQ,2026-07-30,4744,6039,5392,204
Maharashtra,Jalgaon,Bhusawal,Mustard,Black,FAQ,2026-07-29,4780,6083,5432,591
Maharashtra,Jalgaon,Bhusawal,Mustard,Black,FAQ,2026-07-28,4737,6028,5383,335
Maharashtra,Jalgaon,Bhusawal,Grapes,Thompson Seedless,FAQ,2026-08-26,4319,5496,4908,367
Maharashtra,Jalgaon,Bhusawal,Grapes,Thompson Seedless,FAQ,2026-08-25,4321,5500,4911,378
Maharashtra,Jalgaon,Bhusawal,Grapes,Thompson Seedless,FAQ,2026-08-24,4354,5541,4948,496
Maharashtra,Jalgaon,Bhusawal,Grapes,Thompson Seedless,FAQ,2026-08-23,4410,5613,5012,648
Maharashtra,Jalgaon,Bhusawal,Grapes,Thompson Seedless,FAQ,2026-08-22,4361,5550,4956,568
Maharashtra,Jalgaon,Bhusawal,Grapes,Thompson Seedless,FAQ,2026-08-21,4390,5587,4989,514
Maharashtra,Jalgaon,Bhusawal,Grapes,Thompson Seedless,FAQ,2026-08-20,4430,5639,5035,751
Maharashtra,Jalgaon,Bhusawal,Grapes,Thompson Seedless,FAQ,2026-08-19,4438,5649,5044,200
Maharashtra,Jalgaon,Bhusawal,Grapes,Thompson Seedless,FAQ,2026-08-18,4473,5692,5083,305
Maharashtra,Jalgaon,Bhusawal,Grapes,Thompson Seedless,FAQ,2026-08-17,4455,5670,5063,481
Maharashtra,Jalgaon,Bhusawal,Grapes,Thompson Seedless,FAQ,2026-08-16,4458,5675,5067,144
Maharashtra,Jalgaon,Bhusawal,Grapes,Thompson Seedless,FAQ,2026-08-15,4473,5692,5083,414
Maharashtra,Jalgaon,Bhusawal,Grapes,Thompson Seedless,FAQ,2026-08-14,4486,5709,5098,168
Maharashtra,Jalgaon,Bhusawal,Grapes,Thompson Seedless,FAQ,2026-08-13,4470,5689,5080,120
Maharashtra,Jalgaon,Bhusawal,Grapes,Thompson Seedless,FAQ,2026-08-12,4494,5719,5107,532
Maharashtra,Jalgaon,Bhusawal,Grapes,Thompson Seedless,FAQ,2026-08-11,4487,5710,5099,707
Maharashtra,Jalgaon,Bhusawal,Grapes,Thompson Seedless,FAQ,2026-08-10,4469,5688,5079,207
Maharashtra,Jalgaon,Bhusawal,Grapes,Thompson Seedless,FAQ,2026-08-09,4485,5708,5097,227
Maharashtra,Jalgaon,Bhusawal,Grapes,Thompson Seedless,FAQ,2026-08-08,4452,5667,5060,307
Maharashtra,Jalgaon,Bhusawal,Grapes,Thompson Seedless,FAQ,2026-08-07,4480,5703,5092,406
Maharashtra,Jalgaon,Bhusawal,Grapes,Thompson Seedless,FAQ,2026-08-06,4446,5659,5053,109
Maharashtra,Jalgaon,Bhusawal,Grapes,Thompson Seedless,FAQ,2026-08-05,4460,5677,5069,648
Maharashtra,Jalgaon,Bhusawal,Grapes,Thompson Seedless,FAQ,2026-08-04,4416,5621,5019,641
Maharashtra,Jalgaon,Bhusawal,Grapes,Thompson Seedless,FAQ,2026-08-03,4418,5623,5021,640
Maharashtra,Jalgaon,Bhusawal,Grapes,Thompson Seedless,FAQ,2026-08-02,4398,5597,4998,505
Maharashtra,Jalgaon,Bhusawal,Grapes,Thompson Seedless,FAQ,2026-08-01,4405,5606,5006,533
Maharashtra,Jalgaon,Bhusawal,Grapes,Thompson Seedless,FAQ,2026-07-31,4375,5568,4972,103
Maharashtra,Jalgaon,Bhusawal,Grapes,Thompson Seedless,FAQ,2026-07-30,4363,5552,4958,364
Maharashtra,Jalgaon,Bhusawal,Grapes,Thompson Seedless,FAQ,2026-07-29,4343,5528,4936,352
Maharashtra,Jalgaon,Bhusawal,Grapes,Thompson Seedless,FAQ,2026-07-28,4356,5544,4950,363
Maharashtra,Jalgaon,Bhusawal,Pomegranate,Bhagwa,FAQ,2026-08-26,5631,7166,6399,556
Maharashtra,Jalgaon,Bhusawal,Pomegranate,Bhagwa,FAQ,2026-08-25,5640,7179,6410,573
Maharashtra,Jalgaon,Bhusawal,Pomegranate,Bhagwa,FAQ,2026-08-24,5710,7267,6489,527
Maharashtra,Jalgaon,Bhusawal,Pomegranate,Bhagwa,FAQ,2026-08-23,5669,7216,6443,422
Maharashtra,Jalgaon,Bhusawal,Pomegranate,Bhagwa,FAQ,2026-08-22,5698,7252,6475,686
Maharashtra,Jalgaon,Bhusawal,Pomegranate,Bhagwa,FAQ,2026-08-21,5764,7336,6550,144
Maharashtra,Jalgaon,Bhusawal,Pomegranate,Bhagwa,FAQ,2026-08-20,5757,7328,6543,296
Maharashtra,Jalgaon,Bhusawal,Pomegranate,Bhagwa,FAQ,2026-08-19,5758,7329,6544,443
Maharashtra,Jalgaon,Bhusawal,Pomegranate,Bhagwa,FAQ,2026-08-18,5788,7367,6578,747
Maharashtra,Jalgaon,Bhusawal,Pomegranate,Bhagwa,FAQ,2026-08-17,5806,7389,6598,334
Maharashtra,Jalgaon,Bhusawal,Pomegranate,Bhagwa,FAQ,2026-08-16,5777,7352,6565,315
Maharashtra,Jalgaon,Bhusawal,Pomegranate,Bhagwa,FAQ,2026-08-15,5771,7344,6558,255
Maharashtra,Jalgaon,Bhusawal,Pomegranate,Bhagwa,FAQ,2026-08-14,5777,7352,6565,608
Maharashtra,Jalgaon,Bhusawal,Pomegranate,Bhagwa,FAQ,2026-08-13,5808,7392,6600,202
Maharashtra,Jalgaon,Bhusawal,Pomegranate,Bhagwa,FAQ,2026-08-12,5814,7399,6607,636
Maharashtra,Jalgaon,Bhusawal,Pomegranate,Bhagwa,FAQ,2026-08-11,5783,7360,6572,279
Maharashtra,Jalgaon,Bhusawal,Pomegranate,Bhagwa,FAQ,2026-08-10,5830,7421,6626,150
Maharashtra,Jalgaon,Bhusawal,Pomegranate,Bhagwa,FAQ,2026-08-09,5836,7427,6632,328
Maharashtra,Jalgaon,Bhusawal,Pomegranate,Bhagwa,FAQ,2026-08-08,5788,7367,6578,318
Maharashtra,Jalgaon,Bhusawal,Pomegranate,Bhagwa,FAQ,2026-08-07,5787,7366,6577,332
Maharashtra,Jalgaon,Bhusawal,Pomegranate,Bhagwa,FAQ,2026-08-06,5779,7356,6568,396
Maharashtra,Jalgaon,Bhusawal,Pomegranate,Bhagwa,FAQ,2026-08-05,5761,7332,6547,399
Maharashtra,Jalgaon,Bhusawal,Pomegranate,Bhagwa,FAQ,2026-08-04,5776,7351,6564,557
Maharashtra,Jalgaon,Bhusawal,Pomegranate,Bhagwa,FAQ,2026-08-03,5731,7294,6513,739
Maharashtra,Jalgaon,Bhusawal,Pomegranate,Bhagwa,FAQ,2026-08-02,5764,7337,6551,731
Maharashtra,Jalgaon,Bhusawal,Pomegranate,Bhagwa,FAQ,2026-08-01,5710,7267,6489,387
Maharashtra,Jalgaon,Bhusawal,Pomegranate,Bhagwa,FAQ,2026-07-31,5708,7265,6487,436
Maharashtra,Jalgaon,Bhusawal,Pomegranate,Bhagwa,FAQ,2026-07-30,5715,7274,6495,417
Maharashtra,Jalgaon,Bhusawal,Pomegranate,Bhagwa,FAQ,2026-07-29,5695,7248,6472,559
Maharashtra,Jalgaon,Bhusawal,Pomegranate,Bhagwa,FAQ,2026-07-28,5678,7227,6453,361
Maharashtra,Dhule,Dhule,Tomato,Hybrid,FAQ,2026-08-26,1848,2352,2100,549
Maharashtra,Dhule,Dhule,Tomato,Vaishali,FAQ,2026-08-25,1900,2419,2160,209
Maharashtra,Dhule,Dhule,Tomato,Hybrid,FAQ,2026-08-24,1899,2416,2158,764
Maharashtra,Dhule,Dhule,Tomato,Local,FAQ,2026-08-23,1923,2448,2186,284
Maharashtra,Dhule,Dhule,Tomato,Local,FAQ,2026-08-22,1935,2462,2199,761
Maharashtra,Dhule,Dhule,Tomato,Hybrid,FAQ,2026-08-21,1924,2449,2187,219
Maharashtra,Dhule,Dhule,Tomato,Local,FAQ,2026-08-20,1936,2465,2201,341
Maharashtra,Dhule,Dhule,Tomato,Local,FAQ,2026-08-19,1949,2480,2215,769
Maharashtra,Dhule,Dhule,Tomato,Local,FAQ,2026-08-18,1987,2530,2259,583
Maharashtra,Dhule,Dhule,Tomato,Vaishali,FAQ,2026-08-17,1980,2521,2251,581
Maharashtra,Dhule,Dhule,Tomato,Vaishali,FAQ,2026-08-16,2025,2578,2302,269
Maharashtra,Dhule,Dhule,Tomato,Local,FAQ,2026-08-15,1994,2537,2266,590
Maharashtra,Dhule,Dhule,Tomato,Vaishali,FAQ,2026-08-14,2031,2584,2308,635
Maharashtra,Dhule,Dhule,Tomato,Local,FAQ,2026-08-13,2042,2599,2321,397
Maharashtra,Dhule,Dhule,Tomato,Vaishali,FAQ,2026-08-12,2024,2576,2300,723
Maharashtra,Dhule,Dhule,Tomato,Vaishali,FAQ,2026-08-11,2004,2551,2278,593
Maharashtra,Dhule,Dhule,Tomato,Vaishali,FAQ,2026-08-10,2002,2548,2275,351
Maharashtra,Dhule,Dhule,Tomato,Hybrid,FAQ,2026-08-09,2029,2582,2306,566
Maharashtra,Dhule,Dhule,Tomato,Vaishali,FAQ,2026-08-08,2018,2569,2294,559
Maharashtra,Dhule,Dhule,Tomato,Hybrid,FAQ,2026-08-07,2004,2551,2278,213
Maharashtra,Dhule,Dhule,Tomato,Vaishali,FAQ,2026-08-06,2001,2546,2274,144
Maharashtra,Dhule,Dhule,Tomato,Hybrid,FAQ,2026-08-05,2009,2558,2284,210
Maharashtra,Dhule,Dhule,Tomato,Hybrid,FAQ,2026-08-04,2014,2563,2289,135
Maharashtra,Dhule,Dhule,Tomato,Hybrid,FAQ,2026-08-03,1986,2527,2257,556
Maharashtra,Dhule,Dhule,Tomato,Vaishali,FAQ,2026-08-02,1982,2523,2253,498
Maharashtra,Dhule,Dhule,Tomato,Local,FAQ,2026-08-01,1943,2474,2209,170
Maharashtra,Dhule,Dhule,Tomato,Hybrid,FAQ,2026-07-31,1952,2485,2219,287
Maharashtra,Dhule,Dhule,Tomato,Hybrid,FAQ,2026-07-30,1899,2416,2158,575
Maharashtra,Dhule,Dhule,Tomato,Hybrid,FAQ,2026-07-29,1891,2406,2149,258
Maharashtra,Dhule,Dhule,Tomato,Hybrid,FAQ,2026-07-28,1853,2358,2106,436
Maharashtra,Dhule,Dhule,Onion,White,FAQ,2026-08-26,1563,1990,1777,163
Maharashtra,Dhule,Dhule,Onion,Garwa,FAQ,2026-08-25,1574,2003,1789,396
Maharashtra,Dhule,Dhule,Onion,White,FAQ,2026-08-24,1597,2032,1815,167
Maharashtra,Dhule,Dhule,Onion,Garwa,FAQ,2026-08-23,1637,2084,1861,300
Maharashtra,Dhule,Dhule,Onion,White,FAQ,2026-08-22,1644,2093,1869,531
Maharashtra,Dhule,Dhule,Onion,Red,FAQ,2026-08-21,1638,2085,1862,651
Maharashtra,Dhule,Dhule,Onion,Red,FAQ,2026-08-20,1676,2133,1905,227
Maharashtra,Dhule,Dhule,Onion,Red,FAQ,2026-08-19,1694,2156,1925,309
Maharashtra,Dhule,Dhule,Onion,White,FAQ,2026-08-18,1700,2163,1932,510
Maharashtra,Dhule,Dhule,Onion,Red,FAQ,2026-08-17,1674,2131,1903,249
Maharashtra,Dhule,Dhule,Onion,White,FAQ,2026-08-16,1721,2190,1956,739
Maharashtra,Dhule,Dhule,Onion,Garwa,FAQ,2026-08-15,1685,2144,1915,109
Maharashtra,Dhule,Dhule,Onion,Red,FAQ,2026-08-14,1705,2170,1938,750
Maharashtra,Dhule,Dhule,Onion,Red,FAQ,2026-08-13,1695,2158,1927,298
Maharashtra,Dhule,Dhule,Onion,Garwa,FAQ,2026-08-12,1684,2143,1914,198
Maharashtra,Dhule,Dhule,Onion,Garwa,FAQ,2026-08-11,1689,2150,1920,762
Maharashtra,Dhule,Dhule,Onion,White,FAQ,2026-08-10,1693,2154,1924,500
Maharashtra,Dhule,Dhule,Onion,Red,FAQ,2026-08-09,1723,2194,1959,438
Maharashtra,Dhule,Dhule,Onion,White,FAQ,2026-08-08,1728,2199,1964,383
Maharashtra,Dhule,Dhule,Onion,Red,FAQ,2026-08-07,1735,2208,1972,474
Maharashtra,Dhule,Dhule,Onion,White,FAQ,2026-08-06,1708,2175,1942,706
Maharashtra,Dhule,Dhule,Onion,Red,FAQ,2026-08-05,1690,2151,1921,374
Maharashtra,Dhule,Dhule,Onion,White,FAQ,2026-08-04,1672,2129,1901,781
Maharashtra,Dhule,Dhule,Onion,Garwa,FAQ,2026-08-03,1682,2141,1912,604
Maharashtra,Dhule,Dhule,Onion,Red,FAQ,2026-08-02,1626,2069,1848,147
Maharashtra,Dhule,Dhule,Onion,Garwa,FAQ,2026-08-01,1658,2111,1885,574
Maharashtra,Dhule,Dhule,Onion,Garwa,FAQ,2026-07-31,1653,2104,1879,221
Maharashtra,Dhule,Dhule,Onion,Garwa,FAQ,2026-07-30,1627,2070,1849,543
Maharashtra,Dhule,Dhule,Onion,White,FAQ,2026-07-29,1578,2009,1794,323
Maharashtra,Dhule,Dhule,Onion,Red,FAQ,2026-07-28,1566,1993,1780,357
Maharashtra,Dhule,Dhule,Wheat,Sharbati,FAQ,2026-08-26,2072,2637,2355,312
Maharashtra,Dhule,Dhule,Wheat,Lok-1,FAQ,2026-08-25,2112,2688,2400,642
Maharashtra,Dhule,Dhule,Wheat,Lok-1,FAQ,2026-08-24,2116,2693,2405,239
Maharashtra,Dhule,Dhule,Wheat,Sharbati,FAQ,2026-08-23,2126,2707,2417,381
Maharashtra,Dhule,Dhule,Wheat,FAQ,FAQ,2026-08-22,2179,2774,2477,672
Maharashtra,Dhule,Dhule,Wheat,Lok-1,FAQ,2026-08-21,2137,2720,2429,205
Maharashtra,Dhule,Dhule,Wheat,Lok-1,FAQ,2026-08-20,2191,2788,2490,362
Maharashtra,Dhule,Dhule,Wheat,Sharbati,FAQ,2026-08-19,2176,2769,2473,455
Maharashtra,Dhule,Dhule,Wheat,Sharbati,FAQ,2026-08-18,2224,2831,2528,134
Maharashtra,Dhule,Dhule,Wheat,Sharbati,FAQ,2026-08-17,2233,2842,2538,200
Maharashtra,Dhule,Dhule,Wheat,Sharbati,FAQ,2026-08-16,2195,2794,2495,117
Maharashtra,Dhule,Dhule,Wheat,FAQ,FAQ,2026-08-15,2232,2841,2537,264
Maharashtra,Dhule,Dhule,Wheat,Sharbati,FAQ,2026-08-14,2266,2884,2575,245
Maharashtra,Dhule,Dhule,Wheat,FAQ,FAQ,2026-08-13,2212,2815,2514,282
Maharashtra,Dhule,Dhule,Wheat,Lok-1,FAQ,2026-08-12,2238,2849,2544,649
Maharashtra,Dhule,Dhule,Wheat,Lok-1,FAQ,2026-08-11,2267,2886,2577,342
Maharashtra,Dhule,Dhule,Wheat,FAQ,FAQ,2026-08-10,2219,2824,2522,238
Maharashtra,Dhule,Dhule,Wheat,Lok-1,FAQ,2026-08-09,2218,2823,2521,235
Maharashtra,Dhule,Dhule,Wheat,FAQ,FAQ,2026-08-08,2230,2839,2535,753
Maharashtra,Dhule,Dhule,Wheat,Lok-1,FAQ,2026-08-07,2200,2800,2500,670
Maharashtra,Dhule,Dhule,Wheat,Sharbati,FAQ,2026-08-06,2251,2864,2558,473
Maharashtra,Dhule,Dhule,Wheat,Lok-1,FAQ,2026-08-05,2192,2791,2492,260
Maharashtra,Dhule,Dhule,Wheat,Lok-1,FAQ,2026-08-04,2219,2824,2522,143
Maharashtra,Dhule,Dhule,Wheat,FAQ,FAQ,2026-08-03,2226,2833,2530,741
Maharashtra,Dhule,Dhule,Wheat,FAQ,FAQ,2026-08-02,2178,2772,2475,231
Maharashtra,Dhule,Dhule,Wheat,Sharbati,FAQ,2026-08-01,2150,2737,2444,599
Maharashtra,Dhule,Dhule,Wheat,FAQ,FAQ,2026-07-31,2152,2739,2446,430
Maharashtra,Dhule,Dhule,Wheat,Sharbati,FAQ,2026-07-30,2108,2683,2396,420
Maharashtra,Dhule,Dhule,Wheat,Lok-1,FAQ,2026-07-29,2143,2728,2436,667
Maharashtra,Dhule,Dhule,Wheat,Sharbati,FAQ,2026-07-28,2090,2661,2376,678
Maharashtra,Dhule,Dhule,Rice,Swarna,FAQ,2026-08-26,2234,2843,2539,637
Maharashtra,Dhule,Dhule,Rice,Basmati,FAQ,2026-08-25,2240,2851,2546,127
Maharashtra,Dhule,Dhule,Rice,Basmati,FAQ,2026-08-24,2224,2831,2528,111
Maharashtra,Dhule,Dhule,Rice,Swarna,FAQ,2026-08-23,2278,2899,2589,439
Maharashtra,Dhule,Dhule,Rice,Swarna,FAQ,2026-08-22,2299,2926,2613,787
Maharashtra,Dhule,Dhule,Rice,Paddy(Dpr),FAQ,2026-08-21,2320,2953,2637,560
Maharashtra,Dhule,Dhule,Rice,Swarna,FAQ,2026-08-20,2305,2934,2620,116
Maharashtra,Dhule,Dhule,Rice,Basmati,FAQ,2026-08-19,2291,2916,2604,154
Maharashtra,Dhule,Dhule,Rice,Swarna,FAQ,2026-08-18,2326,2961,2644,523
Maharashtra,Dhule,Dhule,Rice,Swarna,FAQ,2026-08-17,2375,3022,2699,188
Maharashtra,Dhule,Dhule,Rice,Basmati,FAQ,2026-08-16,2338,2975,2657,565
Maharashtra,Dhule,Dhule,Rice,Swarna,FAQ,2026-08-15,2377,3026,2702,579
Maharashtra,Dhule,Dhule,Rice,Basmati,FAQ,2026-08-14,2400,3055,2728,611
Maharashtra,Dhule,Dhule,Rice,Paddy(Dpr),FAQ,2026-08-13,2358,3001,2680,652
Maharashtra,Dhule,Dhule,Rice,Swarna,FAQ,2026-08-12,2344,2983,2664,504
Maharashtra,Dhule,Dhule,Rice,Swarna,FAQ,2026-08-11,2349,2990,2670,629
Maharashtra,Dhule,Dhule,Rice,Swarna,FAQ,2026-08-10,2367,3012,2690,520
Maharashtra,Dhule,Dhule,Rice,Paddy(Dpr),FAQ,2026-08-09,2353,2994,2674,712
Maharashtra,Dhule,Dhule,Rice,Swarna,FAQ,2026-08-08,2394,3047,2721,454
Maharashtra,Dhule,Dhule,Rice,Basmati,FAQ,2026-08-07,2364,3009,2687,128
Maharashtra,Dhule,Dhule,Rice,Paddy(Dpr),FAQ,2026-08-06,2346,2985,2666,638
Maharashtra,Dhule,Dhule,Rice,Basmati,FAQ,2026-08-05,2374,3021,2698,367
Maharashtra,Dhule,Dhule,Rice,Swarna,FAQ,2026-08-04,2315,2946,2631,149
Maharashtra,Dhule,Dhule,Rice,Swarna,FAQ,2026-08-03,2339,2978,2659,800
Maharashtra,Dhule,Dhule,Rice,Paddy(Dpr),FAQ,2026-08-02,2322,2955,2639,699
Maharashtra,Dhule,Dhule,Rice,Paddy(Dpr),FAQ,2026-08-01,2262,2879,2571,674
Maharashtra,Dhule,Dhule,Rice,Swarna,FAQ,2026-07-31,2283,2906,2595,132
Maharashtra,Dhule,Dhule,Rice,Paddy(Dpr),FAQ,2026-07-30,2289,2914,2602,119
Maharashtra,Dhule,Dhule,Rice,Basmati,FAQ,2026-07-29,2244,2857,2551,198
Maharashtra,Dhule,Dhule,Rice,Paddy(Dpr),FAQ,2026-07-28,2255,2870,2563,394
Maharashtra,Dhule,Dhule,Potato,Kufri,FAQ,2026-08-26,1239,1576,1408,449
Maharashtra,Dhule,Dhule,Potato,Jyoti,FAQ,2026-08-25,1239,1576,1408,509
Maharashtra,Dhule,Dhule,Potato,Jyoti,FAQ,2026-08-24,1270,1617,1444,594
Maharashtra,Dhule,Dhule,Potato,Kufri,FAQ,2026-08-23,1264,1609,1437,731
Maharashtra,Dhule,Dhule,Potato,Kufri,FAQ,2026-08-22,1339,1704,1522,638
Maharashtra,Dhule,Dhule,Potato,Jyoti,FAQ,2026-08-21,1306,1663,1485,432
Maharashtra,Dhule,Dhule,Potato,Kufri,FAQ,2026-08-20,1379,1756,1568,612
Maharashtra,Dhule,Dhule,Potato,Jyoti,FAQ,2026-08-19,1364,1736,1550,528
Maharashtra,Dhule,Dhule,Potato,Jyoti,FAQ,2026-08-18,1348,1715,1532,516
Maharashtra,Dhule,Dhule,Potato,Kufri,FAQ,2026-08-17,1348,1715,1532,800
Maharashtra,Dhule,Dhule,Potato,Kufri,FAQ,2026-08-16,1393,1772,1583,242
Maharashtra,Dhule,Dhule,Potato,Jyoti,FAQ,2026-08-15,1422,1811,1617,350
Maharashtra,Dhule,Dhule,Potato,Kufri,FAQ,2026-08-14,1426,1815,1621,702
Maharashtra,Dhule,Dhule,Potato,Jyoti,FAQ,2026-08-13,1374,1749,1562,296
Maharashtra,Dhule,Dhule,Potato,Jyoti,FAQ,2026-08-12,1388,1767,1578,318
Maharashtra,Dhule,Dhule,Potato,Kufri,FAQ,2026-08-11,1408,1793,1601,297
Maharashtra,Dhule,Dhule,Potato,Kufri,FAQ,2026-08-10,1422,1809,1616,193
Maharashtra,Dhule,Dhule,Potato,Kufri,FAQ,2026-08-09,1420,1807,1614,223
Maharashtra,Dhule,Dhule,Potato,Jyoti,FAQ,2026-08-08,1409,1794,1602,600
Maharashtra,Dhule,Dhule,Potato,Jyoti,FAQ,2026-08-07,1362,1733,1548,311
Maharashtra,Dhule,Dhule,Potato,Jyoti,FAQ,2026-08-06,1361,1732,1547,548
Maharashtra,Dhule,Dhule,Potato,Jyoti,FAQ,2026-08-05,1375,1750,1563,381
Maharashtra,Dhule,Dhule,Potato,Jyoti,FAQ,2026-08-04,1357,1728,1543,252
Maharashtra,Dhule,Dhule,Potato,Kufri,FAQ,2026-08-03,1332,1695,1514,312
Maharashtra,Dhule,Dhule,Potato,Jyoti,FAQ,2026-08-02,1351,1720,1536,596
Maharashtra,Dhule,Dhule,Potato,Kufri,FAQ,2026-08-01,1294,1647,1471,159
Maharashtra,Dhule,Dhule,Potato,Kufri,FAQ,2026-07-31,1298,1652,1475,558
Maharashtra,Dhule,Dhule,Potato,Jyoti,FAQ,2026-07-30,1327,1690,1509,474
Maharashtra,Dhule,Dhule,Potato,Kufri,FAQ,2026-07-29,1267,1612,1440,794
Maharashtra,Dhule,Dhule,Potato,Kufri,FAQ,2026-07-28,1289,1640,1465,167
Maharashtra,Dhule,Dhule,Soyabean,JS-335,FAQ,2026-08-26,3818,4859,4339,799
Maharashtra,Dhule,Dhule,Soyabean,Yellow,FAQ,2026-08-25,3839,4886,4363,122
Maharashtra,Dhule,Dhule,Soyabean,Yellow,FAQ,2026-08-24,3846,4895,4371,142
Maharashtra,Dhule,Dhule,Soyabean,JS-335,FAQ,2026-08-23,3818,4859,4339,436
Maharashtra,Dhule,Dhule,Soyabean,JS-335,FAQ,2026-08-22,3895,4958,4427,228
Maharashtra,Dhule,Dhule,Soyabean,JS-335,FAQ,2026-08-21,3909,4976,4443,494
Maharashtra,Dhule,Dhule,Soyabean,Yellow,FAQ,2026-08-20,3866,4921,4394,546
Maharashtra,Dhule,Dhule,Soyabean,JS-335,FAQ,2026-08-19,3895,4958,4427,740
Maharashtra,Dhule,Dhule,Soyabean,JS-335,FAQ,2026-08-18,3946,5023,4485,530
Maharashtra,Dhule,Dhule,Soyabean,JS-335,FAQ,2026-08-17,3938,5013,4476,418
Maharashtra,Dhule,Dhule,Soyabean,JS-335,FAQ,2026-08-16,3908,4975,4442,134
Maharashtra,Dhule,Dhule,Soyabean,JS-335,FAQ,2026-08-15,3982,5068,4525,394
Maharashtra,Dhule,Dhule,Soyabean,Yellow,FAQ,2026-08-14,3917,4986,4452,223
Maharashtra,Dhule,Dhule,Soyabean,JS-335,FAQ,2026-08-13,3933,5006,4470,355
Maharashtra,Dhule,Dhule,Soyabean,JS-335,FAQ,2026-08-12,3928,4999,4464,640
Maharashtra,Dhule,Dhule,Soyabean,JS-335,FAQ,2026-08-11,3971,5054,4513,337
Maharashtra,Dhule,Dhule,Soyabean,Yellow,FAQ,2026-08-10,3991,5080,4536,461
Maharashtra,Dhule,Dhule,Soyabean,Yellow,FAQ,2026-08-09,3971,5054,4513,606
Maharashtra,Dhule,Dhule,Soyabean,Yellow,FAQ,2026-08-08,3985,5072,4529,123
Maharashtra,Dhule,Dhule,Soyabean,JS-335,FAQ,2026-08-07,3977,5062,4520,607
Maharashtra,Dhule,Dhule,Soyabean,JS-335,FAQ,2026-08-06,3955,5034,4495,308
Maharashtra,Dhule,Dhule,Soyabean,JS-335,FAQ,2026-08-05,3958,5037,4498,619
Maharashtra,Dhule,Dhule,Soyabean,JS-335,FAQ,2026-08-04,3900,4963,4432,730
Maharashtra,Dhule,Dhule,Soyabean,JS-335,FAQ,2026-08-03,3894,4957,4426,422
Maharashtra,Dhule,Dhule,Soyabean,Yellow,FAQ,2026-08-02,3901,4966,4434,518
Maharashtra,Dhule,Dhule,Soyabean,Yellow,FAQ,2026-08-01,3854,4905,4380,349
Maharashtra,Dhule,Dhule,Soyabean,Yellow,FAQ,2026-07-31,3849,4898,4374,237
Maharashtra,Dhule,Dhule,Soyabean,Yellow,FAQ,2026-07-30,3882,4941,4412,535
Maharashtra,Dhule,Dhule,Soyabean,Yellow,FAQ,2026-07-29,3798,4833,4316,501
Maharashtra,Dhule,Dhule,Soyabean,JS-335,FAQ,2026-07-28,3830,4875,4353,754
Maharashtra,Dhule,Dhule,Maize,Hybrid,FAQ,2026-08-26,1656,2107,1882,584
Maharashtra,Dhule,Dhule,Maize,Hybrid,FAQ,2026-08-25,1616,2057,1837,358
Maharashtra,Dhule,Dhule,Maize,Yellow,FAQ,2026-08-24,1655,2106,1881,458
Maharashtra,Dhule,Dhule,Maize,Hybrid,FAQ,2026-08-23,1682,2141,1912,557
Maharashtra,Dhule,Dhule,Maize,Hybrid,FAQ,2026-08-22,1738,2213,1976,553
Maharashtra,Dhule,Dhule,Maize,Yellow,FAQ,2026-08-21,1737,2210,1974,615
Maharashtra,Dhule,Dhule,Maize,Hybrid,FAQ,2026-08-20,1730,2201,1966,282
Maharashtra,Dhule,Dhule,Maize,Yellow,FAQ,2026-08-19,1747,2224,1986,764
Maharashtra,Dhule,Dhule,Maize,Yellow,FAQ,2026-08-18,1782,2268,2025,756
Maharashtra,Dhule,Dhule,Maize,Yellow,FAQ,2026-08-17,1793,2282,2038,229
Maharashtra,Dhule,Dhule,Maize,Yellow,FAQ,2026-08-16,1782,2269,2026,133
Maharashtra,Dhule,Dhule,Maize,Yellow,FAQ,2026-08-15,1757,2236,1997,485
Maharashtra,Dhule,Dhule,Maize,Yellow,FAQ,2026-08-14,1808,2301,2055,410
Maharashtra,Dhule,Dhule,Maize,Hybrid,FAQ,2026-08-13,1788,2275,2032,671
Maharashtra,Dhule,Dhule,Maize,Yellow,FAQ,2026-08-12,1794,2283,2039,204
Maharashtra,Dhule,Dhule,Maize,Yellow,FAQ,2026-08-11,1772,2255,2014,378
Maharashtra,Dhule,Dhule,Maize,Yellow,FAQ,2026-08-10,1794,2283,2039,586
Maharashtra,Dhule,Dhule,Maize,Hybrid,FAQ,2026-08-09,1789,2276,2033,347
Maharashtra,Dhule,Dhule,Maize,Yellow,FAQ,2026-08-08,1803,2294,2049,186
Maharashtra,Dhule,Dhule,Maize,Hybrid,FAQ,2026-08-07,1786,2273,2030,561
Maharashtra,Dhule,Dhule,Maize,Yellow,FAQ,2026-08-06,1766,2247,2007,568
Maharashtra,Dhule,Dhule,Maize,Yellow,FAQ,2026-08-05,1778,2263,2021,510
Maharashtra,Dhule,Dhule,Maize,Hybrid,FAQ,2026-08-04,1781,2266,2024,393
Maharashtra,Dhule,Dhule,Maize,Hybrid,FAQ,2026-08-03,1749,2226,1988,112
Maharashtra,Dhule,Dhule,Maize,Yellow,FAQ,2026-08-02,1741,2216,1979,766
Maharashtra,Dhule,Dhule,Maize,Hybrid,FAQ,2026-08-01,1719,2188,1954,328
Maharashtra,Dhule,Dhule,Maize,Yellow,FAQ,2026-07-31,1717,2186,1952,309
Maharashtra,Dhule,Dhule,Maize,Yellow,FAQ,2026-07-30,1664,2117,1891,789
Maharashtra,Dhule,Dhule,Maize,Yellow,FAQ,2026-07-29,1648,2097,1873,259
Maharashtra,Dhule,Dhule,Maize,Hybrid,FAQ,2026-07-28,1671,2126,1899,738
Maharashtra,Dhule,Dhule,Cotton,Medium Staple,FAQ,2026-08-26,5752,7321,6537,645
Maharashtra,Dhule,Dhule,Cotton,Medium Staple,FAQ,2026-08-25,5759,7330,6545,324
Maharashtra,Dhule,Dhule,Cotton,Medium Staple,FAQ,2026-08-24,5758,7329,6544,683
Maharashtra,Dhule,Dhule,Cotton,Medium Staple,FAQ,2026-08-23,5815,7402,6609,370
Maharashtra,Dhule,Dhule,Cotton,Medium Staple,FAQ,2026-08-22,5786,7364,6575,166
Maharashtra,Dhule,Dhule,Cotton,Medium Staple,FAQ,2026-08-21,5787,7366,6577,776
Maharashtra,Dhule,Dhule,Cotton,Medium Staple,FAQ,2026-08-20,5813,7398,6606,343
Maharashtra,Dhule,Dhule,Cotton,Medium Staple,FAQ,2026-08-19,5837,7428,6633,202
Maharashtra,Dhule,Dhule,Cotton,Medium Staple,FAQ,2026-08-18,5874,7476,6675,471
Maharashtra,Dhule,Dhule,Cotton,Medium Staple,FAQ,2026-08-17,5899,7508,6704,174
Maharashtra,Dhule,Dhule,Cotton,Medium Staple,FAQ,2026-08-16,5852,7448,6650,369
Maharashtra,Dhule,Dhule,Cotton,Medium Staple,FAQ,2026-08-15,5896,7505,6701,731
Maharashtra,Dhule,Dhule,Cotton,Medium Staple,FAQ,2026-08-14,5889,7496,6693,586
Maharashtra,Dhule,Dhule,Cotton,Medium Staple,FAQ,2026-08-13,5908,7519,6714,717
Maharashtra,Dhule,Dhule,Cotton,Medium Staple,FAQ,2026-08-12,5894,7501,6698,135
Maharashtra,Dhule,Dhule,Cotton,Medium Staple,FAQ,2026-08-11,5911,7524,6718,392
Maharashtra,Dhule,Dhule,Cotton,Medium Staple,FAQ,2026-08-10,5920,7535,6728,432
Maharashtra,Dhule,Dhule,Cotton,Medium Staple,FAQ,2026-08-09,5925,7542,6734,201
Maharashtra,Dhule,Dhule,Cotton,Medium Staple,FAQ,2026-08-08,5884,7489,6687,677
Maharashtra,Dhule,Dhule,Cotton,Medium Staple,FAQ,2026-08-07,5852,7449,6651,357
Maharashtra,Dhule,Dhule,Cotton,Medium Staple,FAQ,2026-08-06,5861,7460,6661,122
Maharashtra,Dhule,Dhule,Cotton,Medium Staple,FAQ,2026-08-05,5861,7460,6661,765
Maharashtra,Dhule,Dhule,Cotton,Medium Staple,FAQ,2026-08-04,5826,7415,6621,290
Maharashtra,Dhule,Dhule,Cotton,Medium Staple,FAQ,2026-08-03,5829,7418,6624,655
Maharashtra,Dhule,Dhule,Cotton,Medium Staple,FAQ,2026-08-02,5822,7409,6616,671
Maharashtra,Dhule,Dhule,Cotton,Medium Staple,FAQ,2026-08-01,5844,7437,6641,632
Maharashtra,Dhule,Dhule,Cotton,Medium Staple,FAQ,2026-07-31,5794,7375,6585,169
Maharashtra,Dhule,Dhule,Cotton,Medium Staple,FAQ,2026-07-30,5763,7334,6549,620
Maharashtra,Dhule,Dhule,Cotton,Medium Staple,FAQ,2026-07-29,5780,7357,6569,205
Maharashtra,Dhule,Dhule,Cotton,Medium Staple,FAQ,2026-07-28,5771,7344,6558,478
Maharashtra,Dhule,Dhule,Sugarcane,Co-86032,FAQ,2026-08-26,264,336,300,120
Maharashtra,Dhule,Dhule,Sugarcane,Co-86032,FAQ,2026-08-25,264,336,300,167
Maharashtra,Dhule,Dhule,Sugarcane,Co-86032,FAQ,2026-08-24,264,336,300,377
Maharashtra,Dhule,Dhule,Sugarcane,Co-86032,FAQ,2026-08-23,264,336,300,299
Maharashtra,Dhule,Dhule,Sugarcane,Co-86032,FAQ,2026-08-22,277,352,315,233
Maharashtra,Dhule,Dhule,Sugarcane,Co-86032,FAQ,2026-08-21,264,336,300,496
Maharashtra,Dhule,Dhule,Sugarcane,Co-86032,FAQ,2026-08-20,300,383,342,302
Maharashtra,Dhule,Dhule,Sugarcane,Co-86032,FAQ,2026-08-19,344,437,391,793
Maharashtra,Dhule,Dhule,Sugarcane,Co-86032,FAQ,2026-08-18,352,449,401,739
Maharashtra,Dhule,Dhule,Sugarcane,Co-86032,FAQ,2026-08-17,322,409,366,561
Maharashtra,Dhule,Dhule,Sugarcane,Co-86032,FAQ,2026-08-16,369,470,420,454
Maharashtra,Dhule,Dhule,Sugarcane,Co-86032,FAQ,2026-08-15,326,415,371,503
Maharashtra,Dhule,Dhule,Sugarcane,Co-86032,FAQ,2026-08-14,392,499,446,164
Maharashtra,Dhule,Dhule,Sugarcane,Co-86032,FAQ,2026-08-13,395,502,449,657
Maharashtra,Dhule,Dhule,Sugarcane,Co-86032,FAQ,2026-08-12,396,504,450,198
Maharashtra,Dhule,Dhule,Sugarcane,Co-86032,FAQ,2026-08-11,379,482,431,799
Maharashtra,Dhule,Dhule,Sugarcane,Co-86032,FAQ,2026-08-10,378,481,430,750
Maharashtra,Dhule,Dhule,Sugarcane,Co-86032,FAQ,2026-08-09,338,431,385,659
Maharashtra,Dhule,Dhule,Sugarcane,Co-86032,FAQ,2026-08-08,370,471,421,472
Maharashtra,Dhule,Dhule,Sugarcane,Co-86032,FAQ,2026-08-07,376,479,428,118
Maharashtra,Dhule,Dhule,Sugarcane,Co-86032,FAQ,2026-08-06,323,412,368,563
Maharashtra,Dhule,Dhule,Sugarcane,Co-86032,FAQ,2026-08-05,349,444,397,197
Maharashtra,Dhule,Dhule,Sugarcane,Co-86032,FAQ,2026-08-04,360,459,410,334
Maharashtra,Dhule,Dhule,Sugarcane,Co-86032,FAQ,2026-08-03,293,372,333,378
Maharashtra,Dhule,Dhule,Sugarcane,Co-86032,FAQ,2026-08-02,316,403,360,187
Maharashtra,Dhule,Dhule,Sugarcane,Co-86032,FAQ,2026-08-01,300,381,341,655
Maharashtra,Dhule,Dhule,Sugarcane,Co-86032,FAQ,2026-07-31,264,336,300,736
Maharashtra,Dhule,Dhule,Sugarcane,Co-86032,FAQ,2026-07-30,264,336,300,565
Maharashtra,Dhule,Dhule,Sugarcane,Co-86032,FAQ,2026-07-29,264,336,300,665
Maharashtra,Dhule,Dhule,Sugarcane,Co-86032,FAQ,2026-07-28,264,336,300,653
Maharashtra,Dhule,Dhule,Mustard,Yellow,FAQ,2026-08-26,4683,5960,5322,312
Maharashtra,Dhule,Dhule,Mustard,Yellow,FAQ,2026-08-25,4723,6012,5368,419
Maharashtra,Dhule,Dhule,Mustard,Black,FAQ,2026-08-24,4751,6046,5399,325
Maharashtra,Dhule,Dhule,Mustard,Black,FAQ,2026-08-23,4752,6048,5400,109
Maharashtra,Dhule,Dhule,Mustard,Black,FAQ,2026-08-22,4789,6096,5443,746
Maharashtra,Dhule,Dhule,Mustard,Yellow,FAQ,2026-08-21,4797,6106,5452,253
Maharashtra,Dhule,Dhule,Mustard,Yellow,FAQ,2026-08-20,4843,6164,5504,109
Maharashtra,Dhule,Dhule,Mustard,Black,FAQ,2026-08-19,4828,6145,5487,771
Maharashtra,Dhule,Dhule,Mustard,Yellow,FAQ,2026-08-18,4818,6133,5476,244
Maharashtra,Dhule,Dhule,Mustard,Black,FAQ,2026-08-17,4822,6137,5480,204
Maharashtra,Dhule,Dhule,Mustard,Black,FAQ,2026-08-16,4884,6216,5550,234
Maharashtra,Dhule,Dhule,Mustard,Yellow,FAQ,2026-08-15,4849,6172,5511,367
Maharashtra,Dhule,Dhule,Mustard,Yellow,FAQ,2026-08-14,4857,6182,5520,662
Maharashtra,Dhule,Dhule,Mustard,Black,FAQ,2026-08-13,4875,6204,5540,301
Maharashtra,Dhule,Dhule,Mustard,Yellow,FAQ,2026-08-12,4910,6249,5580,538
Maharashtra,Dhule,Dhule,Mustard,Yellow,FAQ,2026-08-11,4896,6231,5564,139
Maharashtra,Dhule,Dhule,Mustard,Black,FAQ,2026-08-10,4917,6258,5588,670
Maharashtra,Dhule,Dhule,Mustard,Yellow,FAQ,2026-08-09,4853,6176,5515,385
Maharashtra,Dhule,Dhule,Mustard,Yellow,FAQ,2026-08-08,4862,6189,5526,223
Maharashtra,Dhule,Dhule,Mustard,Yellow,FAQ,2026-08-07,4852,6175,5514,418
Maharashtra,Dhule,Dhule,Mustard,Yellow,FAQ,2026-08-06,4861,6186,5524,226
Maharashtra,Dhule,Dhule,Mustard,Black,FAQ,2026-08-05,4855,6180,5518,588
Maharashtra,Dhule,Dhule,Mustard,Yellow,FAQ,2026-08-04,4818,6132,5475,576
Maharashtra,Dhule,Dhule,Mustard,Black,FAQ,2026-08-03,4867,6194,5531,258
Maharashtra,Dhule,Dhule,Mustard,Black,FAQ,2026-08-02,4797,6106,5452,417
Maharashtra,Dhule,Dhule,Mustard,Yellow,FAQ,2026-08-01,4781,6086,5434,361
Maharashtra,Dhule,Dhule,Mustard,Black,FAQ,2026-07-31,4758,6055,5407,402
Maharashtra,Dhule,Dhule,Mustard,Black,FAQ,2026-07-30,4798,6107,5453,686
Maharashtra,Dhule,Dhule,Mustard,Black,FAQ,2026-07-29,4776,6079,5428,415
Maharashtra,Dhule,Dhule,Mustard,Black,FAQ,2026-07-28,4752,6049,5401,423
Maharashtra,Dhule,Dhule,Grapes,Thompson Seedless,FAQ,2026-08-26,4326,5507,4917,181
Maharashtra,Dhule,Dhule,Grapes,Thompson Seedless,FAQ,2026-08-25,4318,5495,4907,330
Maharashtra,Dhule,Dhule,Grapes,Thompson Seedless,FAQ,2026-08-24,4378,5573,4976,609
Maharashtra,Dhule,Dhule,Grapes,Thompson Seedless,FAQ,2026-08-23,4364,5555,4960,607
Maharashtra,Dhule,Dhule,Grapes,Thompson Seedless,FAQ,2026-08-22,4383,5578,4981,763
Maharashtra,Dhule,Dhule,Grapes,Thompson Seedless,FAQ,2026-08-21,4432,5641,5037,724
Maharashtra,Dhule,Dhule,Grapes,Thompson Seedless,FAQ,2026-08-20,4455,5670,5063,386
Maharashtra,Dhule,Dhule,Grapes,Thompson Seedless,FAQ,2026-08-19,4435,5644,5040,577
Maharashtra,Dhule,Dhule,Grapes,Thompson Seedless,FAQ,2026-08-18,4442,5653,5048,736
Maharashtra,Dhule,Dhule,Grapes,Thompson Seedless,FAQ,2026-08-17,4487,5710,5099,623
Maharashtra,Dhule,Dhule,Grapes,Thompson Seedless,FAQ,2026-08-16,4474,5695,5085,322
Maharashtra,Dhule,Dhule,Grapes,Thompson Seedless,FAQ,2026-08-15,4456,5671,5064,198
Maharashtra,Dhule,Dhule,Grapes,Thompson Seedless,FAQ,2026-08-14,4508,5737,5123,368
Maharashtra,Dhule,Dhule,Grapes,Thompson Seedless,FAQ,2026-08-13,4458,5675,5067,169
Maharashtra,Dhule,Dhule,Grapes,Thompson Seedless,FAQ,2026-08-12,4471,5690,5081,598
Maharashtra,Dhule,Dhule,Grapes,Thompson Seedless,FAQ,2026-08-11,4455,5670,5063,126
Maharashtra,Dhule,Dhule,Grapes,Thompson Seedless,FAQ,2026-08-10,4456,5671,5064,393
Maharashtra,Dhule,Dhule,Grapes,Thompson Seedless,FAQ,2026-08-09,4484,5707,5096,440
Maharashtra,Dhule,Dhule,Grapes,Thompson Seedless,FAQ,2026-08-08,4514,5745,5130,640
Maharashtra,Dhule,Dhule,Grapes,Thompson Seedless,FAQ,2026-08-07,4475,5696,5086,173
Maharashtra,Dhule,Dhule,Grapes,Thompson Seedless,FAQ,2026-08-06,4489,5714,5102,731
Maharashtra,Dhule,Dhule,Grapes,Thompson Seedless,FAQ,2026-08-05,4473,5694,5084,372
Maharashtra,Dhule,Dhule,Grapes,Thompson Seedless,FAQ,2026-08-04,4428,5635,5032,355
Maharashtra,Dhule,Dhule,Grapes,Thompson Seedless,FAQ,2026-08-03,4458,5675,5067,441
Maharashtra,Dhule,Dhule,Grapes,Thompson Seedless,FAQ,2026-08-02,4426,5633,5030,678
Maharashtra,Dhule,Dhule,Grapes,Thompson Seedless,FAQ,2026-08-01,4396,5595,4996,482
Maharashtra,Dhule,Dhule,Grapes,Thompson Seedless,FAQ,2026-07-31,4359,5548,4954,559
Maharashtra,Dhule,Dhule,Grapes,Thompson Seedless,FAQ,2026-07-30,4395,5594,4995,655
Maharashtra,Dhule,Dhule,Grapes,Thompson Seedless,FAQ,2026-07-29,4349,5536,4943,494
Maharashtra,Dhule,Dhule,Grapes,Thompson Seedless,FAQ,2026-07-28,4340,5523,4932,206
Maharashtra,Dhule,Dhule,Pomegranate,Bhagwa,FAQ,2026-08-26,5601,7128,6365,371
Maharashtra,Dhule,Dhule,Pomegranate,Bhagwa,FAQ,2026-08-25,5659,7202,6431,533
Maharashtra,Dhule,Dhule,Pomegranate,Bhagwa,FAQ,2026-08-24,5683,7234,6459,174
Maharashtra,Dhule,Dhule,Pomegranate,Bhagwa,FAQ,2026-08-23,5722,7283,6503,271
Maharashtra,Dhule,Dhule,Pomegranate,Bhagwa,FAQ,2026-08-22,5746,7313,6530,402
Maharashtra,Dhule,Dhule,Pomegranate,Bhagwa,FAQ,2026-08-21,5719,7278,6499,264
Maharashtra,Dhule,Dhule,Pomegranate,Bhagwa,FAQ,2026-08-20,5750,7319,6535,504
Maharashtra,Dhule,Dhule,Pomegranate,Bhagwa,FAQ,2026-08-19,5734,7297,6516,184
Maharashtra,Dhule,Dhule,Pomegranate,Bhagwa,FAQ,2026-08-18,5740,7305,6523,167
Maharashtra,Dhule,Dhule,Pomegranate,Bhagwa,FAQ,2026-08-17,5805,7388,6597,602
Maharashtra,Dhule,Dhule,Pomegranate,Bhagwa,FAQ,2026-08-16,5799,7380,6590,487
Maharashtra,Dhule,Dhule,Pomegranate,Bhagwa,FAQ,2026-08-15,5776,7351,6564,140
Maharashtra,Dhule,Dhule,Pomegranate,Bhagwa,FAQ,2026-08-14,5780,7357,6569,535
Maharashtra,Dhule,Dhule,Pomegranate,Bhagwa,FAQ,2026-08-13,5788,7367,6578,399
Maharashtra,Dhule,Dhule,Pomegranate,Bhagwa,FAQ,2026-08-12,5800,7383,6592,222
Maharashtra,Dhule,Dhule,Pomegranate,Bhagwa,FAQ,2026-08-11,5829,7418,6624,528
Maharashtra,Dhule,Dhule,Pomegranate,Bhagwa,FAQ,2026-08-10,5784,7361,6573,612
Maharashtra,Dhule,Dhule,Pomegranate,Bhagwa,FAQ,2026-08-09,5773,7348,6561,435
Maharashtra,Dhule,Dhule,Pomegranate,Bhagwa,FAQ,2026-08-08,5831,7422,6627,316
Maharashtra,Dhule,Dhule,Pomegranate,Bhagwa,FAQ,2026-08-07,5806,7389,6598,271
Maharashtra,Dhule,Dhule,Pomegranate,Bhagwa,FAQ,2026-08-06,5757,7328,6543,716
Maharashtra,Dhule,Dhule,Pomegranate,Bhagwa,FAQ,2026-08-05,5793,7374,6584,381
Maharashtra,Dhule,Dhule,Pomegranate,Bhagwa,FAQ,2026-08-04,5734,7299,6517,128
Maharashtra,Dhule,Dhule,Pomegranate,Bhagwa,FAQ,2026-08-03,5744,7311,6528,185
Maharashtra,Dhule,Dhule,Pomegranate,Bhagwa,FAQ,2026-08-02,5737,7302,6520,563
Maharashtra,Dhule,Dhule,Pomegranate,Bhagwa,FAQ,2026-08-01,5725,7286,6506,188
Maharashtra,Dhule,Dhule,Pomegranate,Bhagwa,FAQ,2026-07-31,5743,7310,6527,607
Maharashtra,Dhule,Dhule,Pomegranate,Bhagwa,FAQ,2026-07-30,5674,7221,6448,521
Maharashtra,Dhule,Dhule,Pomegranate,Bhagwa,FAQ,2026-07-29,5645,7184,6415,720
Maharashtra,Dhule,Dhule,Pomegranate,Bhagwa,FAQ,2026-07-28,5639,7176,6408,681
Maharashtra,Dhule,Shirpur,Tomato,Vaishali,FAQ,2026-08-26,1850,2355,2103,583
Maharashtra,Dhule,Shirpur,Tomato,Local,FAQ,2026-08-25,1906,2425,2166,348
Maharashtra,Dhule,Shirpur,Tomato,Local,FAQ,2026-08-24,1896,2413,2155,112
Maharashtra,Dhule,Shirpur,Tomato,Hybrid,FAQ,2026-08-23,1887,2402,2145,267
Maharashtra,Dhule,Shirpur,Tomato,Hybrid,FAQ,2026-08-22,1909,2430,2170,671
Maharashtra,Dhule,Shirpur,Tomato,Vaishali,FAQ,2026-08-21,1959,2494,2227,317
Maharashtra,Dhule,Shirpur,Tomato,Vaishali,FAQ,2026-08-20,1958,2492,2225,184
Maharashtra,Dhule,Shirpur,Tomato,Vaishali,FAQ,2026-08-19,2003,2550,2277,373
Maharashtra,Dhule,Shirpur,Tomato,Vaishali,FAQ,2026-08-18,2012,2561,2287,433
Maharashtra,Dhule,Shirpur,Tomato,Local,FAQ,2026-08-17,2001,2546,2274,672
Maharashtra,Dhule,Shirpur,Tomato,Hybrid,FAQ,2026-08-16,1979,2518,2249,607
Maharashtra,Dhule,Shirpur,Tomato,Vaishali,FAQ,2026-08-15,2018,2569,2294,697
Maharashtra,Dhule,Shirpur,Tomato,Hybrid,FAQ,2026-08-14,2031,2586,2309,741
Maharashtra,Dhule,Shirpur,Tomato,Local,FAQ,2026-08-13,2003,2550,2277,225
Maharashtra,Dhule,Shirpur,Tomato,Hybrid,FAQ,2026-08-12,2026,2579,2303,209
Maharashtra,Dhule,Shirpur,Tomato,Hybrid,FAQ,2026-08-11,2059,2620,2340,544
Maharashtra,Dhule,Shirpur,Tomato,Local,FAQ,2026-08-10,1992,2535,2264,702
Maharashtra,Dhule,Shirpur,Tomato,Vaishali,FAQ,2026-08-09,1998,2543,2271,458
Maharashtra,Dhule,Shirpur,Tomato,Hybrid,FAQ,2026-08-08,2046,2604,2325,299
Maharashtra,Dhule,Shirpur,Tomato,Local,FAQ,2026-08-07,2006,2553,2280,291
Maharashtra,Dhule,Shirpur,Tomato,Local,FAQ,2026-08-06,2005,2552,2279,372
Maharashtra,Dhule,Shirpur,Tomato,Hybrid,FAQ,2026-08-05,1985,2526,2256,762
Maharashtra,Dhule,Shirpur,Tomato,Hybrid,FAQ,2026-08-04,1960,2495,2228,314
Maharashtra,Dhule,Shirpur,Tomato,Vaishali,FAQ,2026-08-03,1940,2469,2205,293
Maharashtra,Dhule,Shirpur,Tomato,Local,FAQ,2026-08-02,1936,2464,2200,593
Maharashtra,Dhule,Shirpur,Tomato,Vaishali,FAQ,2026-08-01,1943,2472,2208,536
Maharashtra,Dhule,Shirpur,Tomato,Local,FAQ,2026-07-31,1917,2440,2179,282
Maharashtra,Dhule,Shirpur,Tomato,Vaishali,FAQ,2026-07-30,1913,2434,2174,564
Maharashtra,Dhule,Shirpur,Tomato,Vaishali,FAQ,2026-07-29,1920,2443,2182,439
Maharashtra,Dhule,Shirpur,Tomato,Hybrid,FAQ,2026-07-28,1845,2348,2097,271
Maharashtra,Dhule,Shirpur,Onion,Red,FAQ,2026-08-26,1530,1947,1739,148
Maharashtra,Dhule,Shirpur,Onion,Red,FAQ,2026-08-25,1580,2011,1796,696
Maharashtra,Dhule,Shirpur,Onion,Garwa,FAQ,2026-08-24,1563,1990,1777,685
Maharashtra,Dhule,Shirpur,Onion,Garwa,FAQ,2026-08-23,1578,2009,1794,635
Maharashtra,Dhule,Shirpur,Onion,Red,FAQ,2026-08-22,1591,2024,1808,773
Maharashtra,Dhule,Shirpur,Onion,White,FAQ,2026-08-21,1656,2107,1882,581
Maharashtra,Dhule,Shirpur,Onion,Garwa,FAQ,2026-08-20,1669,2124,1897,150
Maharashtra,Dhule,Shirpur,Onion,Red,FAQ,2026-08-19,1671,2126,1899,165
Maharashtra,Dhule,Shirpur,Onion,White,FAQ,2026-08-18,1677,2134,1906,632
Maharashtra,Dhule,Shirpur,Onion,Red,FAQ,2026-08-17,1667,2122,1895,529
Maharashtra,Dhule,Shirpur,Onion,Red,FAQ,2026-08-16,1683,2142,1913,278
Maharashtra,Dhule,Shirpur,Onion,White,FAQ,2026-08-15,1708,2175,1942,101
Maharashtra,Dhule,Shirpur,Onion,White,FAQ,2026-08-14,1683,2142,1913,347
Maharashtra,Dhule,Shirpur,Onion,Red,FAQ,2026-08-13,1679,2136,1908,346
Maharashtra,Dhule,Shirpur,Onion,Red,FAQ,2026-08-12,1687,2148,1918,622
Maharashtra,Dhule,Shirpur,Onion,White,FAQ,2026-08-11,1704,2169,1937,711
Maharashtra,Dhule,Shirpur,Onion,Garwa,FAQ,2026-08-10,1730,2201,1966,235
Maharashtra,Dhule,Shirpur,Onion,White,FAQ,2026-08-09,1740,2215,1978,418
Maharashtra,Dhule,Shirpur,Onion,Red,FAQ,2026-08-08,1734,2207,1971,436
Maharashtra,Dhule,Shirpur,Onion,White,FAQ,2026-08-07,1699,2162,1931,348
Maharashtra,Dhule,Shirpur,Onion,Garwa,FAQ,2026-08-06,1686,2145,1916,379
Maharashtra,Dhule,Shirpur,Onion,Red,FAQ,2026-08-05,1684,2143,1914,231
Maharashtra,Dhule,Shirpur,Onion,Garwa,FAQ,2026-08-04,1672,2128,1900,749
Maharashtra,Dhule,Shirpur,Onion,Red,FAQ,2026-08-03,1678,2135,1907,395
Maharashtra,Dhule,Shirpur,Onion,Red,FAQ,2026-08-02,1652,2103,1878,281
Maharashtra,Dhule,Shirpur,Onion,Red,FAQ,2026-08-01,1671,2126,1899,114
Maharashtra,Dhule,Shirpur,Onion,Garwa,FAQ,2026-07-31,1638,2085,1862,649
Maharashtra,Dhule,Shirpur,Onion,Red,FAQ,2026-07-30,1583,2014,1799,437
Maharashtra,Dhule,Shirpur,Onion,Garwa,FAQ,2026-07-29,1565,1992,1779,576
Maharashtra,Dhule,Shirpur,Onion,Garwa,FAQ,2026-07-28,1590,2023,1807,356
Maharashtra,Dhule,Shirpur,Wheat,Lok-1,FAQ,2026-08-26,2101,2674,2388,633
Maharashtra,Dhule,Shirpur,Wheat,Sharbati,FAQ,2026-08-25,2104,2677,2391,266
Maharashtra,Dhule,Shirpur,Wheat,FAQ,FAQ,2026-08-24,2081,2648,2365,338
Maharashtra,Dhule,Shirpur,Wheat,Lok-1,FAQ,2026-08-23,2138,2721,2430,137
Maharashtra,Dhule,Shirpur,Wheat,Lok-1,FAQ,2026-08-22,2128,2709,2419,106
Maharashtra,Dhule,Shirpur,Wheat,Lok-1,FAQ,2026-08-21,2161,2750,2456,460
Maharashtra,Dhule,Shirpur,Wheat,FAQ,FAQ,2026-08-20,2207,2810,2509,730
Maharashtra,Dhule,Shirpur,Wheat,Sharbati,FAQ,2026-08-19,2167,2758,2463,348
Maharashtra,Dhule,Shirpur,Wheat,Lok-1,FAQ,2026-08-18,2228,2835,2532,125
Maharashtra,Dhule,Shirpur,Wheat,Lok-1,FAQ,2026-08-17,2213,2816,2515,668
Maharashtra,Dhule,Shirpur,Wheat,Sharbati,FAQ,2026-08-16,2190,2787,2489,200
Maharashtra,Dhule,Shirpur,Wheat,FAQ,FAQ,2026-08-15,2204,2805,2505,621
Maharashtra,Dhule,Shirpur,Wheat,FAQ,FAQ,2026-08-14,2258,2873,2566,708
Maharashtra,Dhule,Shirpur,Wheat,Sharbati,FAQ,2026-08-13,2223,2830,2527,589
Maharashtra,Dhule,Shirpur,Wheat,Sharbati,FAQ,2026-08-12,2223,2830,2527,662
Maharashtra,Dhule,Shirpur,Wheat,Lok-1,FAQ,2026-08-11,2239,2850,2545,206
Maharashtra,Dhule,Shirpur,Wheat,FAQ,FAQ,2026-08-10,2254,2869,2562,704
Maharashtra,Dhule,Shirpur,Wheat,Sharbati,FAQ,2026-08-09,2252,2867,2560,404
Maharashtra,Dhule,Shirpur,Wheat,FAQ,FAQ,2026-08-08,2218,2823,2521,393
Maharashtra,Dhule,Shirpur,Wheat,FAQ,FAQ,2026-08-07,2259,2876,2568,539
Maharashtra,Dhule,Shirpur,Wheat,FAQ,FAQ,2026-08-06,2211,2814,2513,540
Maharashtra,Dhule,Shirpur,Wheat,Sharbati,FAQ,2026-08-05,2196,2795,2496,269
Maharashtra,Dhule,Shirpur,Wheat,Sharbati,FAQ,2026-08-04,2207,2808,2508,756
Maharashtra,Dhule,Shirpur,Wheat,Sharbati,FAQ,2026-08-03,2180,2775,2478,628
Maharashtra,Dhule,Shirpur,Wheat,Lok-1,FAQ,2026-08-02,2170,2763,2467,631
Maharashtra,Dhule,Shirpur,Wheat,Lok-1,FAQ,2026-08-01,2160,2749,2455,572
Maharashtra,Dhule,Shirpur,Wheat,Lok-1,FAQ,2026-07-31,2114,2691,2403,316
Maharashtra,Dhule,Shirpur,Wheat,Sharbati,FAQ,2026-07-30,2149,2736,2443,757
Maharashtra,Dhule,Shirpur,Wheat,FAQ,FAQ,2026-07-29,2130,2711,2421,393
Maharashtra,Dhule,Shirpur,Wheat,Lok-1,FAQ,2026-07-28,2090,2661,2376,538
Maharashtra,Dhule,Shirpur,Rice,Basmati,FAQ,2026-08-26,2235,2844,2540,400
Maharashtra,Dhule,Shirpur,Rice,Basmati,FAQ,2026-08-25,2207,2808,2508,368
Maharashtra,Dhule,Shirpur,Rice,Paddy(Dpr),FAQ,2026-08-24,2261,2878,2570,545
Maharashtra,Dhule,Shirpur,Rice,Swarna,FAQ,2026-08-23,2291,2916,2604,254
Maharashtra,Dhule,Shirpur,Rice,Paddy(Dpr),FAQ,2026-08-22,2261,2878,2570,510
Maharashtra,Dhule,Shirpur,Rice,Swarna,FAQ,2026-08-21,2324,2957,2641,505
Maharashtra,Dhule,Shirpur,Rice,Swarna,FAQ,2026-08-20,2299,2926,2613,239
Maharashtra,Dhule,Shirpur,Rice,Swarna,FAQ,2026-08-19,2290,2915,2603,792
Maharashtra,Dhule,Shirpur,Rice,Basmati,FAQ,2026-08-18,2324,2959,2642,158
Maharashtra,Dhule,Shirpur,Rice,Paddy(Dpr),FAQ,2026-08-17,2365,3010,2688,377
Maharashtra,Dhule,Shirpur,Rice,Basmati,FAQ,2026-08-16,2351,2992,2672,253
Maharashtra,Dhule,Shirpur,Rice,Basmati,FAQ,2026-08-15,2390,3041,2716,126
Maharashtra,Dhule,Shirpur,Rice,Paddy(Dpr),FAQ,2026-08-14,2383,3032,2708,612
Maharashtra,Dhule,Shirpur,Rice,Paddy(Dpr),FAQ,2026-08-13,2399,3054,2727,671
Maharashtra,Dhule,Shirpur,Rice,Basmati,FAQ,2026-08-12,2353,2994,2674,656
Maharashtra,Dhule,Shirpur,Rice,Swarna,FAQ,2026-08-11,2362,3007,2685,107
Maharashtra,Dhule,Shirpur,Rice,Paddy(Dpr),FAQ,2026-08-10,2354,2996,2675,738
Maharashtra,Dhule,Shirpur,Rice,Paddy(Dpr),FAQ,2026-08-09,2404,3059,2732,658
Maharashtra,Dhule,Shirpur,Rice,Basmati,FAQ,2026-08-08,2367,3012,2690,223
Maharashtra,Dhule,Shirpur,Rice,Swarna,FAQ,2026-08-07,2332,2969,2651,647
Maharashtra,Dhule,Shirpur,Rice,Basmati,FAQ,2026-08-06,2354,2996,2675,500
Maharashtra,Dhule,Shirpur,Rice,Paddy(Dpr),FAQ,2026-08-05,2374,3021,2698,220
Maharashtra,Dhule,Shirpur,Rice,Basmati,FAQ,2026-08-04,2366,3011,2689,747
Maharashtra,Dhule,Shirpur,Rice,Paddy(Dpr),FAQ,2026-08-03,2344,2983,2664,716
Maharashtra,Dhule,Shirpur,Rice,Paddy(Dpr),FAQ,2026-08-02,2313,2944,2629,140
Maharashtra,Dhule,Shirpur,Rice,Basmati,FAQ,2026-08-01,2326,2961,2644,111
Maharashtra,Dhule,Shirpur,Rice,Swarna,FAQ,2026-07-31,2256,2871,2564,436
Maharashtra,Dhule,Shirpur,Rice,Paddy(Dpr),FAQ,2026-07-30,2236,2847,2542,323
Maharashtra,Dhule,Shirpur,Rice,Basmati,FAQ,2026-07-29,2234,2843,2539,426
Maharashtra,Dhule,Shirpur,Rice,Paddy(Dpr),FAQ,2026-07-28,2239,2850,2545,197
Maharashtra,Dhule,Shirpur,Potato,Kufri,FAQ,2026-08-26,1197,1524,1361,292
Maharashtra,Dhule,Shirpur,Potato,Kufri,FAQ,2026-08-25,1283,1632,1458,721
Maharashtra,Dhule,Shirpur,Potato,Jyoti,FAQ,2026-08-24,1260,1603,1432,313
Maharashtra,Dhule,Shirpur,Potato,Kufri,FAQ,2026-08-23,1294,1647,1471,766
Maharashtra,Dhule,Shirpur,Potato,Kufri,FAQ,2026-08-22,1312,1669,1491,251
Maharashtra,Dhule,Shirpur,Potato,Kufri,FAQ,2026-08-21,1300,1655,1478,620
Maharashtra,Dhule,Shirpur,Potato,Kufri,FAQ,2026-08-20,1366,1739,1553,588
Maharashtra,Dhule,Shirpur,Potato,Kufri,FAQ,2026-08-19,1384,1761,1573,282
Maharashtra,Dhule,Shirpur,Potato,Jyoti,FAQ,2026-08-18,1351,1720,1536,450
Maharashtra,Dhule,Shirpur,Potato,Jyoti,FAQ,2026-08-17,1389,1768,1579,476
Maharashtra,Dhule,Shirpur,Potato,Jyoti,FAQ,2026-08-16,1356,1727,1542,228
Maharashtra,Dhule,Shirpur,Potato,Jyoti,FAQ,2026-08-15,1366,1739,1553,515
Maharashtra,Dhule,Shirpur,Potato,Jyoti,FAQ,2026-08-14,1417,1804,1611,538
Maharashtra,Dhule,Shirpur,Potato,Jyoti,FAQ,2026-08-13,1411,1796,1604,236
Maharashtra,Dhule,Shirpur,Potato,Kufri,FAQ,2026-08-12,1373,1748,1561,533
Maharashtra,Dhule,Shirpur,Potato,Kufri,FAQ,2026-08-11,1388,1767,1578,426
Maharashtra,Dhule,Shirpur,Potato,Jyoti,FAQ,2026-08-10,1408,1793,1601,142
Maharashtra,Dhule,Shirpur,Potato,Jyoti,FAQ,2026-08-09,1390,1769,1580,137
Maharashtra,Dhule,Shirpur,Potato,Kufri,FAQ,2026-08-08,1409,1794,1602,646
Maharashtra,Dhule,Shirpur,Potato,Jyoti,FAQ,2026-08-07,1385,1762,1574,367
Maharashtra,Dhule,Shirpur,Potato,Kufri,FAQ,2026-08-06,1400,1781,1591,227
Maharashtra,Dhule,Shirpur,Potato,Jyoti,FAQ,2026-08-05,1349,1716,1533,601
Maharashtra,Dhule,Shirpur,Potato,Kufri,FAQ,2026-08-04,1400,1783,1592,369
Maharashtra,Dhule,Shirpur,Potato,Kufri,FAQ,2026-08-03,1359,1730,1545,299
Maharashtra,Dhule,Shirpur,Potato,Kufri,FAQ,2026-08-02,1316,1675,1496,599
Maharashtra,Dhule,Shirpur,Potato,Jyoti,FAQ,2026-08-01,1324,1685,1505,696
Maharashtra,Dhule,Shirpur,Potato,Jyoti,FAQ,2026-07-31,1320,1680,1500,641
Maharashtra,Dhule,Shirpur,Potato,Jyoti,FAQ,2026-07-30,1318,1677,1498,154
Maharashtra,Dhule,Shirpur,Potato,Kufri,FAQ,2026-07-29,1290,1643,1467,478
Maharashtra,Dhule,Shirpur,Potato,Jyoti,FAQ,2026-07-28,1254,1596,1425,378
Maharashtra,Dhule,Shirpur,Soyabean,Yellow,FAQ,2026-08-26,3761,4786,4274,554
Maharashtra,Dhule,Shirpur,Soyabean,JS-335,FAQ,2026-08-25,3784,4817,4301,747
Maharashtra,Dhule,Shirpur,Soyabean,Yellow,FAQ,2026-08-24,3836,4883,4360,571
Maharashtra,Dhule,Shirpur,Soyabean,Yellow,FAQ,2026-08-23,3833,4878,4356,101
Maharashtra,Dhule,Shirpur,Soyabean,Yellow,FAQ,2026-08-22,3900,4963,4432,606
Maharashtra,Dhule,Shirpur,Soyabean,Yellow,FAQ,2026-08-21,3900,4963,4432,171
Maharashtra,Dhule,Shirpur,Soyabean,JS-335,FAQ,2026-08-20,3898,4961,4430,695
Maharashtra,Dhule,Shirpur,Soyabean,Yellow,FAQ,2026-08-19,3939,5014,4477,205
Maharashtra,Dhule,Shirpur,Soyabean,JS-335,FAQ,2026-08-18,3948,5025,4487,168
Maharashtra,Dhule,Shirpur,Soyabean,Yellow,FAQ,2026-08-17,3902,4967,4435,796
Maharashtra,Dhule,Shirpur,Soyabean,Yellow,FAQ,2026-08-16,3912,4979,4446,670
Maharashtra,Dhule,Shirpur,Soyabean,Yellow,FAQ,2026-08-15,3943,5018,4481,508
Maharashtra,Dhule,Shirpur,Soyabean,Yellow,FAQ,2026-08-14,3974,5057,4516,429
Maharashtra,Dhule,Shirpur,Soyabean,Yellow,FAQ,2026-08-13,3966,5047,4507,344
Maharashtra,Dhule,Shirpur,Soyabean,JS-335,FAQ,2026-08-12,3923,4994,4459,570
Maharashtra,Dhule,Shirpur,Soyabean,Yellow,FAQ,2026-08-11,3983,5070,4527,252
Maharashtra,Dhule,Shirpur,Soyabean,JS-335,FAQ,2026-08-10,3970,5053,4512,573
Maharashtra,Dhule,Shirpur,Soyabean,Yellow,FAQ,2026-08-09,3931,5004,4468,103
Maharashtra,Dhule,Shirpur,Soyabean,JS-335,FAQ,2026-08-08,3974,5059,4517,359
Maharashtra,Dhule,Shirpur,Soyabean,Yellow,FAQ,2026-08-07,3930,5003,4467,620
Maharashtra,Dhule,Shirpur,Soyabean,Yellow,FAQ,2026-08-06,3974,5057,4516,345
Maharashtra,Dhule,Shirpur,Soyabean,Yellow,FAQ,2026-08-05,3930,5003,4467,608
Maharashtra,Dhule,Shirpur,Soyabean,JS-335,FAQ,2026-08-04,3946,5023,4485,341
Maharashtra,Dhule,Shirpur,Soyabean,JS-335,FAQ,2026-08-03,3890,4951,4421,562
Maharashtra,Dhule,Shirpur,Soyabean,Yellow,FAQ,2026-08-02,3894,4956,4425,315
Maharashtra,Dhule,Shirpur,Soyabean,JS-335,FAQ,2026-08-01,3883,4942,4413,257
Maharashtra,Dhule,Shirpur,Soyabean,JS-335,FAQ,2026-07-31,3837,4884,4361,448
Maharashtra,Dhule,Shirpur,Soyabean,JS-335,FAQ,2026-07-30,3881,4940,4411,382
Maharashtra,Dhule,Shirpur,Soyabean,Yellow,FAQ,2026-07-29,3794,4829,4312,294
Maharashtra,Dhule,Shirpur,Soyabean,JS-335,FAQ,2026-07-28,3784,4816,4300,258
Maharashtra,Dhule,Shirpur,Maize,Hybrid,FAQ,2026-08-26,1645,2094,1870,670
Maharashtra,Dhule,Shirpur,Maize,Yellow,FAQ,2026-08-25,1669,2124,1897,632
Maharashtra,Dhule,Shirpur,Maize,Hybrid,FAQ,2026-08-24,1706,2171,1939,220
Maharashtra,Dhule,Shirpur,Maize,Yellow,FAQ,2026-08-23,1701,2164,1933,287
Maharashtra,Dhule,Shirpur,Maize,Yellow,FAQ,2026-08-22,1722,2191,1957,246
Maharashtra,Dhule,Shirpur,Maize,Yellow,FAQ,2026-08-21,1734,2207,1971,660
Maharashtra,Dhule,Shirpur,Maize,Yellow,FAQ,2026-08-20,1741,2216,1979,546
Maharashtra,Dhule,Shirpur,Maize,Yellow,FAQ,2026-08-19,1733,2206,1970,570
Maharashtra,Dhule,Shirpur,Maize,Yellow,FAQ,2026-08-18,1789,2278,2034,168
Maharashtra,Dhule,Shirpur,Maize,Hybrid,FAQ,2026-08-17,1786,2273,2030,102
Maharashtra,Dhule,Shirpur,Maize,Yellow,FAQ,2026-08-16,1786,2273,2030,149
Maharashtra,Dhule,Shirpur,Maize,Hybrid,FAQ,2026-08-15,1794,2283,2039,521
Maharashtra,Dhule,Shirpur,Maize,Yellow,FAQ,2026-08-14,1804,2297,2051,497
Maharashtra,Dhule,Shirpur,Maize,Yellow,FAQ,2026-08-13,1815,2310,2063,504
Maharashtra,Dhule,Shirpur,Maize,Yellow,FAQ,2026-08-12,1814,2309,2062,138
Maharashtra,Dhule,Shirpur,Maize,Yellow,FAQ,2026-08-11,1827,2326,2077,298
Maharashtra,Dhule,Shirpur,Maize,Hybrid,FAQ,2026-08-10,1824,2321,2073,225
Maharashtra,Dhule,Shirpur,Maize,Hybrid,FAQ,2026-08-09,1835,2336,2086,270
Maharashtra,Dhule,Shirpur,Maize,Yellow,FAQ,2026-08-08,1776,2261,2019,583
Maharashtra,Dhule,Shirpur,Maize,Hybrid,FAQ,2026-08-07,1775,2260,2018,401
Maharashtra,Dhule,Shirpur,Maize,Hybrid,FAQ,2026-08-06,1777,2262,2020,508
Maharashtra,Dhule,Shirpur,Maize,Yellow,FAQ,2026-08-05,1740,2215,1978,651
Maharashtra,Dhule,Shirpur,Maize,Hybrid,FAQ,2026-08-04,1770,2253,2012,778
Maharashtra,Dhule,Shirpur,Maize,Yellow,FAQ,2026-08-03,1782,2268,2025,654
Maharashtra,Dhule,Shirpur,Maize,Yellow,FAQ,2026-08-02,1763,2244,2004,787
Maharashtra,Dhule,Shirpur,Maize,Hybrid,FAQ,2026-08-01,1727,2198,1963,285
Maharashtra,Dhule,Shirpur,Maize,Yellow,FAQ,2026-07-31,1728,2199,1964,750
Maharashtra,Dhule,Shirpur,Maize,Yellow,FAQ,2026-07-30,1671,2126,1899,431
Maharashtra,Dhule,Shirpur,Maize,Yellow,FAQ,2026-07-29,1650,2101,1876,530
Maharashtra,Dhule,Shirpur,Maize,Yellow,FAQ,2026-07-28,1624,2067,1846,457
Maharashtra,Dhule,Shirpur,Cotton,Medium Staple,FAQ,2026-08-26,5722,7283,6503,371
Maharashtra,Dhule,Shirpur,Cotton,Medium Staple,FAQ,2026-08-25,5720,7280,6500,481
Maharashtra,Dhule,Shirpur,Cotton,Medium Staple,FAQ,2026-08-24,5794,7375,6585,688
Maharashtra,Dhule,Shirpur,Cotton,Medium Staple,FAQ,2026-08-23,5786,7365,6576,113
Maharashtra,Dhule,Shirpur,Cotton,Medium Staple,FAQ,2026-08-22,5832,7423,6628,314
Maharashtra,Dhule,Shirpur,Cotton,Medium Staple,FAQ,2026-08-21,5786,7365,6576,485
Maharashtra,Dhule,Shirpur,Cotton,Medium Staple,FAQ,2026-08-20,5822,7409,6616,646
Maharashtra,Dhule,Shirpur,Cotton,Medium Staple,FAQ,2026-08-19,5854,7451,6653,654
Maharashtra,Dhule,Shirpur,Cotton,Medium Staple,FAQ,2026-08-18,5875,7478,6677,426
Maharashtra,Dhule,Shirpur,Cotton,Medium Staple,FAQ,2026-08-17,5859,7458,6659,241
Maharashtra,Dhule,Shirpur,Cotton,Medium Staple,FAQ,2026-08-16,5859,7458,6659,694
Maharashtra,Dhule,Shirpur,Cotton,Medium Staple,FAQ,2026-08-15,5872,7473,6673,635
Maharashtra,Dhule,Shirpur,Cotton,Medium Staple,FAQ,2026-08-14,5918,7533,6726,247
Maharashtra,Dhule,Shirpur,Cotton,Medium Staple,FAQ,2026-08-13,5870,7471,6671,478
Maharashtra,Dhule,Shirpur,Cotton,Medium Staple,FAQ,2026-08-12,5921,7536,6729,777
Maharashtra,Dhule,Shirpur,Cotton,Medium Staple,FAQ,2026-08-11,5913,7526,6720,317
Maharashtra,Dhule,Shirpur,Cotton,Medium Staple,FAQ,2026-08-10,5876,7479,6678,663
Maharashtra,Dhule,Shirpur,Cotton,Medium Staple,FAQ,2026-08-09,5912,7525,6719,419
Maharashtra,Dhule,Shirpur,Cotton,Medium Staple,FAQ,2026-08-08,5888,7493,6691,624
Maharashtra,Dhule,Shirpur,Cotton,Medium Staple,FAQ,2026-08-07,5856,7453,6655,298
Maharashtra,Dhule,Shirpur,Cotton,Medium Staple,FAQ,2026-08-06,5909,7520,6715,396
Maharashtra,Dhule,Shirpur,Cotton,Medium Staple,FAQ,2026-08-05,5878,7481,6680,137
Maharashtra,Dhule,Shirpur,Cotton,Medium Staple,FAQ,2026-08-04,5824,7413,6619,293
Maharashtra,Dhule,Shirpur,Cotton,Medium Staple,FAQ,2026-08-03,5828,7417,6623,110
Maharashtra,Dhule,Shirpur,Cotton,Medium Staple,FAQ,2026-08-02,5852,7448,6650,468
Maharashtra,Dhule,Shirpur,Cotton,Medium Staple,FAQ,2026-08-01,5807,7390,6599,482
Maharashtra,Dhule,Shirpur,Cotton,Medium Staple,FAQ,2026-07-31,5814,7399,6607,605
Maharashtra,Dhule,Shirpur,Cotton,Medium Staple,FAQ,2026-07-30,5752,7321,6537,191
Maharashtra,Dhule,Shirpur,Cotton,Medium Staple,FAQ,2026-07-29,5739,7304,6522,381
Maharashtra,Dhule,Shirpur,Cotton,Medium Staple,FAQ,2026-07-28,5773,7348,6561,239
Maharashtra,Dhule,Shirpur,Sugarcane,Co-86032,FAQ,2026-08-26,264,336,300,256
Maharashtra,Dhule,Shirpur,Sugarcane,Co-86032,FAQ,2026-08-25,264,336,300,123
Maharashtra,Dhule,Shirpur,Sugarcane,Co-86032,FAQ,2026-08-24,264,336,300,738
Maharashtra,Dhule,Shirpur,Sugarcane,Co-86032,FAQ,2026-08-23,281,358,320,387
Maharashtra,Dhule,Shirpur,Sugarcane,Co-86032,FAQ,2026-08-22,287,366,327,518
Maharashtra,Dhule,Shirpur,Sugarcane,Co-86032,FAQ,2026-08-21,266,339,303,708
Maharashtra,Dhule,Shirpur,Sugarcane,Co-86032,FAQ,2026-08-20,297,378,338,739
Maharashtra,Dhule,Shirpur,Sugarcane,Co-86032,FAQ,2026-08-19,320,407,364,581
Maharashtra,Dhule,Shirpur,Sugarcane,Co-86032,FAQ,2026-08-18,352,449,401,721
Maharashtra,Dhule,Shirpur,Sugarcane,Co-86032,FAQ,2026-08-17,328,417,373,438
Maharashtra,Dhule,Shirpur,Sugarcane,Co-86032,FAQ,2026-08-16,359,456,408,317
Maharashtra,Dhule,Shirpur,Sugarcane,Co-86032,FAQ,2026-08-15,335,426,381,716
Maharashtra,Dhule,Shirpur,Sugarcane,Co-86032,FAQ,2026-08-14,386,491,439,530
Maharashtra,Dhule,Shirpur,Sugarcane,Co-86032,FAQ,2026-08-13,382,487,435,160
Maharashtra,Dhule,Shirpur,Sugarcane,Co-86032,FAQ,2026-08-12,338,431,385,453
Maharashtra,Dhule,Shirpur,Sugarcane,Co-86032,FAQ,2026-08-11,346,441,394,455
Maharashtra,Dhule,Shirpur,Sugarcane,Co-86032,FAQ,2026-08-10,333,424,379,238
Maharashtra,Dhule,Shirpur,Sugarcane,Co-86032,FAQ,2026-08-09,389,496,443,800
Maharashtra,Dhule,Shirpur,Sugarcane,Co-86032,FAQ,2026-08-08,359,456,408,561
Maharashtra,Dhule,Shirpur,Sugarcane,Co-86032,FAQ,2026-08-07,370,471,421,547
Maharashtra,Dhule,Shirpur,Sugarcane,Co-86032,FAQ,2026-08-06,365,464,415,560
Maharashtra,Dhule,Shirpur,Sugarcane,Co-86032,FAQ,2026-08-05,344,437,391,350
Maharashtra,Dhule,Shirpur,Sugarcane,Co-86032,FAQ,2026-08-04,318,405,362,175
Maharashtra,Dhule,Shirpur,Sugarcane,Co-86032,FAQ,2026-08-03,309,394,352,799
Maharashtra,Dhule,Shirpur,Sugarcane,Co-86032,FAQ,2026-08-02,330,421,376,124
Maharashtra,Dhule,Shirpur,Sugarcane,Co-86032,FAQ,2026-08-01,264,336,300,216
Maharashtra,Dhule,Shirpur,Sugarcane,Co-86032,FAQ,2026-07-31,264,336,300,228
Maharashtra,Dhule,Shirpur,Sugarcane,Co-86032,FAQ,2026-07-30,264,336,300,136
Maharashtra,Dhule,Shirpur,Sugarcane,Co-86032,FAQ,2026-07-29,264,336,300,429
Maharashtra,Dhule,Shirpur,Sugarcane,Co-86032,FAQ,2026-07-28,264,336,300,642
Maharashtra,Dhule,Shirpur,Mustard,Yellow,FAQ,2026-08-26,4718,6005,5362,407
Maharashtra,Dhule,Shirpur,Mustard,Yellow,FAQ,2026-08-25,4738,6031,5385,774
Maharashtra,Dhule,Shirpur,Mustard,Black,FAQ,2026-08-24,4735,6026,5381,593
Maharashtra,Dhule,Shirpur,Mustard,Black,FAQ,2026-08-23,4778,6081,5430,690
Maharashtra,Dhule,Shirpur,Mustard,Yellow,FAQ,2026-08-22,4781,6084,5433,645
Maharashtra,Dhule,Shirpur,Mustard,Yellow,FAQ,2026-08-21,4840,6160,5500,619
Maharashtra,Dhule,Shirpur,Mustard,Black,FAQ,2026-08-20,4836,6155,5496,137
Maharashtra,Dhule,Shirpur,Mustard,Yellow,FAQ,2026-08-19,4847,6170,5509,784
Maharashtra,Dhule,Shirpur,Mustard,Black,FAQ,2026-08-18,4835,6154,5495,570
Maharashtra,Dhule,Shirpur,Mustard,Black,FAQ,2026-08-17,4827,6144,5486,604
Maharashtra,Dhule,Shirpur,Mustard,Black,FAQ,2026-08-16,4881,6212,5547,607
Maharashtra,Dhule,Shirpur,Mustard,Black,FAQ,2026-08-15,4882,6213,5548,637
Maharashtra,Dhule,Shirpur,Mustard,Yellow,FAQ,2026-08-14,4882,6213,5548,627
Maharashtra,Dhule,Shirpur,Mustard,Yellow,FAQ,2026-08-13,4902,6239,5571,685
Maharashtra,Dhule,Shirpur,Mustard,Yellow,FAQ,2026-08-12,4848,6171,5510,516
Maharashtra,Dhule,Shirpur,Mustard,Black,FAQ,2026-08-11,4904,6241,5573,730
Maharashtra,Dhule,Shirpur,Mustard,Black,FAQ,2026-08-10,4868,6195,5532,320
Maharashtra,Dhule,Shirpur,Mustard,Yellow,FAQ,2026-08-09,4891,6226,5559,557
Maharashtra,Dhule,Shirpur,Mustard,Yellow,FAQ,2026-08-08,4895,6230,5563,212
Maharashtra,Dhule,Shirpur,Mustard,Yellow,FAQ,2026-08-07,4879,6210,5545,786
Maharashtra,Dhule,Shirpur,Mustard,Yellow,FAQ,2026-08-06,4898,6235,5567,788
Maharashtra,Dhule,Shirpur,Mustard,Black,FAQ,2026-08-05,4862,6188,5525,689
Maharashtra,Dhule,Shirpur,Mustard,Yellow,FAQ,2026-08-04,4823,6138,5481,222
Maharashtra,Dhule,Shirpur,Mustard,Black,FAQ,2026-08-03,4822,6137,5480,684
Maharashtra,Dhule,Shirpur,Mustard,Black,FAQ,2026-08-02,4806,6117,5462,653
Maharashtra,Dhule,Shirpur,Mustard,Yellow,FAQ,2026-08-01,4807,6118,5463,358
Maharashtra,Dhule,Shirpur,Mustard,Black,FAQ,2026-07-31,4758,6055,5407,527
Maharashtra,Dhule,Shirpur,Mustard,Yellow,FAQ,2026-07-30,4766,6067,5417,370
Maharashtra,Dhule,Shirpur,Mustard,Yellow,FAQ,2026-07-29,4729,6018,5374,325
Maharashtra,Dhule,Shirpur,Mustard,Black,FAQ,2026-07-28,4697,5978,5338,261
Maharashtra,Dhule,Shirpur,Grapes,Thompson Seedless,FAQ,2026-08-26,4278,5445,4862,753
Maharashtra,Dhule,Shirpur,Grapes,Thompson Seedless,FAQ,2026-08-25,4339,5522,4931,310
Maharashtra,Dhule,Shirpur,Grapes,Thompson Seedless,FAQ,2026-08-24,4327,5508,4918,503
Maharashtra,Dhule,Shirpur,Grapes,Thompson Seedless,FAQ,2026-08-23,4353,5540,4947,113
Maharashtra,Dhule,Shirpur,Grapes,Thompson Seedless,FAQ,2026-08-22,4394,5593,4994,614
Maharashtra,Dhule,Shirpur,Grapes,Thompson Seedless,FAQ,2026-08-21,4438,5649,5044,591
Maharashtra,Dhule,Shirpur,Grapes,Thompson Seedless,FAQ,2026-08-20,4423,5630,5027,110
Maharashtra,Dhule,Shirpur,Grapes,Thompson Seedless,FAQ,2026-08-19,4419,5624,5022,608
Maharashtra,Dhule,Shirpur,Grapes,Thompson Seedless,FAQ,2026-08-18,4415,5620,5018,341
Maharashtra,Dhule,Shirpur,Grapes,Thompson Seedless,FAQ,2026-08-17,4439,5650,5045,542
Maharashtra,Dhule,Shirpur,Grapes,Thompson Seedless,FAQ,2026-08-16,4488,5713,5101,671
Maharashtra,Dhule,Shirpur,Grapes,Thompson Seedless,FAQ,2026-08-15,4443,5654,5049,357
Maharashtra,Dhule,Shirpur,Grapes,Thompson Seedless,FAQ,2026-08-14,4465,5682,5074,164
Maharashtra,Dhule,Shirpur,Grapes,Thompson Seedless,FAQ,2026-08-13,4495,5720,5108,318
Maharashtra,Dhule,Shirpur,Grapes,Thompson Seedless,FAQ,2026-08-12,4492,5717,5105,386
Maharashtra,Dhule,Shirpur,Grapes,Thompson Seedless,FAQ,2026-08-11,4472,5691,5082,167
Maharashtra,Dhule,Shirpur,Grapes,Thompson Seedless,FAQ,2026-08-10,4486,5709,5098,515
Maharashtra,Dhule,Shirpur,Grapes,Thompson Seedless,FAQ,2026-08-09,4464,5681,5073,230
Maharashtra,Dhule,Shirpur,Grapes,Thompson Seedless,FAQ,2026-08-08,4453,5668,5061,526
Maharashtra,Dhule,Shirpur,Grapes,Thompson Seedless,FAQ,2026-08-07,4449,5662,5056,600
Maharashtra,Dhule,Shirpur,Grapes,Thompson Seedless,FAQ,2026-08-06,4456,5671,5064,215
Maharashtra,Dhule,Shirpur,Grapes,Thompson Seedless,FAQ,2026-08-05,4461,5678,5070,775
Maharashtra,Dhule,Shirpur,Grapes,Thompson Seedless,FAQ,2026-08-04,4482,5705,5094,653
Maharashtra,Dhule,Shirpur,Grapes,Thompson Seedless,FAQ,2026-08-03,4412,5615,5014,141
Maharashtra,Dhule,Shirpur,Grapes,Thompson Seedless,FAQ,2026-08-02,4403,5604,5004,509
Maharashtra,Dhule,Shirpur,Grapes,Thompson Seedless,FAQ,2026-08-01,4375,5568,4972,729
Maharashtra,Dhule,Shirpur,Grapes,Thompson Seedless,FAQ,2026-07-31,4399,5598,4999,587
Maharashtra,Dhule,Shirpur,Grapes,Thompson Seedless,FAQ,2026-07-30,4392,5589,4991,439
Maharashtra,Dhule,Shirpur,Grapes,Thompson Seedless,FAQ,2026-07-29,4366,5557,4962,496
Maharashtra,Dhule,Shirpur,Grapes,Thompson Seedless,FAQ,2026-07-28,4299,5472,4886,202
Maharashtra,Dhule,Shirpur,Pomegranate,Bhagwa,FAQ,2026-08-26,5619,7152,6386,360
Maharashtra,Dhule,Shirpur,Pomegranate,Bhagwa,FAQ,2026-08-25,5648,7189,6419,759
Maharashtra,Dhule,Shirpur,Pomegranate,Bhagwa,FAQ,2026-08-24,5683,7232,6458,129
Maharashtra,Dhule,Shirpur,Pomegranate,Bhagwa,FAQ,2026-08-23,5717,7276,6497,114
Maharashtra,Dhule,Shirpur,Pomegranate,Bhagwa,FAQ,2026-08-22,5734,7299,6517,225
Maharashtra,Dhule,Shirpur,Pomegranate,Bhagwa,FAQ,2026-08-21,5697,7250,6474,689
Maharashtra,Dhule,Shirpur,Pomegranate,Bhagwa,FAQ,2026-08-20,5717,7276,6497,103
Maharashtra,Dhule,Shirpur,Pomegranate,Bhagwa,FAQ,2026-08-19,5767,7340,6554,543
Maharashtra,Dhule,Shirpur,Pomegranate,Bhagwa,FAQ,2026-08-18,5747,7314,6531,685
Maharashtra,Dhule,Shirpur,Pomegranate,Bhagwa,FAQ,2026-08-17,5815,7400,6608,740
Maharashtra,Dhule,Shirpur,Pomegranate,Bhagwa,FAQ,2026-08-16,5775,7350,6563,361
Maharashtra,Dhule,Shirpur,Pomegranate,Bhagwa,FAQ,2026-08-15,5780,7357,6569,149
Maharashtra,Dhule,Shirpur,Pomegranate,Bhagwa,FAQ,2026-08-14,5822,7411,6617,281
Maharashtra,Dhule,Shirpur,Pomegranate,Bhagwa,FAQ,2026-08-13,5822,7411,6617,383
Maharashtra,Dhule,Shirpur,Pomegranate,Bhagwa,FAQ,2026-08-12,5785,7362,6574,409
Maharashtra,Dhule,Shirpur,Pomegranate,Bhagwa,FAQ,2026-08-11,5779,7356,6568,492
Maharashtra,Dhule,Shirpur,Pomegranate,Bhagwa,FAQ,2026-08-10,5811,7396,6604,465
Maharashtra,Dhule,Shirpur,Pomegranate,Bhagwa,FAQ,2026-08-09,5770,7343,6557,409
Maharashtra,Dhule,Shirpur,Pomegranate,Bhagwa,FAQ,2026-08-08,5822,7409,6616,107
Maharashtra,Dhule,Shirpur,Pomegranate,Bhagwa,FAQ,2026-08-07,5823,7412,6618,771
Maharashtra,Dhule,Shirpur,Pomegranate,Bhagwa,FAQ,2026-08-06,5795,7376,6586,636
Maharashtra,Dhule,Shirpur,Pomegranate,Bhagwa,FAQ,2026-08-05,5764,7337,6551,195
Maharashtra,Dhule,Shirpur,Pomegranate,Bhagwa,FAQ,2026-08-04,5789,7368,6579,251
Maharashtra,Dhule,Shirpur,Pomegranate,Bhagwa,FAQ,2026-08-03,5767,7340,6554,727
Maharashtra,Dhule,Shirpur,Pomegranate,Bhagwa,FAQ,2026-08-02,5751,7320,6536,642
Maharashtra,Dhule,Shirpur,Pomegranate,Bhagwa,FAQ,2026-08-01,5700,7255,6478,476
Maharashtra,Dhule,Shirpur,Pomegranate,Bhagwa,FAQ,2026-07-31,5725,7286,6506,601
Maharashtra,Dhule,Shirpur,Pomegranate,Bhagwa,FAQ,2026-07-30,5727,7288,6508,438
Maharashtra,Dhule,Shirpur,Pomegranate,Bhagwa,FAQ,2026-07-29,5643,7182,6413,528
Maharashtra,Dhule,Shirpur,Pomegranate,Bhagwa,FAQ,2026-07-28,5631,7166,6399,708
Maharashtra,Nagpur,Nagpur,Tomato,Hybrid,FAQ,2026-08-26,1856,2363,2110,382
Maharashtra,Nagpur,Nagpur,Tomato,Vaishali,FAQ,2026-08-25,1864,2373,2119,584
Maharashtra,Nagpur,Nagpur,Tomato,Vaishali,FAQ,2026-08-24,1924,2449,2187,462
Maharashtra,Nagpur,Nagpur,Tomato,Hybrid,FAQ,2026-08-23,1901,2420,2161,755
Maharashtra,Nagpur,Nagpur,Tomato,Local,FAQ,2026-08-22,1896,2413,2155,187
Maharashtra,Nagpur,Nagpur,Tomato,Local,FAQ,2026-08-21,1936,2464,2200,128
Maharashtra,Nagpur,Nagpur,Tomato,Vaishali,FAQ,2026-08-20,1947,2478,2213,434
Maharashtra,Nagpur,Nagpur,Tomato,Vaishali,FAQ,2026-08-19,1963,2498,2231,612
Maharashtra,Nagpur,Nagpur,Tomato,Local,FAQ,2026-08-18,1995,2540,2268,305
Maharashtra,Nagpur,Nagpur,Tomato,Vaishali,FAQ,2026-08-17,2018,2569,2294,265
Maharashtra,Nagpur,Nagpur,Tomato,Local,FAQ,2026-08-16,2028,2581,2305,132
Maharashtra,Nagpur,Nagpur,Tomato,Vaishali,FAQ,2026-08-15,2035,2590,2313,413
Maharashtra,Nagpur,Nagpur,Tomato,Hybrid,FAQ,2026-08-14,2009,2556,2283,234
Maharashtra,Nagpur,Nagpur,Tomato,Hybrid,FAQ,2026-08-13,2044,2601,2323,637
Maharashtra,Nagpur,Nagpur,Tomato,Local,FAQ,2026-08-12,2038,2595,2317,349
Maharashtra,Nagpur,Nagpur,Tomato,Hybrid,FAQ,2026-08-11,2020,2571,2296,435
Maharashtra,Nagpur,Nagpur,Tomato,Local,FAQ,2026-08-10,2001,2546,2274,797
Maharashtra,Nagpur,Nagpur,Tomato,Vaishali,FAQ,2026-08-09,1996,2541,2269,194
Maharashtra,Nagpur,Nagpur,Tomato,Vaishali,FAQ,2026-08-08,1995,2540,2268,337
Maharashtra,Nagpur,Nagpur,Tomato,Vaishali,FAQ,2026-08-07,2006,2553,2280,167
Maharashtra,Nagpur,Nagpur,Tomato,Hybrid,FAQ,2026-08-06,2002,2549,2276,633
Maharashtra,Nagpur,Nagpur,Tomato,Local,FAQ,2026-08-05,2001,2546,2274,590
Maharashtra,Nagpur,Nagpur,Tomato,Hybrid,FAQ,2026-08-04,1981,2522,2252,256
Maharashtra,Nagpur,Nagpur,Tomato,Hybrid,FAQ,2026-08-03,1938,2467,2203,114
Maharashtra,Nagpur,Nagpur,Tomato,Vaishali,FAQ,2026-08-02,1976,2515,2246,101
Maharashtra,Nagpur,Nagpur,Tomato,Local,FAQ,2026-08-01,1953,2486,2220,663
Maharashtra,Nagpur,Nagpur,Tomato,Vaishali,FAQ,2026-07-31,1942,2471,2207,548
Maharashtra,Nagpur,Nagpur,Tomato,Vaishali,FAQ,2026-07-30,1890,2405,2148,218
Maharashtra,Nagpur,Nagpur,Tomato,Vaishali,FAQ,2026-07-29,1856,2363,2110,300
Maharashtra,Nagpur,Nagpur,Tomato,Vaishali,FAQ,2026-07-28,1889,2404,2147,187
Maharashtra,Nagpur,Nagpur,Onion,Garwa,FAQ,2026-08-26,1544,1965,1755,246
Maharashtra,Nagpur,Nagpur,Onion,Garwa,FAQ,2026-08-25,1596,2031,1814,171
Maharashtra,Nagpur,Nagpur,Onion,Red,FAQ,2026-08-24,1565,1992,1779,585
Maharashtra,Nagpur,Nagpur,Onion,Garwa,FAQ,2026-08-23,1596,2031,1814,101
Maharashtra,Nagpur,Nagpur,Onion,White,FAQ,2026-08-22,1594,2029,1812,327
Maharashtra,Nagpur,Nagpur,Onion,Red,FAQ,2026-08-21,1656,2107,1882,639
Maharashtra,Nagpur,Nagpur,Onion,Garwa,FAQ,2026-08-20,1639,2086,1863,170
Maharashtra,Nagpur,Nagpur,Onion,Garwa,FAQ,2026-08-19,1664,2119,1892,643
Maharashtra,Nagpur,Nagpur,Onion,Red,FAQ,2026-08-18,1693,2154,1924,463
Maharashtra,Nagpur,Nagpur,Onion,Red,FAQ,2026-08-17,1670,2125,1898,417
Maharashtra,Nagpur,Nagpur,Onion,Red,FAQ,2026-08-16,1688,2149,1919,753
Maharashtra,Nagpur,Nagpur,Onion,Garwa,FAQ,2026-08-15,1688,2149,1919,545
Maharashtra,Nagpur,Nagpur,Onion,Red,FAQ,2026-08-14,1718,2187,1953,391
Maharashtra,Nagpur,Nagpur,Onion,Red,FAQ,2026-08-13,1737,2210,1974,760
Maharashtra,Nagpur,Nagpur,Onion,Garwa,FAQ,2026-08-12,1708,2173,1941,616
Maharashtra,Nagpur,Nagpur,Onion,White,FAQ,2026-08-11,1708,2175,1942,663
Maharashtra,Nagpur,Nagpur,Onion,Garwa,FAQ,2026-08-10,1731,2204,1968,564
Maharashtra,Nagpur,Nagpur,Onion,White,FAQ,2026-08-09,1744,2219,1982,290
Maharashtra,Nagpur,Nagpur,Onion,White,FAQ,2026-08-08,1706,2171,1939,482
Maharashtra,Nagpur,Nagpur,Onion,White,FAQ,2026-08-07,1735,2208,1972,422
Maharashtra,Nagpur,Nagpur,Onion,Garwa,FAQ,2026-08-06,1723,2192,1958,323
Maharashtra,Nagpur,Nagpur,Onion,White,FAQ,2026-08-05,1674,2131,1903,605
Maharashtra,Nagpur,Nagpur,Onion,Garwa,FAQ,2026-08-04,1681,2140,1911,318
Maharashtra,Nagpur,Nagpur,Onion,Red,FAQ,2026-08-03,1652,2103,1878,759
Maharashtra,Nagpur,Nagpur,Onion,White,FAQ,2026-08-02,1673,2130,1902,770
Maharashtra,Nagpur,Nagpur,Onion,Garwa,FAQ,2026-08-01,1613,2054,1834,242
Maharashtra,Nagpur,Nagpur,Onion,White,FAQ,2026-07-31,1602,2039,1821,394
Maharashtra,Nagpur,Nagpur,Onion,Garwa,FAQ,2026-07-30,1622,2065,1844,362
Maharashtra,Nagpur,Nagpur,Onion,Red,FAQ,2026-07-29,1605,2042,1824,723
Maharashtra,Nagpur,Nagpur,Onion,Garwa,FAQ,2026-07-28,1553,1976,1765,527
Maharashtra,Nagpur,Nagpur,Wheat,Sharbati,FAQ,2026-08-26,2071,2636,2354,579
Maharashtra,Nagpur,Nagpur,Wheat,Sharbati,FAQ,2026-08-25,2082,2649,2366,745
Maharashtra,Nagpur,Nagpur,Wheat,FAQ,FAQ,2026-08-24,2119,2698,2409,685
Maharashtra,Nagpur,Nagpur,Wheat,Lok-1,FAQ,2026-08-23,2153,2740,2447,409
Maharashtra,Nagpur,Nagpur,Wheat,Lok-1,FAQ,2026-08-22,2149,2736,2443,416
Maharashtra,Nagpur,Nagpur,Wheat,FAQ,FAQ,2026-08-21,2147,2732,2440,486
Maharashtra,Nagpur,Nagpur,Wheat,FAQ,FAQ,2026-08-20,2146,2731,2439,273
Maharashtra,Nagpur,Nagpur,Wheat,FAQ,FAQ,2026-08-19,2166,2757,2462,727
Maharashtra,Nagpur,Nagpur,Wheat,Lok-1,FAQ,2026-08-18,2214,2817,2516,659
Maharashtra,Nagpur,Nagpur,Wheat,Lok-1,FAQ,2026-08-17,2196,2795,2496,559
Maharashtra,Nagpur,Nagpur,Wheat,Sharbati,FAQ,2026-08-16,2207,2810,2509,774
Maharashtra,Nagpur,Nagpur,Wheat,FAQ,FAQ,2026-08-15,2228,2835,2532,376
Maharashtra,Nagpur,Nagpur,Wheat,FAQ,FAQ,2026-08-14,2211,2814,2513,579
Maharashtra,Nagpur,Nagpur,Wheat,FAQ,FAQ,2026-08-13,2205,2806,2506,432
Maharashtra,Nagpur,Nagpur,Wheat,Lok-1,FAQ,2026-08-12,2268,2887,2578,404
Maharashtra,Nagpur,Nagpur,Wheat,Lok-1,FAQ,2026-08-11,2261,2878,2570,667
Maharashtra,Nagpur,Nagpur,Wheat,Sharbati,FAQ,2026-08-10,2212,2815,2514,449
Maharashtra,Nagpur,Nagpur,Wheat,Lok-1,FAQ,2026-08-09,2273,2892,2583,722
Maharashtra,Nagpur,Nagpur,Wheat,Sharbati,FAQ,2026-08-08,2210,2813,2512,587
Maharashtra,Nagpur,Nagpur,Wheat,FAQ,FAQ,2026-08-07,2239,2850,2545,214
Maharashtra,Nagpur,Nagpur,Wheat,FAQ,FAQ,2026-08-06,2226,2833,2530,724
Maharashtra,Nagpur,Nagpur,Wheat,Sharbati,FAQ,2026-08-05,2201,2802,2502,439
Maharashtra,Nagpur,Nagpur,Wheat,Lok-1,FAQ,2026-08-04,2194,2793,2494,704
Maharashtra,Nagpur,Nagpur,Wheat,Lok-1,FAQ,2026-08-03,2161,2750,2456,630
Maharashtra,Nagpur,Nagpur,Wheat,FAQ,FAQ,2026-08-02,2208,2811,2510,442
Maharashtra,Nagpur,Nagpur,Wheat,Lok-1,FAQ,2026-08-01,2200,2800,2500,196
Maharashtra,Nagpur,Nagpur,Wheat,Lok-1,FAQ,2026-07-31,2136,2719,2428,364
Maharashtra,Nagpur,Nagpur,Wheat,FAQ,FAQ,2026-07-30,2103,2676,2390,488
Maharashtra,Nagpur,Nagpur,Wheat,FAQ,FAQ,2026-07-29,2084,2653,2369,606
Maharashtra,Nagpur,Nagpur,Wheat,Sharbati,FAQ,2026-07-28,2094,2665,2380,513
Maharashtra,Nagpur,Nagpur,Rice,Swarna,FAQ,2026-08-26,2206,2807,2507,793
Maharashtra,Nagpur,Nagpur,Rice,Basmati,FAQ,2026-08-25,2240,2851,2546,319
Maharashtra,Nagpur,Nagpur,Rice,Swarna,FAQ,2026-08-24,2231,2840,2536,664
Maharashtra,Nagpur,Nagpur,Rice,Paddy(Dpr),FAQ,2026-08-23,2288,2913,2601,270
Maharashtra,Nagpur,Nagpur,Rice,Basmati,FAQ,2026-08-22,2273,2892,2583,231
Maharashtra,Nagpur,Nagpur,Rice,Swarna,FAQ,2026-08-21,2331,2966,2649,463
Maharashtra,Nagpur,Nagpur,Rice,Basmati,FAQ,2026-08-20,2343,2982,2663,261
Maharashtra,Nagpur,Nagpur,Rice,Paddy(Dpr),FAQ,2026-08-19,2346,2987,2667,668
Maharashtra,Nagpur,Nagpur,Rice,Swarna,FAQ,2026-08-18,2302,2931,2617,639
Maharashtra,Nagpur,Nagpur,Rice,Basmati,FAQ,2026-08-17,2326,2961,2644,730
Maharashtra,Nagpur,Nagpur,Rice,Paddy(Dpr),FAQ,2026-08-16,2322,2955,2639,396
Maharashtra,Nagpur,Nagpur,Rice,Basmati,FAQ,2026-08-15,2329,2964,2647,101
Maharashtra,Nagpur,Nagpur,Rice,Paddy(Dpr),FAQ,2026-08-14,2404,3059,2732,171
Maharashtra,Nagpur,Nagpur,Rice,Swarna,FAQ,2026-08-13,2368,3015,2692,571
Maharashtra,Nagpur,Nagpur,Rice,Basmati,FAQ,2026-08-12,2344,2983,2664,152
Maharashtra,Nagpur,Nagpur,Rice,Swarna,FAQ,2026-08-11,2400,3055,2728,656
Maharashtra,Nagpur,Nagpur,Rice,Paddy(Dpr),FAQ,2026-08-10,2346,2985,2666,136
Maharashtra,Nagpur,Nagpur,Rice,Paddy(Dpr),FAQ,2026-08-09,2372,3019,2696,558
Maharashtra,Nagpur,Nagpur,Rice,Paddy(Dpr),FAQ,2026-08-08,2368,3013,2691,740
Maharashtra,Nagpur,Nagpur,Rice,Paddy(Dpr),FAQ,2026-08-07,2366,3011,2689,235
Maharashtra,Nagpur,Nagpur,Rice,Paddy(Dpr),FAQ,2026-08-06,2336,2973,2655,273
Maharashtra,Nagpur,Nagpur,Rice,Basmati,FAQ,2026-08-05,2332,2968,2650,781
Maharashtra,Nagpur,Nagpur,Rice,Swarna,FAQ,2026-08-04,2358,3001,2680,141
Maharashtra,Nagpur,Nagpur,Rice,Basmati,FAQ,2026-08-03,2346,2987,2667,115
Maharashtra,Nagpur,Nagpur,Rice,Paddy(Dpr),FAQ,2026-08-02,2346,2985,2666,115
Maharashtra,Nagpur,Nagpur,Rice,Paddy(Dpr),FAQ,2026-08-01,2265,2882,2574,744
Maharashtra,Nagpur,Nagpur,Rice,Basmati,FAQ,2026-07-31,2302,2931,2617,183
Maharashtra,Nagpur,Nagpur,Rice,Swarna,FAQ,2026-07-30,2267,2886,2577,667
Maharashtra,Nagpur,Nagpur,Rice,Paddy(Dpr),FAQ,2026-07-29,2208,2811,2510,419
Maharashtra,Nagpur,Nagpur,Rice,Swarna,FAQ,2026-07-28,2192,2789,2491,212
Maharashtra,Nagpur,Nagpur,Potato,Jyoti,FAQ,2026-08-26,1217,1550,1384,674
Maharashtra,Nagpur,Nagpur,Potato,Jyoti,FAQ,2026-08-25,1261,1606,1434,470
Maharashtra,Nagpur,Nagpur,Potato,Kufri,FAQ,2026-08-24,1288,1639,1464,388
Maharashtra,Nagpur,Nagpur,Potato,Kufri,FAQ,2026-08-23,1327,1690,1509,558
Maharashtra,Nagpur,Nagpur,Potato,Jyoti,FAQ,2026-08-22,1346,1713,1530,757
Maharashtra,Nagpur,Nagpur,Potato,Jyoti,FAQ,2026-08-21,1320,1681,1501,602
Maharashtra,Nagpur,Nagpur,Potato,Kufri,FAQ,2026-08-20,1335,1700,1518,701
Maharashtra,Nagpur,Nagpur,Potato,Jyoti,FAQ,2026-08-19,1359,1730,1545,282
Maharashtra,Nagpur,Nagpur,Potato,Kufri,FAQ,2026-08-18,1336,1701,1519,503
Maharashtra,Nagpur,Nagpur,Potato,Kufri,FAQ,2026-08-17,1378,1755,1567,229
Maharashtra,Nagpur,Nagpur,Potato,Kufri,FAQ,2026-08-16,1356,1725,1541,136
Maharashtra,Nagpur,Nagpur,Potato,Jyoti,FAQ,2026-08-15,1402,1785,1594,487
Maharashtra,Nagpur,Nagpur,Potato,Jyoti,FAQ,2026-08-14,1395,1776,1586,793
Maharashtra,Nagpur,Nagpur,Potato,Kufri,FAQ,2026-08-13,1437,1830,1634,317
Maharashtra,Nagpur,Nagpur,Potato,Jyoti,FAQ,2026-08-12,1394,1775,1585,604
Maharashtra,Nagpur,Nagpur,Potato,Jyoti,FAQ,2026-08-11,1377,1752,1565,123
Maharashtra,Nagpur,Nagpur,Potato,Jyoti,FAQ,2026-08-10,1408,1793,1601,128
Maharashtra,Nagpur,Nagpur,Potato,Jyoti,FAQ,2026-08-09,1379,1756,1568,580
Maharashtra,Nagpur,Nagpur,Potato,Kufri,FAQ,2026-08-08,1377,1752,1565,584
Maharashtra,Nagpur,Nagpur,Potato,Jyoti,FAQ,2026-08-07,1395,1776,1586,284
Maharashtra,Nagpur,Nagpur,Potato,Kufri,FAQ,2026-08-06,1415,1800,1608,644
Maharashtra,Nagpur,Nagpur,Potato,Jyoti,FAQ,2026-08-05,1372,1747,1560,754
Maharashtra,Nagpur,Nagpur,Potato,Jyoti,FAQ,2026-08-04,1371,1746,1559,300
Maharashtra,Nagpur,Nagpur,Potato,Jyoti,FAQ,2026-08-03,1370,1743,1557,636
Maharashtra,Nagpur,Nagpur,Potato,Jyoti,FAQ,2026-08-02,1362,1733,1548,519
Maharashtra,Nagpur,Nagpur,Potato,Jyoti,FAQ,2026-08-01,1309,1666,1488,793
Maharashtra,Nagpur,Nagpur,Potato,Jyoti,FAQ,2026-07-31,1298,1653,1476,673
Maharashtra,Nagpur,Nagpur,Potato,Jyoti,FAQ,2026-07-30,1287,1638,1463,462
Maharashtra,Nagpur,Nagpur,Potato,Jyoti,FAQ,2026-07-29,1251,1592,1422,499
Maharashtra,Nagpur,Nagpur,Potato,Kufri,FAQ,2026-07-28,1275,1622,1449,567
Maharashtra,Nagpur,Nagpur,Soyabean,JS-335,FAQ,2026-08-26,3764,4791,4278,315
Maharashtra,Nagpur,Nagpur,Soyabean,Yellow,FAQ,2026-08-25,3842,4889,4366,299
Maharashtra,Nagpur,Nagpur,Soyabean,Yellow,FAQ,2026-08-24,3823,4866,4345,687
Maharashtra,Nagpur,Nagpur,Soyabean,Yellow,FAQ,2026-08-23,3823,4866,4345,416
Maharashtra,Nagpur,Nagpur,Soyabean,JS-335,FAQ,2026-08-22,3834,4879,4357,592
Maharashtra,Nagpur,Nagpur,Soyabean,JS-335,FAQ,2026-08-21,3913,4980,4447,746
Maharashtra,Nagpur,Nagpur,Soyabean,JS-335,FAQ,2026-08-20,3926,4997,4462,411
Maharashtra,Nagpur,Nagpur,Soyabean,Yellow,FAQ,2026-08-19,3900,4963,4432,255
Maharashtra,Nagpur,Nagpur,Soyabean,JS-335,FAQ,2026-08-18,3887,4948,4418,619
Maharashtra,Nagpur,Nagpur,Soyabean,JS-335,FAQ,2026-08-17,3910,4977,4444,359
Maharashtra,Nagpur,Nagpur,Soyabean,Yellow,FAQ,2026-08-16,3947,5024,4486,628
Maharashtra,Nagpur,Nagpur,Soyabean,JS-335,FAQ,2026-08-15,3955,5034,4495,313
Maharashtra,Nagpur,Nagpur,Soyabean,Yellow,FAQ,2026-08-14,3982,5068,4525,416
Maharashtra,Nagpur,Nagpur,Soyabean,Yellow,FAQ,2026-08-13,3925,4996,4461,479
Maharashtra,Nagpur,Nagpur,Soyabean,JS-335,FAQ,2026-08-12,3968,5051,4510,133
Maharashtra,Nagpur,Nagpur,Soyabean,JS-335,FAQ,2026-08-11,3952,5031,4492,698
Maharashtra,Nagpur,Nagpur,Soyabean,Yellow,FAQ,2026-08-10,3933,5006,4470,386
Maharashtra,Nagpur,Nagpur,Soyabean,Yellow,FAQ,2026-08-09,3939,5014,4477,499
Maharashtra,Nagpur,Nagpur,Soyabean,Yellow,FAQ,2026-08-08,3928,4999,4464,216
Maharashtra,Nagpur,Nagpur,Soyabean,JS-335,FAQ,2026-08-07,3938,5013,4476,122
Maharashtra,Nagpur,Nagpur,Soyabean,JS-335,FAQ,2026-08-06,3945,5022,4484,226
Maharashtra,Nagpur,Nagpur,Soyabean,Yellow,FAQ,2026-08-05,3928,4999,4464,385
Maharashtra,Nagpur,Nagpur,Soyabean,JS-335,FAQ,2026-08-04,3900,4963,4432,491
Maharashtra,Nagpur,Nagpur,Soyabean,Yellow,FAQ,2026-08-03,3940,5015,4478,398
Maharashtra,Nagpur,Nagpur,Soyabean,Yellow,FAQ,2026-08-02,3912,4979,4446,646
Maharashtra,Nagpur,Nagpur,Soyabean,JS-335,FAQ,2026-08-01,3875,4932,4404,208
Maharashtra,Nagpur,Nagpur,Soyabean,Yellow,FAQ,2026-07-31,3874,4931,4403,662
Maharashtra,Nagpur,Nagpur,Soyabean,JS-335,FAQ,2026-07-30,3822,4865,4344,468
Maharashtra,Nagpur,Nagpur,Soyabean,Yellow,FAQ,2026-07-29,3817,4858,4338,172
Maharashtra,Nagpur,Nagpur,Soyabean,Yellow,FAQ,2026-07-28,3791,4826,4309,373
Maharashtra,Nagpur,Nagpur,Maize,Hybrid,FAQ,2026-08-26,1652,2103,1878,672
Maharashtra,Nagpur,Nagpur,Maize,Hybrid,FAQ,2026-08-25,1664,2117,1891,482
Maharashtra,Nagpur,Nagpur,Maize,Hybrid,FAQ,2026-08-24,1652,2103,1878,267
Maharashtra,Nagpur,Nagpur,Maize,Yellow,FAQ,2026-08-23,1713,2180,1947,277
Maharashtra,Nagpur,Nagpur,Maize,Hybrid,FAQ,2026-08-22,1717,2186,1952,158
Maharashtra,Nagpur,Nagpur,Maize,Hybrid,FAQ,2026-08-21,1716,2184,1950,313
Maharashtra,Nagpur,Nagpur,Maize,Hybrid,FAQ,2026-08-20,1718,2187,1953,723
Maharashtra,Nagpur,Nagpur,Maize,Hybrid,FAQ,2026-08-19,1723,2192,1958,615
Maharashtra,Nagpur,Nagpur,Maize,Hybrid,FAQ,2026-08-18,1776,2261,2019,451
Maharashtra,Nagpur,Nagpur,Maize,Hybrid,FAQ,2026-08-17,1802,2293,2048,327
Maharashtra,Nagpur,Nagpur,Maize,Hybrid,FAQ,2026-08-16,1785,2272,2029,408
Maharashtra,Nagpur,Nagpur,Maize,Yellow,FAQ,2026-08-15,1815,2310,2063,149
Maharashtra,Nagpur,Nagpur,Maize,Yellow,FAQ,2026-08-14,1765,2246,2006,543
Maharashtra,Nagpur,Nagpur,Maize,Hybrid,FAQ,2026-08-13,1782,2269,2026,306
Maharashtra,Nagpur,Nagpur,Maize,Hybrid,FAQ,2026-08-12,1807,2300,2054,487
Maharashtra,Nagpur,Nagpur,Maize,Yellow,FAQ,2026-08-11,1835,2336,2086,361
Maharashtra,Nagpur,Nagpur,Maize,Hybrid,FAQ,2026-08-10,1784,2271,2028,701
Maharashtra,Nagpur,Nagpur,Maize,Hybrid,FAQ,2026-08-09,1807,2300,2054,304
Maharashtra,Nagpur,Nagpur,Maize,Yellow,FAQ,2026-08-08,1768,2251,2010,599
Maharashtra,Nagpur,Nagpur,Maize,Hybrid,FAQ,2026-08-07,1820,2317,2069,188
Maharashtra,Nagpur,Nagpur,Maize,Yellow,FAQ,2026-08-06,1815,2310,2063,279
Maharashtra,Nagpur,Nagpur,Maize,Hybrid,FAQ,2026-08-05,1795,2284,2040,419
Maharashtra,Nagpur,Nagpur,Maize,Hybrid,FAQ,2026-08-04,1752,2231,1992,185
Maharashtra,Nagpur,Nagpur,Maize,Hybrid,FAQ,2026-08-03,1731,2204,1968,275
Maharashtra,Nagpur,Nagpur,Maize,Yellow,FAQ,2026-08-02,1730,2201,1966,730
Maharashtra,Nagpur,Nagpur,Maize,Yellow,FAQ,2026-08-01,1753,2232,1993,528
Maharashtra,Nagpur,Nagpur,Maize,Hybrid,FAQ,2026-07-31,1691,2152,1922,423
Maharashtra,Nagpur,Nagpur,Maize,Hybrid,FAQ,2026-07-30,1720,2189,1955,619
Maharashtra,Nagpur,Nagpur,Maize,Hybrid,FAQ,2026-07-29,1665,2120,1893,182
Maharashtra,Nagpur,Nagpur,Maize,Hybrid,FAQ,2026-07-28,1672,2129,1901,607
Maharashtra,Nagpur,Nagpur,Cotton,Medium Staple,FAQ,2026-08-26,5705,7262,6484,541
Maharashtra,Nagpur,Nagpur,Cotton,Medium Staple,FAQ,2026-08-25,5743,7310,6527,505
Maharashtra,Nagpur,Nagpur,Cotton,Medium Staple,FAQ,2026-08-24,5739,7304,6522,563
Maharashtra,Nagpur,Nagpur,Cotton,Medium Staple,FAQ,2026-08-23,5793,7372,6583,621
Maharashtra,Nagpur,Nagpur,Cotton,Medium Staple,FAQ,2026-08-22,5815,7402,6609,112
Maharashtra,Nagpur,Nagpur,Cotton,Medium Staple,FAQ,2026-08-21,5790,7369,6580,692
Maharashtra,Nagpur,Nagpur,Cotton,Medium Staple,FAQ,2026-08-20,5855,7452,6654,339
Maharashtra,Nagpur,Nagpur,Cotton,Medium Staple,FAQ,2026-08-19,5836,7427,6632,158
Maharashtra,Nagpur,Nagpur,Cotton,Medium Staple,FAQ,2026-08-18,5868,7469,6669,519
Maharashtra,Nagpur,Nagpur,Cotton,Medium Staple,FAQ,2026-08-17,5864,7463,6664,760
Maharashtra,Nagpur,Nagpur,Cotton,Medium Staple,FAQ,2026-08-16,5862,7461,6662,658
Maharashtra,Nagpur,Nagpur,Cotton,Medium Staple,FAQ,2026-08-15,5899,7508,6704,122
Maharashtra,Nagpur,Nagpur,Cotton,Medium Staple,FAQ,2026-08-14,5859,7456,6658,171
Maharashtra,Nagpur,Nagpur,Cotton,Medium Staple,FAQ,2026-08-13,5923,7538,6731,261
Maharashtra,Nagpur,Nagpur,Cotton,Medium Staple,FAQ,2026-08-12,5870,7471,6671,797
Maharashtra,Nagpur,Nagpur,Cotton,Medium Staple,FAQ,2026-08-11,5879,7482,6681,270
Maharashtra,Nagpur,Nagpur,Cotton,Medium Staple,FAQ,2026-08-10,5878,7481,6680,536
Maharashtra,Nagpur,Nagpur,Cotton,Medium Staple,FAQ,2026-08-09,5892,7499,6696,531
Maharashtra,Nagpur,Nagpur,Cotton,Medium Staple,FAQ,2026-08-08,5888,7493,6691,367
Maharashtra,Nagpur,Nagpur,Cotton,Medium Staple,FAQ,2026-08-07,5917,7530,6724,288
Maharashtra,Nagpur,Nagpur,Cotton,Medium Staple,FAQ,2026-08-06,5848,7443,6646,532
Maharashtra,Nagpur,Nagpur,Cotton,Medium Staple,FAQ,2026-08-05,5867,7468,6668,452
Maharashtra,Nagpur,Nagpur,Cotton,Medium Staple,FAQ,2026-08-04,5862,7461,6662,731
Maharashtra,Nagpur,Nagpur,Cotton,Medium Staple,FAQ,2026-08-03,5844,7437,6641,789
Maharashtra,Nagpur,Nagpur,Cotton,Medium Staple,FAQ,2026-08-02,5835,7426,6631,529
Maharashtra,Nagpur,Nagpur,Cotton,Medium Staple,FAQ,2026-08-01,5819,7406,6613,725
Maharashtra,Nagpur,Nagpur,Cotton,Medium Staple,FAQ,2026-07-31,5835,7426,6631,735
Maharashtra,Nagpur,Nagpur,Cotton,Medium Staple,FAQ,2026-07-30,5800,7383,6592,748
Maharashtra,Nagpur,Nagpur,Cotton,Medium Staple,FAQ,2026-07-29,5798,7379,6589,576
Maharashtra,Nagpur,Nagpur,Cotton,Medium Staple,FAQ,2026-07-28,5776,7351,6564,593
Maharashtra,Nagpur,Nagpur,Sugarcane,Co-86032,FAQ,2026-08-26,264,336,300,732
Maharashtra,Nagpur,Nagpur,Sugarcane,Co-86032,FAQ,2026-08-25,264,336,300,565
Maharashtra,Nagpur,Nagpur,Sugarcane,Co-86032,FAQ,2026-08-24,264,336,300,614
Maharashtra,Nagpur,Nagpur,Sugarcane,Co-86032,FAQ,2026-08-23,264,336,300,724
Maharashtra,Nagpur,Nagpur,Sugarcane,Co-86032,FAQ,2026-08-22,302,385,344,667
Maharashtra,Nagpur,Nagpur,Sugarcane,Co-86032,FAQ,2026-08-21,296,377,337,401
Maharashtra,Nagpur,Nagpur,Sugarcane,Co-86032,FAQ,2026-08-20,275,350,313,708
Maharashtra,Nagpur,Nagpur,Sugarcane,Co-86032,FAQ,2026-08-19,290,369,330,203
Maharashtra,Nagpur,Nagpur,Sugarcane,Co-86032,FAQ,2026-08-18,351,446,399,156
Maharashtra,Nagpur,Nagpur,Sugarcane,Co-86032,FAQ,2026-08-17,354,451,403,451
Maharashtra,Nagpur,Nagpur,Sugarcane,Co-86032,FAQ,2026-08-16,383,488,436,461
Maharashtra,Nagpur,Nagpur,Sugarcane,Co-86032,FAQ,2026-08-15,323,412,368,177
Maharashtra,Nagpur,Nagpur,Sugarcane,Co-86032,FAQ,2026-08-14,329,418,374,539
Maharashtra,Nagpur,Nagpur,Sugarcane,Co-86032,FAQ,2026-08-13,360,459,410,126
Maharashtra,Nagpur,Nagpur,Sugarcane,Co-86032,FAQ,2026-08-12,349,444,397,291
Maharashtra,Nagpur,Nagpur,Sugarcane,Co-86032,FAQ,2026-08-11,358,455,407,661
Maharashtra,Nagpur,Nagpur,Sugarcane,Co-86032,FAQ,2026-08-10,400,509,455,311
Maharashtra,Nagpur,Nagpur,Sugarcane,Co-86032,FAQ,2026-08-09,381,486,434,464
Maharashtra,Nagpur,Nagpur,Sugarcane,Co-86032,FAQ,2026-08-08,396,504,450,431
Maharashtra,Nagpur,Nagpur,Sugarcane,Co-86032,FAQ,2026-08-07,326,415,371,285
Maharashtra,Nagpur,Nagpur,Sugarcane,Co-86032,FAQ,2026-08-06,315,400,358,383
Maharashtra,Nagpur,Nagpur,Sugarcane,Co-86032,FAQ,2026-08-05,355,452,404,459
Maharashtra,Nagpur,Nagpur,Sugarcane,Co-86032,FAQ,2026-08-04,353,450,402,425
Maharashtra,Nagpur,Nagpur,Sugarcane,Co-86032,FAQ,2026-08-03,344,439,392,586
Maharashtra,Nagpur,Nagpur,Sugarcane,Co-86032,FAQ,2026-08-02,281,358,320,104
Maharashtra,Nagpur,Nagpur,Sugarcane,Co-86032,FAQ,2026-08-01,289,368,329,344
Maharashtra,Nagpur,Nagpur,Sugarcane,Co-86032,FAQ,2026-07-31,294,375,335,777
Maharashtra,Nagpur,Nagpur,Sugarcane,Co-86032,FAQ,2026-07-30,264,336,300,475
Maharashtra,Nagpur,Nagpur,Sugarcane,Co-86032,FAQ,2026-07-29,268,341,305,322
Maharashtra,Nagpur,Nagpur,Sugarcane,Co-86032,FAQ,2026-07-28,264,336,300,606
Maharashtra,Nagpur,Nagpur,Mustard,Black,FAQ,2026-08-26,4730,6021,5376,209
Maharashtra,Nagpur,Nagpur,Mustard,Yellow,FAQ,2026-08-25,4762,6061,5412,296
Maharashtra,Nagpur,Nagpur,Mustard,Yellow,FAQ,2026-08-24,4764,6063,5414,507
Maharashtra,Nagpur,Nagpur,Mustard,Yellow,FAQ,2026-08-23,4779,6082,5431,178
Maharashtra,Nagpur,Nagpur,Mustard,Black,FAQ,2026-08-22,4786,6091,5439,586
Maharashtra,Nagpur,Nagpur,Mustard,Yellow,FAQ,2026-08-21,4809,6120,5465,800
Maharashtra,Nagpur,Nagpur,Mustard,Black,FAQ,2026-08-20,4851,6174,5513,465
Maharashtra,Nagpur,Nagpur,Mustard,Yellow,FAQ,2026-08-19,4847,6170,5509,262
Maharashtra,Nagpur,Nagpur,Mustard,Black,FAQ,2026-08-18,4835,6154,5495,610
Maharashtra,Nagpur,Nagpur,Mustard,Black,FAQ,2026-08-17,4847,6170,5509,636
Maharashtra,Nagpur,Nagpur,Mustard,Yellow,FAQ,2026-08-16,4883,6214,5549,687
Maharashtra,Nagpur,Nagpur,Mustard,Black,FAQ,2026-08-15,4876,6205,5541,552
Maharashtra,Nagpur,Nagpur,Mustard,Black,FAQ,2026-08-14,4862,6188,5525,196
Maharashtra,Nagpur,Nagpur,Mustard,Yellow,FAQ,2026-08-13,4905,6242,5574,659
Maharashtra,Nagpur,Nagpur,Mustard,Yellow,FAQ,2026-08-12,4910,6249,5580,485
Maharashtra,Nagpur,Nagpur,Mustard,Black,FAQ,2026-08-11,4906,6245,5576,529
Maharashtra,Nagpur,Nagpur,Mustard,Black,FAQ,2026-08-10,4883,6214,5549,651
Maharashtra,Nagpur,Nagpur,Mustard,Black,FAQ,2026-08-09,4874,6203,5539,691
Maharashtra,Nagpur,Nagpur,Mustard,Black,FAQ,2026-08-08,4875,6204,5540,466
Maharashtra,Nagpur,Nagpur,Mustard,Yellow,FAQ,2026-08-07,4874,6203,5539,339
Maharashtra,Nagpur,Nagpur,Mustard,Black,FAQ,2026-08-06,4881,6212,5547,769
Maharashtra,Nagpur,Nagpur,Mustard,Yellow,FAQ,2026-08-05,4890,6223,5557,308
Maharashtra,Nagpur,Nagpur,Mustard,Yellow,FAQ,2026-08-04,4849,6172,5511,728
Maharashtra,Nagpur,Nagpur,Mustard,Black,FAQ,2026-08-03,4869,6196,5533,702
Maharashtra,Nagpur,Nagpur,Mustard,Black,FAQ,2026-08-02,4825,6142,5484,465
Maharashtra,Nagpur,Nagpur,Mustard,Yellow,FAQ,2026-08-01,4816,6129,5473,299
Maharashtra,Nagpur,Nagpur,Mustard,Yellow,FAQ,2026-07-31,4811,6124,5468,662
Maharashtra,Nagpur,Nagpur,Mustard,Yellow,FAQ,2026-07-30,4746,6041,5394,799
Maharashtra,Nagpur,Nagpur,Mustard,Black,FAQ,2026-07-29,4744,6039,5392,531
Maharashtra,Nagpur,Nagpur,Mustard,Black,FAQ,2026-07-28,4723,6012,5368,425
Maharashtra,Nagpur,Nagpur,Grapes,Thompson Seedless,FAQ,2026-08-26,4291,5462,4877,484
Maharashtra,Nagpur,Nagpur,Grapes,Thompson Seedless,FAQ,2026-08-25,4349,5536,4943,739
Maharashtra,Nagpur,Nagpur,Grapes,Thompson Seedless,FAQ,2026-08-24,4378,5573,4976,185
Maharashtra,Nagpur,Nagpur,Grapes,Thompson Seedless,FAQ,2026-08-23,4390,5587,4989,518
Maharashtra,Nagpur,Nagpur,Grapes,Thompson Seedless,FAQ,2026-08-22,4395,5594,4995,213
Maharashtra,Nagpur,Nagpur,Grapes,Thompson Seedless,FAQ,2026-08-21,4436,5647,5042,785
Maharashtra,Nagpur,Nagpur,Grapes,Thompson Seedless,FAQ,2026-08-20,4429,5638,5034,371
Maharashtra,Nagpur,Nagpur,Grapes,Thompson Seedless,FAQ,2026-08-19,4402,5603,5003,700
Maharashtra,Nagpur,Nagpur,Grapes,Thompson Seedless,FAQ,2026-08-18,4440,5651,5046,456
Maharashtra,Nagpur,Nagpur,Grapes,Thompson Seedless,FAQ,2026-08-17,4438,5649,5044,477
Maharashtra,Nagpur,Nagpur,Grapes,Thompson Seedless,FAQ,2026-08-16,4489,5714,5102,544
Maharashtra,Nagpur,Nagpur,Grapes,Thompson Seedless,FAQ,2026-08-15,4508,5737,5123,389
Maharashtra,Nagpur,Nagpur,Grapes,Thompson Seedless,FAQ,2026-08-14,4467,5686,5077,384
Maharashtra,Nagpur,Nagpur,Grapes,Thompson Seedless,FAQ,2026-08-13,4453,5668,5061,586
Maharashtra,Nagpur,Nagpur,Grapes,Thompson Seedless,FAQ,2026-08-12,4483,5706,5095,255
Maharashtra,Nagpur,Nagpur,Grapes,Thompson Seedless,FAQ,2026-08-11,4478,5699,5089,237
Maharashtra,Nagpur,Nagpur,Grapes,Thompson Seedless,FAQ,2026-08-10,4489,5714,5102,295
Maharashtra,Nagpur,Nagpur,Grapes,Thompson Seedless,FAQ,2026-08-09,4495,5720,5108,576
Maharashtra,Nagpur,Nagpur,Grapes,Thompson Seedless,FAQ,2026-08-08,4453,5668,5061,312
Maharashtra,Nagpur,Nagpur,Grapes,Thompson Seedless,FAQ,2026-08-07,4453,5668,5061,458
Maharashtra,Nagpur,Nagpur,Grapes,Thompson Seedless,FAQ,2026-08-06,4451,5664,5058,210
Maharashtra,Nagpur,Nagpur,Grapes,Thompson Seedless,FAQ,2026-08-05,4425,5632,5029,795
Maharashtra,Nagpur,Nagpur,Grapes,Thompson Seedless,FAQ,2026-08-04,4471,5690,5081,477
Maharashtra,Nagpur,Nagpur,Grapes,Thompson Seedless,FAQ,2026-08-03,4456,5671,5064,646
Maharashtra,Nagpur,Nagpur,Grapes,Thompson Seedless,FAQ,2026-08-02,4410,5613,5012,479
Maharashtra,Nagpur,Nagpur,Grapes,Thompson Seedless,FAQ,2026-08-01,4409,5612,5011,110
Maharashtra,Nagpur,Nagpur,Grapes,Thompson Seedless,FAQ,2026-07-31,4384,5579,4982,458
Maharashtra,Nagpur,Nagpur,Grapes,Thompson Seedless,FAQ,2026-07-30,4353,5540,4947,402
Maharashtra,Nagpur,Nagpur,Grapes,Thompson Seedless,FAQ,2026-07-29,4346,5531,4939,350
Maharashtra,Nagpur,Nagpur,Grapes,Thompson Seedless,FAQ,2026-07-28,4363,5554,4959,478
Maharashtra,Nagpur,Nagpur,Pomegranate,Bhagwa,FAQ,2026-08-26,5615,7146,6381,796
Maharashtra,Nagpur,Nagpur,Pomegranate,Bhagwa,FAQ,2026-08-25,5648,7189,6419,399
Maharashtra,Nagpur,Nagpur,Pomegranate,Bhagwa,FAQ,2026-08-24,5676,7225,6451,489
Maharashtra,Nagpur,Nagpur,Pomegranate,Bhagwa,FAQ,2026-08-23,5661,7204,6433,755
Maharashtra,Nagpur,Nagpur,Pomegranate,Bhagwa,FAQ,2026-08-22,5704,7259,6482,322
Maharashtra,Nagpur,Nagpur,Pomegranate,Bhagwa,FAQ,2026-08-21,5704,7259,6482,610
Maharashtra,Nagpur,Nagpur,Pomegranate,Bhagwa,FAQ,2026-08-20,5779,7356,6568,115
Maharashtra,Nagpur,Nagpur,Pomegranate,Bhagwa,FAQ,2026-08-19,5756,7325,6541,558
Maharashtra,Nagpur,Nagpur,Pomegranate,Bhagwa,FAQ,2026-08-18,5783,7360,6572,413
Maharashtra,Nagpur,Nagpur,Pomegranate,Bhagwa,FAQ,2026-08-17,5792,7371,6582,444
Maharashtra,Nagpur,Nagpur,Pomegranate,Bhagwa,FAQ,2026-08-16,5754,7323,6539,742
Maharashtra,Nagpur,Nagpur,Pomegranate,Bhagwa,FAQ,2026-08-15,5775,7350,6563,194
Maharashtra,Nagpur,Nagpur,Pomegranate,Bhagwa,FAQ,2026-08-14,5791,7370,6581,560
Maharashtra,Nagpur,Nagpur,Pomegranate,Bhagwa,FAQ,2026-08-13,5833,7424,6629,740
Maharashtra,Nagpur,Nagpur,Pomegranate,Bhagwa,FAQ,2026-08-12,5832,7423,6628,438
Maharashtra,Nagpur,Nagpur,Pomegranate,Bhagwa,FAQ,2026-08-11,5788,7367,6578,159
Maharashtra,Nagpur,Nagpur,Pomegranate,Bhagwa,FAQ,2026-08-10,5833,7424,6629,483
Maharashtra,Nagpur,Nagpur,Pomegranate,Bhagwa,FAQ,2026-08-09,5784,7361,6573,202
Maharashtra,Nagpur,Nagpur,Pomegranate,Bhagwa,FAQ,2026-08-08,5777,7352,6565,328
Maharashtra,Nagpur,Nagpur,Pomegranate,Bhagwa,FAQ,2026-08-07,5807,7390,6599,674
Maharashtra,Nagpur,Nagpur,Pomegranate,Bhagwa,FAQ,2026-08-06,5786,7365,6576,497
Maharashtra,Nagpur,Nagpur,Pomegranate,Bhagwa,FAQ,2026-08-05,5752,7321,6537,462
Maharashtra,Nagpur,Nagpur,Pomegranate,Bhagwa,FAQ,2026-08-04,5788,7367,6578,108
Maharashtra,Nagpur,Nagpur,Pomegranate,Bhagwa,FAQ,2026-08-03,5789,7368,6579,115
Maharashtra,Nagpur,Nagpur,Pomegranate,Bhagwa,FAQ,2026-08-02,5726,7287,6507,164
Maharashtra,Nagpur,Nagpur,Pomegranate,Bhagwa,FAQ,2026-08-01,5704,7259,6482,729
Maharashtra,Nagpur,Nagpur,Pomegranate,Bhagwa,FAQ,2026-07-31,5696,7249,6473,147
Maharashtra,Nagpur,Nagpur,Pomegranate,Bhagwa,FAQ,2026-07-30,5699,7254,6477,445
Maharashtra,Nagpur,Nagpur,Pomegranate,Bhagwa,FAQ,2026-07-29,5648,7189,6419,647
Maharashtra,Nagpur,Nagpur,Pomegranate,Bhagwa,FAQ,2026-07-28,5675,7222,6449,182
Maharashtra,Nagpur,Katol,Tomato,Vaishali,FAQ,2026-08-26,1832,2331,2082,721
Maharashtra,Nagpur,Katol,Tomato,Hybrid,FAQ,2026-08-25,1892,2408,2150,390
Maharashtra,Nagpur,Katol,Tomato,Local,FAQ,2026-08-24,1906,2425,2166,527
Maharashtra,Nagpur,Katol,Tomato,Local,FAQ,2026-08-23,1900,2419,2160,164
Maharashtra,Nagpur,Katol,Tomato,Vaishali,FAQ,2026-08-22,1906,2425,2166,398
Maharashtra,Nagpur,Katol,Tomato,Vaishali,FAQ,2026-08-21,1963,2498,2231,350
Maharashtra,Nagpur,Katol,Tomato,Vaishali,FAQ,2026-08-20,1990,2533,2262,789
Maharashtra,Nagpur,Katol,Tomato,Vaishali,FAQ,2026-08-19,1963,2498,2231,526
Maharashtra,Nagpur,Katol,Tomato,Local,FAQ,2026-08-18,2001,2546,2274,444
Maharashtra,Nagpur,Katol,Tomato,Hybrid,FAQ,2026-08-17,1986,2527,2257,657
Maharashtra,Nagpur,Katol,Tomato,Hybrid,FAQ,2026-08-16,1999,2544,2272,180
Maharashtra,Nagpur,Katol,Tomato,Hybrid,FAQ,2026-08-15,2031,2584,2308,256
Maharashtra,Nagpur,Katol,Tomato,Local,FAQ,2026-08-14,2008,2555,2282,244
Maharashtra,Nagpur,Katol,Tomato,Local,FAQ,2026-08-13,2024,2577,2301,581
Maharashtra,Nagpur,Katol,Tomato,Hybrid,FAQ,2026-08-12,2001,2546,2274,678
Maharashtra,Nagpur,Katol,Tomato,Vaishali,FAQ,2026-08-11,2021,2572,2297,393
Maharashtra,Nagpur,Katol,Tomato,Vaishali,FAQ,2026-08-10,2027,2580,2304,325
Maharashtra,Nagpur,Katol,Tomato,Vaishali,FAQ,2026-08-09,2010,2559,2285,384
Maharashtra,Nagpur,Katol,Tomato,Vaishali,FAQ,2026-08-08,1982,2523,2253,753
Maharashtra,Nagpur,Katol,Tomato,Vaishali,FAQ,2026-08-07,1998,2543,2271,525
Maharashtra,Nagpur,Katol,Tomato,Vaishali,FAQ,2026-08-06,2002,2549,2276,410
Maharashtra,Nagpur,Katol,Tomato,Hybrid,FAQ,2026-08-05,2029,2582,2306,209
Maharashtra,Nagpur,Katol,Tomato,Hybrid,FAQ,2026-08-04,2011,2560,2286,123
Maharashtra,Nagpur,Katol,Tomato,Hybrid,FAQ,2026-08-03,1983,2524,2254,364
Maharashtra,Nagpur,Katol,Tomato,Vaishali,FAQ,2026-08-02,1943,2474,2209,280
Maharashtra,Nagpur,Katol,Tomato,Hybrid,FAQ,2026-08-01,1918,2441,2180,151
Maharashtra,Nagpur,Katol,Tomato,Hybrid,FAQ,2026-07-31,1911,2432,2172,570
Maharashtra,Nagpur,Katol,Tomato,Vaishali,FAQ,2026-07-30,1943,2474,2209,710
Maharashtra,Nagpur,Katol,Tomato,Vaishali,FAQ,2026-07-29,1866,2375,2121,568
Maharashtra,Nagpur,Katol,Tomato,Hybrid,FAQ,2026-07-28,1897,2414,2156,260
Maharashtra,Nagpur,Katol,Onion,Red,FAQ,2026-08-26,1534,1953,1744,332
Maharashtra,Nagpur,Katol,Onion,Garwa,FAQ,2026-08-25,1593,2028,1811,232
Maharashtra,Nagpur,Katol,Onion,Red,FAQ,2026-08-24,1555,1980,1768,654
Maharashtra,Nagpur,Katol,Onion,Garwa,FAQ,2026-08-23,1632,2077,1855,460
Maharashtra,Nagpur,Katol,Onion,Garwa,FAQ,2026-08-22,1610,2049,1830,489
Maharashtra,Nagpur,Katol,Onion,Garwa,FAQ,2026-08-21,1650,2100,1875,591
Maharashtra,Nagpur,Katol,Onion,Garwa,FAQ,2026-08-20,1618,2059,1839,562
Maharashtra,Nagpur,Katol,Onion,White,FAQ,2026-08-19,1693,2154,1924,480
Maharashtra,Nagpur,Katol,Onion,White,FAQ,2026-08-18,1677,2134,1906,427
Maharashtra,Nagpur,Katol,Onion,White,FAQ,2026-08-17,1699,2162,1931,210
Maharashtra,Nagpur,Katol,Onion,Garwa,FAQ,2026-08-16,1725,2196,1961,361
Maharashtra,Nagpur,Katol,Onion,Red,FAQ,2026-08-15,1735,2208,1972,562
Maharashtra,Nagpur,Katol,Onion,White,FAQ,2026-08-14,1686,2147,1917,543
Maharashtra,Nagpur,Katol,Onion,Red,FAQ,2026-08-13,1723,2194,1959,671
Maharashtra,Nagpur,Katol,Onion,White,FAQ,2026-08-12,1732,2205,1969,395
Maharashtra,Nagpur,Katol,Onion,Garwa,FAQ,2026-08-11,1701,2166,1934,396
Maharashtra,Nagpur,Katol,Onion,White,FAQ,2026-08-10,1741,2216,1979,249
Maharashtra,Nagpur,Katol,Onion,Red,FAQ,2026-08-09,1708,2175,1942,368
Maharashtra,Nagpur,Katol,Onion,Garwa,FAQ,2026-08-08,1725,2196,1961,344
Maharashtra,Nagpur,Katol,Onion,Red,FAQ,2026-08-07,1668,2123,1896,342
Maharashtra,Nagpur,Katol,Onion,Red,FAQ,2026-08-06,1664,2119,1892,342
Maharashtra,Nagpur,Katol,Onion,Red,FAQ,2026-08-05,1674,2131,1903,512
Maharashtra,Nagpur,Katol,Onion,Red,FAQ,2026-08-04,1694,2156,1925,650
Maharashtra,Nagpur,Katol,Onion,Red,FAQ,2026-08-03,1657,2110,1884,672
Maharashtra,Nagpur,Katol,Onion,Garwa,FAQ,2026-08-02,1676,2133,1905,673
Maharashtra,Nagpur,Katol,Onion,Garwa,FAQ,2026-08-01,1615,2056,1836,434
Maharashtra,Nagpur,Katol,Onion,White,FAQ,2026-07-31,1597,2032,1815,293
Maharashtra,Nagpur,Katol,Onion,White,FAQ,2026-07-30,1590,2023,1807,431
Maharashtra,Nagpur,Katol,Onion,White,FAQ,2026-07-29,1576,2007,1792,290
Maharashtra,Nagpur,Katol,Onion,White,FAQ,2026-07-28,1588,2021,1805,288
Maharashtra,Nagpur,Katol,Wheat,Lok-1,FAQ,2026-08-26,2077,2644,2361,620
Maharashtra,Nagpur,Katol,Wheat,Lok-1,FAQ,2026-08-25,2120,2699,2410,509
Maharashtra,Nagpur,Katol,Wheat,Sharbati,FAQ,2026-08-24,2097,2670,2384,668
Maharashtra,Nagpur,Katol,Wheat,Lok-1,FAQ,2026-08-23,2105,2680,2393,540
Maharashtra,Nagpur,Katol,Wheat,FAQ,FAQ,2026-08-22,2134,2717,2426,181
Maharashtra,Nagpur,Katol,Wheat,FAQ,FAQ,2026-08-21,2192,2789,2491,788
Maharashtra,Nagpur,Katol,Wheat,Sharbati,FAQ,2026-08-20,2163,2754,2459,657
Maharashtra,Nagpur,Katol,Wheat,FAQ,FAQ,2026-08-19,2198,2797,2498,160
Maharashtra,Nagpur,Katol,Wheat,Sharbati,FAQ,2026-08-18,2189,2786,2488,285
Maharashtra,Nagpur,Katol,Wheat,Lok-1,FAQ,2026-08-17,2226,2833,2530,312
Maharashtra,Nagpur,Katol,Wheat,Lok-1,FAQ,2026-08-16,2222,2829,2526,384
Maharashtra,Nagpur,Katol,Wheat,Sharbati,FAQ,2026-08-15,2257,2872,2565,297
Maharashtra,Nagpur,Katol,Wheat,Sharbati,FAQ,2026-08-14,2266,2884,2575,129
Maharashtra,Nagpur,Katol,Wheat,Lok-1,FAQ,2026-08-13,2253,2868,2561,262
Maharashtra,Nagpur,Katol,Wheat,FAQ,FAQ,2026-08-12,2262,2879,2571,111
Maharashtra,Nagpur,Katol,Wheat,Sharbati,FAQ,2026-08-11,2234,2843,2539,554
Maharashtra,Nagpur,Katol,Wheat,FAQ,FAQ,2026-08-10,2219,2824,2522,508
Maharashtra,Nagpur,Katol,Wheat,Lok-1,FAQ,2026-08-09,2210,2813,2512,703
Maharashtra,Nagpur,Katol,Wheat,Sharbati,FAQ,2026-08-08,2251,2866,2559,644
Maharashtra,Nagpur,Katol,Wheat,Sharbati,FAQ,2026-08-07,2237,2848,2543,136
Maharashtra,Nagpur,Katol,Wheat,Sharbati,FAQ,2026-08-06,2255,2870,2563,216
Maharashtra,Nagpur,Katol,Wheat,FAQ,FAQ,2026-08-05,2194,2793,2494,165
Maharashtra,Nagpur,Katol,Wheat,Sharbati,FAQ,2026-08-04,2201,2802,2502,107
Maharashtra,Nagpur,Katol,Wheat,FAQ,FAQ,2026-08-03,2190,2787,2489,709
Maharashtra,Nagpur,Katol,Wheat,FAQ,FAQ,2026-08-02,2160,2749,2455,394
Maharashtra,Nagpur,Katol,Wheat,FAQ,FAQ,2026-08-01,2132,2713,2423,474
Maharashtra,Nagpur,Katol,Wheat,Lok-1,FAQ,2026-07-31,2139,2722,2431,598
Maharashtra,Nagpur,Katol,Wheat,FAQ,FAQ,2026-07-30,2165,2756,2461,103
Maharashtra,Nagpur,Katol,Wheat,Sharbati,FAQ,2026-07-29,2094,2665,2380,265
Maharashtra,Nagpur,Katol,Wheat,Sharbati,FAQ,2026-07-28,2071,2636,2354,675
Maharashtra,Nagpur,Katol,Rice,Basmati,FAQ,2026-08-26,2224,2831,2528,649
Maharashtra,Nagpur,Katol,Rice,Paddy(Dpr),FAQ,2026-08-25,2198,2797,2498,281
Maharashtra,Nagpur,Katol,Rice,Swarna,FAQ,2026-08-24,2236,2845,2541,443
Maharashtra,Nagpur,Katol,Rice,Swarna,FAQ,2026-08-23,2272,2891,2582,127
Maharashtra,Nagpur,Katol,Rice,Swarna,FAQ,2026-08-22,2280,2901,2591,144
Maharashtra,Nagpur,Katol,Rice,Paddy(Dpr),FAQ,2026-08-21,2331,2966,2649,206
Maharashtra,Nagpur,Katol,Rice,Swarna,FAQ,2026-08-20,2278,2899,2589,207
Maharashtra,Nagpur,Katol,Rice,Swarna,FAQ,2026-08-19,2302,2929,2616,289
Maharashtra,Nagpur,Katol,Rice,Swarna,FAQ,2026-08-18,2354,2997,2676,145
Maharashtra,Nagpur,Katol,Rice,Swarna,FAQ,2026-08-17,2335,2972,2654,355
Maharashtra,Nagpur,Katol,Rice,Basmati,FAQ,2026-08-16,2357,3000,2679,691
Maharashtra,Nagpur,Katol,Rice,Basmati,FAQ,2026-08-15,2381,3030,2706,444
Maharashtra,Nagpur,Katol,Rice,Basmati,FAQ,2026-08-14,2368,3015,2692,383
Maharashtra,Nagpur,Katol,Rice,Paddy(Dpr),FAQ,2026-08-13,2387,3038,2713,612
Maharashtra,Nagpur,Katol,Rice,Paddy(Dpr),FAQ,2026-08-12,2342,2981,2662,734
Maharashtra,Nagpur,Katol,Rice,Paddy(Dpr),FAQ,2026-08-11,2398,3052,2725,702
Maharashtra,Nagpur,Katol,Rice,Paddy(Dpr),FAQ,2026-08-10,2348,2989,2669,335
Maharashtra,Nagpur,Katol,Rice,Paddy(Dpr),FAQ,2026-08-09,2383,3032,2708,129
Maharashtra,Nagpur,Katol,Rice,Basmati,FAQ,2026-08-08,2384,3035,2710,467
Maharashtra,Nagpur,Katol,Rice,Paddy(Dpr),FAQ,2026-08-07,2339,2976,2658,547
Maharashtra,Nagpur,Katol,Rice,Basmati,FAQ,2026-08-06,2377,3026,2702,406
Maharashtra,Nagpur,Katol,Rice,Paddy(Dpr),FAQ,2026-08-05,2347,2988,2668,141
Maharashtra,Nagpur,Katol,Rice,Basmati,FAQ,2026-08-04,2336,2973,2655,286
Maharashtra,Nagpur,Katol,Rice,Paddy(Dpr),FAQ,2026-08-03,2341,2980,2661,114
Maharashtra,Nagpur,Katol,Rice,Swarna,FAQ,2026-08-02,2339,2978,2659,493
Maharashtra,Nagpur,Katol,Rice,Swarna,FAQ,2026-08-01,2295,2920,2608,187
Maharashtra,Nagpur,Katol,Rice,Basmati,FAQ,2026-07-31,2291,2916,2604,689
Maharashtra,Nagpur,Katol,Rice,Basmati,FAQ,2026-07-30,2229,2836,2533,701
Maharashtra,Nagpur,Katol,Rice,Swarna,FAQ,2026-07-29,2255,2870,2563,666
Maharashtra,Nagpur,Katol,Rice,Basmati,FAQ,2026-07-28,2202,2803,2503,364
Maharashtra,Nagpur,Katol,Potato,Jyoti,FAQ,2026-08-26,1246,1587,1417,645
Maharashtra,Nagpur,Katol,Potato,Jyoti,FAQ,2026-08-25,1270,1617,1444,727
Maharashtra,Nagpur,Katol,Potato,Kufri,FAQ,2026-08-24,1277,1626,1452,580
Maharashtra,Nagpur,Katol,Potato,Kufri,FAQ,2026-08-23,1297,1650,1474,446
Maharashtra,Nagpur,Katol,Potato,Jyoti,FAQ,2026-08-22,1330,1693,1512,490
Maharashtra,Nagpur,Katol,Potato,Kufri,FAQ,2026-08-21,1351,1720,1536,193
Maharashtra,Nagpur,Katol,Potato,Jyoti,FAQ,2026-08-20,1355,1724,1540,288
Maharashtra,Nagpur,Katol,Potato,Jyoti,FAQ,2026-08-19,1392,1771,1582,409
Maharashtra,Nagpur,Katol,Potato,Kufri,FAQ,2026-08-18,1371,1746,1559,305
Maharashtra,Nagpur,Katol,Potato,Kufri,FAQ,2026-08-17,1384,1761,1573,623
Maharashtra,Nagpur,Katol,Potato,Kufri,FAQ,2026-08-16,1411,1796,1604,359
Maharashtra,Nagpur,Katol,Potato,Jyoti,FAQ,2026-08-15,1367,1740,1554,544
Maharashtra,Nagpur,Katol,Potato,Kufri,FAQ,2026-08-14,1377,1752,1565,403
Maharashtra,Nagpur,Katol,Potato,Kufri,FAQ,2026-08-13,1396,1777,1587,423
Maharashtra,Nagpur,Katol,Potato,Jyoti,FAQ,2026-08-12,1378,1755,1567,766
Maharashtra,Nagpur,Katol,Potato,Jyoti,FAQ,2026-08-11,1436,1827,1632,533
Maharashtra,Nagpur,Katol,Potato,Kufri,FAQ,2026-08-10,1389,1768,1579,744
Maharashtra,Nagpur,Katol,Potato,Jyoti,FAQ,2026-08-09,1395,1776,1586,137
Maharashtra,Nagpur,Katol,Potato,Jyoti,FAQ,2026-08-08,1432,1823,1628,773
Maharashtra,Nagpur,Katol,Potato,Kufri,FAQ,2026-08-07,1422,1811,1617,305
Maharashtra,Nagpur,Katol,Potato,Kufri,FAQ,2026-08-06,1418,1805,1612,584
Maharashtra,Nagpur,Katol,Potato,Kufri,FAQ,2026-08-05,1393,1772,1583,398
Maharashtra,Nagpur,Katol,Potato,Kufri,FAQ,2026-08-04,1400,1781,1591,763
Maharashtra,Nagpur,Katol,Potato,Kufri,FAQ,2026-08-03,1325,1686,1506,133
Maharashtra,Nagpur,Katol,Potato,Kufri,FAQ,2026-08-02,1321,1682,1502,338
Maharashtra,Nagpur,Katol,Potato,Jyoti,FAQ,2026-08-01,1361,1732,1547,511
Maharashtra,Nagpur,Katol,Potato,Jyoti,FAQ,2026-07-31,1306,1663,1485,772
Maharashtra,Nagpur,Katol,Potato,Jyoti,FAQ,2026-07-30,1296,1649,1473,311
Maharashtra,Nagpur,Katol,Potato,Jyoti,FAQ,2026-07-29,1266,1611,1439,101
Maharashtra,Nagpur,Katol,Potato,Jyoti,FAQ,2026-07-28,1236,1573,1405,479
Maharashtra,Nagpur,Katol,Soyabean,JS-335,FAQ,2026-08-26,3756,4781,4269,796
Maharashtra,Nagpur,Katol,Soyabean,JS-335,FAQ,2026-08-25,3842,4889,4366,374
Maharashtra,Nagpur,Katol,Soyabean,JS-335,FAQ,2026-08-24,3835,4880,4358,635
Maharashtra,Nagpur,Katol,Soyabean,Yellow,FAQ,2026-08-23,3870,4925,4398,639
Maharashtra,Nagpur,Katol,Soyabean,Yellow,FAQ,2026-08-22,3866,4921,4394,393
Maharashtra,Nagpur,Katol,Soyabean,Yellow,FAQ,2026-08-21,3905,4970,4438,437
Maharashtra,Nagpur,Katol,Soyabean,Yellow,FAQ,2026-08-20,3930,5001,4466,759
Maharashtra,Nagpur,Katol,Soyabean,Yellow,FAQ,2026-08-19,3935,5008,4472,718
Maharashtra,Nagpur,Katol,Soyabean,Yellow,FAQ,2026-08-18,3932,5005,4469,669
Maharashtra,Nagpur,Katol,Soyabean,Yellow,FAQ,2026-08-17,3960,5041,4501,515
Maharashtra,Nagpur,Katol,Soyabean,JS-335,FAQ,2026-08-16,3959,5038,4499,408
Maharashtra,Nagpur,Katol,Soyabean,Yellow,FAQ,2026-08-15,3976,5061,4519,513
Maharashtra,Nagpur,Katol,Soyabean,JS-335,FAQ,2026-08-14,3931,5004,4468,432
Maharashtra,Nagpur,Katol,Soyabean,JS-335,FAQ,2026-08-13,3976,5061,4519,481
Maharashtra,Nagpur,Katol,Soyabean,Yellow,FAQ,2026-08-12,3972,5055,4514,674
Maharashtra,Nagpur,Katol,Soyabean,Yellow,FAQ,2026-08-11,3969,5052,4511,427
Maharashtra,Nagpur,Katol,Soyabean,Yellow,FAQ,2026-08-10,3976,5061,4519,266
Maharashtra,Nagpur,Katol,Soyabean,Yellow,FAQ,2026-08-09,3923,4992,4458,547
Maharashtra,Nagpur,Katol,Soyabean,Yellow,FAQ,2026-08-08,3928,4999,4464,330
Maharashtra,Nagpur,Katol,Soyabean,Yellow,FAQ,2026-08-07,3931,5004,4468,487
Maharashtra,Nagpur,Katol,Soyabean,JS-335,FAQ,2026-08-06,3936,5009,4473,444
Maharashtra,Nagpur,Katol,Soyabean,Yellow,FAQ,2026-08-05,3929,5000,4465,287
Maharashtra,Nagpur,Katol,Soyabean,JS-335,FAQ,2026-08-04,3932,5005,4469,624
Maharashtra,Nagpur,Katol,Soyabean,JS-335,FAQ,2026-08-03,3904,4969,4437,289
Maharashtra,Nagpur,Katol,Soyabean,Yellow,FAQ,2026-08-02,3867,4922,4395,694
Maharashtra,Nagpur,Katol,Soyabean,JS-335,FAQ,2026-08-01,3911,4978,4445,175
Maharashtra,Nagpur,Katol,Soyabean,Yellow,FAQ,2026-07-31,3894,4956,4425,432
Maharashtra,Nagpur,Katol,Soyabean,Yellow,FAQ,2026-07-30,3863,4916,4390,476
Maharashtra,Nagpur,Katol,Soyabean,Yellow,FAQ,2026-07-29,3805,4842,4324,544
Maharashtra,Nagpur,Katol,Soyabean,Yellow,FAQ,2026-07-28,3776,4807,4292,314
Maharashtra,Nagpur,Katol,Maize,Yellow,FAQ,2026-08-26,1650,2101,1876,167
Maharashtra,Nagpur,Katol,Maize,Hybrid,FAQ,2026-08-25,1645,2094,1870,734
Maharashtra,Nagpur,Katol,Maize,Yellow,FAQ,2026-08-24,1682,2141,1912,692
Maharashtra,Nagpur,Katol,Maize,Yellow,FAQ,2026-08-23,1678,2135,1907,112
Maharashtra,Nagpur,Katol,Maize,Yellow,FAQ,2026-08-22,1678,2135,1907,711
Maharashtra,Nagpur,Katol,Maize,Yellow,FAQ,2026-08-21,1737,2210,1974,730
Maharashtra,Nagpur,Katol,Maize,Hybrid,FAQ,2026-08-20,1705,2170,1938,258
Maharashtra,Nagpur,Katol,Maize,Yellow,FAQ,2026-08-19,1752,2229,1991,171
Maharashtra,Nagpur,Katol,Maize,Hybrid,FAQ,2026-08-18,1746,2223,1985,519
Maharashtra,Nagpur,Katol,Maize,Yellow,FAQ,2026-08-17,1757,2236,1997,391
Maharashtra,Nagpur,Katol,Maize,Hybrid,FAQ,2026-08-16,1776,2261,2019,124
Maharashtra,Nagpur,Katol,Maize,Hybrid,FAQ,2026-08-15,1783,2270,2027,292
Maharashtra,Nagpur,Katol,Maize,Yellow,FAQ,2026-08-14,1815,2310,2063,220
Maharashtra,Nagpur,Katol,Maize,Hybrid,FAQ,2026-08-13,1815,2310,2063,219
Maharashtra,Nagpur,Katol,Maize,Yellow,FAQ,2026-08-12,1769,2252,2011,787
Maharashtra,Nagpur,Katol,Maize,Hybrid,FAQ,2026-08-11,1794,2283,2039,385
Maharashtra,Nagpur,Katol,Maize,Hybrid,FAQ,2026-08-10,1810,2303,2057,760
Maharashtra,Nagpur,Katol,Maize,Yellow,FAQ,2026-08-09,1813,2308,2061,529
Maharashtra,Nagpur,Katol,Maize,Hybrid,FAQ,2026-08-08,1818,2313,2066,259
Maharashtra,Nagpur,Katol,Maize,Yellow,FAQ,2026-08-07,1759,2238,1999,611
Maharashtra,Nagpur,Katol,Maize,Yellow,FAQ,2026-08-06,1789,2278,2034,442
Maharashtra,Nagpur,Katol,Maize,Hybrid,FAQ,2026-08-05,1759,2238,1999,399
Maharashtra,Nagpur,Katol,Maize,Yellow,FAQ,2026-08-04,1794,2283,2039,388
Maharashtra,Nagpur,Katol,Maize,Hybrid,FAQ,2026-08-03,1785,2272,2029,581
Maharashtra,Nagpur,Katol,Maize,Yellow,FAQ,2026-08-02,1708,2175,1942,745
Maharashtra,Nagpur,Katol,Maize,Yellow,FAQ,2026-08-01,1725,2196,1961,249
Maharashtra,Nagpur,Katol,Maize,Yellow,FAQ,2026-07-31,1745,2220,1983,716
Maharashtra,Nagpur,Katol,Maize,Yellow,FAQ,2026-07-30,1665,2120,1893,317
Maharashtra,Nagpur,Katol,Maize,Hybrid,FAQ,2026-07-29,1643,2092,1868,737
Maharashtra,Nagpur,Katol,Maize,Yellow,FAQ,2026-07-28,1637,2084,1861,662
Maharashtra,Nagpur,Katol,Cotton,Medium Staple,FAQ,2026-08-26,5690,7243,6467,432
Maharashtra,Nagpur,Katol,Cotton,Medium Staple,FAQ,2026-08-25,5722,7283,6503,388
Maharashtra,Nagpur,Katol,Cotton,Medium Staple,FAQ,2026-08-24,5792,7371,6582,304
Maharashtra,Nagpur,Katol,Cotton,Medium Staple,FAQ,2026-08-23,5784,7361,6573,302
Maharashtra,Nagpur,Katol,Cotton,Medium Staple,FAQ,2026-08-22,5808,7392,6600,365
Maharashtra,Nagpur,Katol,Cotton,Medium Staple,FAQ,2026-08-21,5815,7400,6608,521
Maharashtra,Nagpur,Katol,Cotton,Medium Staple,FAQ,2026-08-20,5858,7455,6657,491
Maharashtra,Nagpur,Katol,Cotton,Medium Staple,FAQ,2026-08-19,5875,7478,6677,681
Maharashtra,Nagpur,Katol,Cotton,Medium Staple,FAQ,2026-08-18,5833,7424,6629,290
Maharashtra,Nagpur,Katol,Cotton,Medium Staple,FAQ,2026-08-17,5878,7481,6680,722
Maharashtra,Nagpur,Katol,Cotton,Medium Staple,FAQ,2026-08-16,5903,7512,6708,189
Maharashtra,Nagpur,Katol,Cotton,Medium Staple,FAQ,2026-08-15,5867,7468,6668,561
Maharashtra,Nagpur,Katol,Cotton,Medium Staple,FAQ,2026-08-14,5874,7476,6675,267
Maharashtra,Nagpur,Katol,Cotton,Medium Staple,FAQ,2026-08-13,5899,7508,6704,217
Maharashtra,Nagpur,Katol,Cotton,Medium Staple,FAQ,2026-08-12,5919,7534,6727,306
Maharashtra,Nagpur,Katol,Cotton,Medium Staple,FAQ,2026-08-11,5911,7524,6718,796
Maharashtra,Nagpur,Katol,Cotton,Medium Staple,FAQ,2026-08-10,5916,7529,6723,255
Maharashtra,Nagpur,Katol,Cotton,Medium Staple,FAQ,2026-08-09,5896,7504,6700,459
Maharashtra,Nagpur,Katol,Cotton,Medium Staple,FAQ,2026-08-08,5854,7451,6653,598
Maharashtra,Nagpur,Katol,Cotton,Medium Staple,FAQ,2026-08-07,5891,7498,6695,609
Maharashtra,Nagpur,Katol,Cotton,Medium Staple,FAQ,2026-08-06,5908,7519,6714,294
Maharashtra,Nagpur,Katol,Cotton,Medium Staple,FAQ,2026-08-05,5871,7472,6672,674
Maharashtra,Nagpur,Katol,Cotton,Medium Staple,FAQ,2026-08-04,5847,7442,6645,412
Maharashtra,Nagpur,Katol,Cotton,Medium Staple,FAQ,2026-08-03,5842,7435,6639,535
Maharashtra,Nagpur,Katol,Cotton,Medium Staple,FAQ,2026-08-02,5851,7446,6649,664
Maharashtra,Nagpur,Katol,Cotton,Medium Staple,FAQ,2026-08-01,5789,7368,6579,433
Maharashtra,Nagpur,Katol,Cotton,Medium Staple,FAQ,2026-07-31,5808,7393,6601,564
Maharashtra,Nagpur,Katol,Cotton,Medium Staple,FAQ,2026-07-30,5777,7352,6565,558
Maharashtra,Nagpur,Katol,Cotton,Medium Staple,FAQ,2026-07-29,5765,7338,6552,325
Maharashtra,Nagpur,Katol,Cotton,Medium Staple,FAQ,2026-07-28,5732,7295,6514,322
Maharashtra,Nagpur,Katol,Sugarcane,Co-86032,FAQ,2026-08-26,264,336,300,680
Maharashtra,Nagpur,Katol,Sugarcane,Co-86032,FAQ,2026-08-25,264,336,300,682
Maharashtra,Nagpur,Katol,Sugarcane,Co-86032,FAQ,2026-08-24,264,336,300,393
Maharashtra,Nagpur,Katol,Sugarcane,Co-86032,FAQ,2026-08-23,264,336,300,100
Maharashtra,Nagpur,Katol,Sugarcane,Co-86032,FAQ,2026-08-22,264,336,300,358
Maharashtra,Nagpur,Katol,Sugarcane,Co-86032,FAQ,2026-08-21,274,349,312,725
Maharashtra,Nagpur,Katol,Sugarcane,Co-86032,FAQ,2026-08-20,340,433,387,590
Maharashtra,Nagpur,Katol,Sugarcane,Co-86032,FAQ,2026-08-19,319,406,363,127
Maharashtra,Nagpur,Katol,Sugarcane,Co-86032,FAQ,2026-08-18,360,459,410,774
Maharashtra,Nagpur,Katol,Sugarcane,Co-86032,FAQ,2026-08-17,359,456,408,384
Maharashtra,Nagpur,Katol,Sugarcane,Co-86032,FAQ,2026-08-16,374,476,425,504
Maharashtra,Nagpur,Katol,Sugarcane,Co-86032,FAQ,2026-08-15,332,423,378,698
Maharashtra,Nagpur,Katol,Sugarcane,Co-86032,FAQ,2026-08-14,346,441,394,361
Maharashtra,Nagpur,Katol,Sugarcane,Co-86032,FAQ,2026-08-13,366,467,417,269
Maharashtra,Nagpur,Katol,Sugarcane,Co-86032,FAQ,2026-08-12,402,511,457,525
Maharashtra,Nagpur,Katol,Sugarcane,Co-86032,FAQ,2026-08-11,367,468,418,660
Maharashtra,Nagpur,Katol,Sugarcane,Co-86032,FAQ,2026-08-10,361,460,411,433
Maharashtra,Nagpur,Katol,Sugarcane,Co-86032,FAQ,2026-08-09,369,470,420,167
Maharashtra,Nagpur,Katol,Sugarcane,Co-86032,FAQ,2026-08-08,351,446,399,613
Maharashtra,Nagpur,Katol,Sugarcane,Co-86032,FAQ,2026-08-07,391,498,445,508
Maharashtra,Nagpur,Katol,Sugarcane,Co-86032,FAQ,2026-08-06,335,426,381,149
Maharashtra,Nagpur,Katol,Sugarcane,Co-86032,FAQ,2026-08-05,357,454,406,793
Maharashtra,Nagpur,Katol,Sugarcane,Co-86032,FAQ,2026-08-04,339,432,386,588
Maharashtra,Nagpur,Katol,Sugarcane,Co-86032,FAQ,2026-08-03,293,374,334,705
Maharashtra,Nagpur,Katol,Sugarcane,Co-86032,FAQ,2026-08-02,289,368,329,428
Maharashtra,Nagpur,Katol,Sugarcane,Co-86032,FAQ,2026-08-01,308,392,350,775
Maharashtra,Nagpur,Katol,Sugarcane,Co-86032,FAQ,2026-07-31,264,336,300,390
Maharashtra,Nagpur,Katol,Sugarcane,Co-86032,FAQ,2026-07-30,264,336,300,443
Maharashtra,Nagpur,Katol,Sugarcane,Co-86032,FAQ,2026-07-29,264,336,300,692
Maharashtra,Nagpur,Katol,Sugarcane,Co-86032,FAQ,2026-07-28,264,336,300,265
Maharashtra,Nagpur,Katol,Mustard,Yellow,FAQ,2026-08-26,4723,6012,5368,276
Maharashtra,Nagpur,Katol,Mustard,Black,FAQ,2026-08-25,4719,6006,5363,387
Maharashtra,Nagpur,Katol,Mustard,Yellow,FAQ,2026-08-24,4767,6068,5418,799
Maharashtra,Nagpur,Katol,Mustard,Black,FAQ,2026-08-23,4767,6068,5418,757
Maharashtra,Nagpur,Katol,Mustard,Yellow,FAQ,2026-08-22,4815,6128,5472,600
Maharashtra,Nagpur,Katol,Mustard,Black,FAQ,2026-08-21,4807,6118,5463,257
Maharashtra,Nagpur,Katol,Mustard,Black,FAQ,2026-08-20,4823,6138,5481,284
Maharashtra,Nagpur,Katol,Mustard,Black,FAQ,2026-08-19,4859,6184,5522,235
Maharashtra,Nagpur,Katol,Mustard,Yellow,FAQ,2026-08-18,4839,6158,5499,235
Maharashtra,Nagpur,Katol,Mustard,Black,FAQ,2026-08-17,4883,6214,5549,606
Maharashtra,Nagpur,Katol,Mustard,Yellow,FAQ,2026-08-16,4864,6191,5528,459
Maharashtra,Nagpur,Katol,Mustard,Black,FAQ,2026-08-15,4857,6182,5520,793
Maharashtra,Nagpur,Katol,Mustard,Yellow,FAQ,2026-08-14,4895,6230,5563,297
Maharashtra,Nagpur,Katol,Mustard,Black,FAQ,2026-08-13,4898,6235,5567,284
Maharashtra,Nagpur,Katol,Mustard,Black,FAQ,2026-08-12,4887,6220,5554,135
Maharashtra,Nagpur,Katol,Mustard,Yellow,FAQ,2026-08-11,4903,6240,5572,410
Maharashtra,Nagpur,Katol,Mustard,Yellow,FAQ,2026-08-10,4914,6255,5585,630
Maharashtra,Nagpur,Katol,Mustard,Black,FAQ,2026-08-09,4890,6223,5557,384
Maharashtra,Nagpur,Katol,Mustard,Yellow,FAQ,2026-08-08,4894,6229,5562,433
Maharashtra,Nagpur,Katol,Mustard,Black,FAQ,2026-08-07,4845,6166,5506,494
Maharashtra,Nagpur,Katol,Mustard,Black,FAQ,2026-08-06,4884,6216,5550,132
Maharashtra,Nagpur,Katol,Mustard,Yellow,FAQ,2026-08-05,4826,6143,5485,187
Maharashtra,Nagpur,Katol,Mustard,Yellow,FAQ,2026-08-04,4868,6195,5532,787
Maharashtra,Nagpur,Katol,Mustard,Yellow,FAQ,2026-08-03,4836,6155,5496,709
Maharashtra,Nagpur,Katol,Mustard,Yellow,FAQ,2026-08-02,4786,6091,5439,244
Maharashtra,Nagpur,Katol,Mustard,Yellow,FAQ,2026-08-01,4780,6083,5432,343
Maharashtra,Nagpur,Katol,Mustard,Yellow,FAQ,2026-07-31,4781,6084,5433,285
Maharashtra,Nagpur,Katol,Mustard,Black,FAQ,2026-07-30,4804,6115,5460,533
Maharashtra,Nagpur,Katol,Mustard,Yellow,FAQ,2026-07-29,4781,6086,5434,777
Maharashtra,Nagpur,Katol,Mustard,Yellow,FAQ,2026-07-28,4742,6035,5389,722
Maharashtra,Nagpur,Katol,Grapes,Thompson Seedless,FAQ,2026-08-26,4302,5475,4889,561
Maharashtra,Nagpur,Katol,Grapes,Thompson Seedless,FAQ,2026-08-25,4351,5538,4945,273
Maharashtra,Nagpur,Katol,Grapes,Thompson Seedless,FAQ,2026-08-24,4378,5573,4976,294
Maharashtra,Nagpur,Katol,Grapes,Thompson Seedless,FAQ,2026-08-23,4397,5596,4997,161
Maharashtra,Nagpur,Katol,Grapes,Thompson Seedless,FAQ,2026-08-22,4378,5573,4976,561
Maharashtra,Nagpur,Katol,Grapes,Thompson Seedless,FAQ,2026-08-21,4381,5576,4979,699
Maharashtra,Nagpur,Katol,Grapes,Thompson Seedless,FAQ,2026-08-20,4440,5651,5046,250
Maharashtra,Nagpur,Katol,Grapes,Thompson Seedless,FAQ,2026-08-19,4414,5619,5017,521
Maharashtra,Nagpur,Katol,Grapes,Thompson Seedless,FAQ,2026-08-18,4441,5652,5047,720
Maharashtra,Nagpur,Katol,Grapes,Thompson Seedless,FAQ,2026-08-17,4457,5672,5065,519
Maharashtra,Nagpur,Katol,Grapes,Thompson Seedless,FAQ,2026-08-16,4441,5652,5047,602
Maharashtra,Nagpur,Katol,Grapes,Thompson Seedless,FAQ,2026-08-15,4470,5689,5080,363
Maharashtra,Nagpur,Katol,Grapes,Thompson Seedless,FAQ,2026-08-14,4501,5728,5115,508
Maharashtra,Nagpur,Katol,Grapes,Thompson Seedless,FAQ,2026-08-13,4483,5706,5095,294
Maharashtra,Nagpur,Katol,Grapes,Thompson Seedless,FAQ,2026-08-12,4473,5694,5084,205
Maharashtra,Nagpur,Katol,Grapes,Thompson Seedless,FAQ,2026-08-11,4496,5723,5110,792
Maharashtra,Nagpur,Katol,Grapes,Thompson Seedless,FAQ,2026-08-10,4510,5741,5126,482
Maharashtra,Nagpur,Katol,Grapes,Thompson Seedless,FAQ,2026-08-09,4464,5681,5073,232
Maharashtra,Nagpur,Katol,Grapes,Thompson Seedless,FAQ,2026-08-08,4490,5715,5103,694
Maharashtra,Nagpur,Katol,Grapes,Thompson Seedless,FAQ,2026-08-07,4453,5668,5061,318
Maharashtra,Nagpur,Katol,Grapes,Thompson Seedless,FAQ,2026-08-06,4436,5647,5042,534
Maharashtra,Nagpur,Katol,Grapes,Thompson Seedless,FAQ,2026-08-05,4466,5684,5075,439
Maharashtra,Nagpur,Katol,Grapes,Thompson Seedless,FAQ,2026-08-04,4456,5671,5064,616
Maharashtra,Nagpur,Katol,Grapes,Thompson Seedless,FAQ,2026-08-03,4465,5682,5074,241
Maharashtra,Nagpur,Katol,Grapes,Thompson Seedless,FAQ,2026-08-02,4416,5621,5019,313
Maharashtra,Nagpur,Katol,Grapes,Thompson Seedless,FAQ,2026-08-01,4400,5600,5000,450
Maharashtra,Nagpur,Katol,Grapes,Thompson Seedless,FAQ,2026-07-31,4386,5583,4985,322
Maharashtra,Nagpur,Katol,Grapes,Thompson Seedless,FAQ,2026-07-30,4375,5568,4972,255
Maharashtra,Nagpur,Katol,Grapes,Thompson Seedless,FAQ,2026-07-29,4355,5542,4949,115
Maharashtra,Nagpur,Katol,Grapes,Thompson Seedless,FAQ,2026-07-28,4358,5547,4953,378
Maharashtra,Nagpur,Katol,Pomegranate,Bhagwa,FAQ,2026-08-26,5655,7198,6427,277
Maharashtra,Nagpur,Katol,Pomegranate,Bhagwa,FAQ,2026-08-25,5633,7170,6402,302
Maharashtra,Nagpur,Katol,Pomegranate,Bhagwa,FAQ,2026-08-24,5646,7187,6417,381
Maharashtra,Nagpur,Katol,Pomegranate,Bhagwa,FAQ,2026-08-23,5715,7274,6495,281
Maharashtra,Nagpur,Katol,Pomegranate,Bhagwa,FAQ,2026-08-22,5678,7227,6453,334
Maharashtra,Nagpur,Katol,Pomegranate,Bhagwa,FAQ,2026-08-21,5709,7266,6488,304
Maharashtra,Nagpur,Katol,Pomegranate,Bhagwa,FAQ,2026-08-20,5773,7348,6561,577
Maharashtra,Nagpur,Katol,Pomegranate,Bhagwa,FAQ,2026-08-19,5740,7305,6523,343
Maharashtra,Nagpur,Katol,Pomegranate,Bhagwa,FAQ,2026-08-18,5737,7302,6520,215
Maharashtra,Nagpur,Katol,Pomegranate,Bhagwa,FAQ,2026-08-17,5798,7379,6589,479
Maharashtra,Nagpur,Katol,Pomegranate,Bhagwa,FAQ,2026-08-16,5766,7339,6553,684
Maharashtra,Nagpur,Katol,Pomegranate,Bhagwa,FAQ,2026-08-15,5774,7349,6562,632
Maharashtra,Nagpur,Katol,Pomegranate,Bhagwa,FAQ,2026-08-14,5792,7371,6582,771
Maharashtra,Nagpur,Katol,Pomegranate,Bhagwa,FAQ,2026-08-13,5819,7406,6613,640
Maharashtra,Nagpur,Katol,Pomegranate,Bhagwa,FAQ,2026-08-12,5822,7411,6617,529
Maharashtra,Nagpur,Katol,Pomegranate,Bhagwa,FAQ,2026-08-11,5804,7387,6596,799
Maharashtra,Nagpur,Katol,Pomegranate,Bhagwa,FAQ,2026-08-10,5807,7390,6599,602
Maharashtra,Nagpur,Katol,Pomegranate,Bhagwa,FAQ,2026-08-09,5808,7392,6600,369
Maharashtra,Nagpur,Katol,Pomegranate,Bhagwa,FAQ,2026-08-08,5833,7424,6629,336
Maharashtra,Nagpur,Katol,Pomegranate,Bhagwa,FAQ,2026-08-07,5791,7370,6581,738
Maharashtra,Nagpur,Katol,Pomegranate,Bhagwa,FAQ,2026-08-06,5771,7346,6559,340
Maharashtra,Nagpur,Katol,Pomegranate,Bhagwa,FAQ,2026-08-05,5775,7350,6563,751
Maharashtra,Nagpur,Katol,Pomegranate,Bhagwa,FAQ,2026-08-04,5754,7323,6539,312
Maharashtra,Nagpur,Katol,Pomegranate,Bhagwa,FAQ,2026-08-03,5764,7337,6551,798
Maharashtra,Nagpur,Katol,Pomegranate,Bhagwa,FAQ,2026-08-02,5711,7268,6490,484
Maharashtra,Nagpur,Katol,Pomegranate,Bhagwa,FAQ,2026-08-01,5697,7250,6474,217
Maharashtra,Nagpur,Katol,Pomegranate,Bhagwa,FAQ,2026-07-31,5710,7267,6489,387
Maharashtra,Nagpur,Katol,Pomegranate,Bhagwa,FAQ,2026-07-30,5727,7288,6508,532
Maharashtra,Nagpur,Katol,Pomegranate,Bhagwa,FAQ,2026-07-29,5694,7247,6471,401
Maharashtra,Nagpur,Katol,Pomegranate,Bhagwa,FAQ,2026-07-28,5619,7152,6386,324
Maharashtra,Satara,Satara,Tomato,Vaishali,FAQ,2026-08-26,1851,2356,2104,363
Maharashtra,Satara,Satara,Tomato,Local,FAQ,2026-08-25,1897,2414,2156,786
Maharashtra,Satara,Satara,Tomato,Hybrid,FAQ,2026-08-24,1908,2429,2169,299
Maharashtra,Satara,Satara,Tomato,Local,FAQ,2026-08-23,1932,2459,2196,185
Maharashtra,Satara,Satara,Tomato,Local,FAQ,2026-08-22,1965,2500,2233,505
Maharashtra,Satara,Satara,Tomato,Vaishali,FAQ,2026-08-21,1964,2499,2232,176
Maharashtra,Satara,Satara,Tomato,Vaishali,FAQ,2026-08-20,1939,2468,2204,592
Maharashtra,Satara,Satara,Tomato,Local,FAQ,2026-08-19,2005,2552,2279,519
Maharashtra,Satara,Satara,Tomato,Hybrid,FAQ,2026-08-18,2007,2554,2281,606
Maharashtra,Satara,Satara,Tomato,Hybrid,FAQ,2026-08-17,1998,2543,2271,136
Maharashtra,Satara,Satara,Tomato,Local,FAQ,2026-08-16,2026,2579,2303,527
Maharashtra,Satara,Satara,Tomato,Vaishali,FAQ,2026-08-15,1988,2531,2260,335
Maharashtra,Satara,Satara,Tomato,Vaishali,FAQ,2026-08-14,2039,2596,2318,506
Maharashtra,Satara,Satara,Tomato,Hybrid,FAQ,2026-08-13,2042,2599,2321,440
Maharashtra,Satara,Satara,Tomato,Hybrid,FAQ,2026-08-12,1991,2534,2263,691
Maharashtra,Satara,Satara,Tomato,Local,FAQ,2026-08-11,2011,2560,2286,634
Maharashtra,Satara,Satara,Tomato,Local,FAQ,2026-08-10,2053,2612,2333,697
Maharashtra,Satara,Satara,Tomato,Local,FAQ,2026-08-09,1990,2533,2262,306
Maharashtra,Satara,Satara,Tomato,Vaishali,FAQ,2026-08-08,2032,2587,2310,734
Maharashtra,Satara,Satara,Tomato,Local,FAQ,2026-08-07,1985,2526,2256,169
Maharashtra,Satara,Satara,Tomato,Vaishali,FAQ,2026-08-06,2029,2582,2306,727
Maharashtra,Satara,Satara,Tomato,Vaishali,FAQ,2026-08-05,1972,2511,2242,302
Maharashtra,Satara,Satara,Tomato,Hybrid,FAQ,2026-08-04,1975,2514,2245,748
Maharashtra,Satara,Satara,Tomato,Local,FAQ,2026-08-03,2003,2550,2277,605
Maharashtra,Satara,Satara,Tomato,Vaishali,FAQ,2026-08-02,1965,2500,2233,413
Maharashtra,Satara,Satara,Tomato,Hybrid,FAQ,2026-08-01,1920,2443,2182,178
Maharashtra,Satara,Satara,Tomato,Vaishali,FAQ,2026-07-31,1901,2420,2161,688
Maharashtra,Satara,Satara,Tomato,Local,FAQ,2026-07-30,1900,2419,2160,754
Maharashtra,Satara,Satara,Tomato,Hybrid,FAQ,2026-07-29,1927,2452,2190,607
Maharashtra,Satara,Satara,Tomato,Hybrid,FAQ,2026-07-28,1904,2423,2164,430
Maharashtra,Satara,Satara,Onion,Garwa,FAQ,2026-08-26,1528,1945,1737,151
Maharashtra,Satara,Satara,Onion,Garwa,FAQ,2026-08-25,1574,2003,1789,356
Maharashtra,Satara,Satara,Onion,Garwa,FAQ,2026-08-24,1594,2029,1812,580
Maharashtra,Satara,Satara,Onion,Garwa,FAQ,2026-08-23,1606,2044,1825,783
Maharashtra,Satara,Satara,Onion,White,FAQ,2026-08-22,1642,2089,1866,222
Maharashtra,Satara,Satara,Onion,Red,FAQ,2026-08-21,1630,2075,1853,262
Maharashtra,Satara,Satara,Onion,Garwa,FAQ,2026-08-20,1623,2066,1845,248
Maharashtra,Satara,Satara,Onion,Red,FAQ,2026-08-19,1672,2128,1900,308
Maharashtra,Satara,Satara,Onion,Garwa,FAQ,2026-08-18,1691,2152,1922,462
Maharashtra,Satara,Satara,Onion,Red,FAQ,2026-08-17,1675,2132,1904,115
Maharashtra,Satara,Satara,Onion,Red,FAQ,2026-08-16,1719,2188,1954,686
Maharashtra,Satara,Satara,Onion,White,FAQ,2026-08-15,1713,2180,1947,530
Maharashtra,Satara,Satara,Onion,White,FAQ,2026-08-14,1739,2214,1977,786
Maharashtra,Satara,Satara,Onion,Garwa,FAQ,2026-08-13,1723,2194,1959,593
Maharashtra,Satara,Satara,Onion,White,FAQ,2026-08-12,1699,2162,1931,799
Maharashtra,Satara,Satara,Onion,Red,FAQ,2026-08-11,1710,2177,1944,791
Maharashtra,Satara,Satara,Onion,Garwa,FAQ,2026-08-10,1708,2173,1941,685
Maharashtra,Satara,Satara,Onion,Red,FAQ,2026-08-09,1708,2175,1942,330
Maharashtra,Satara,Satara,Onion,White,FAQ,2026-08-08,1723,2192,1958,372
Maharashtra,Satara,Satara,Onion,Red,FAQ,2026-08-07,1687,2148,1918,364
Maharashtra,Satara,Satara,Onion,White,FAQ,2026-08-06,1719,2188,1954,541
Maharashtra,Satara,Satara,Onion,Garwa,FAQ,2026-08-05,1654,2105,1880,199
Maharashtra,Satara,Satara,Onion,White,FAQ,2026-08-04,1651,2102,1877,752
Maharashtra,Satara,Satara,Onion,White,FAQ,2026-08-03,1676,2133,1905,168
Maharashtra,Satara,Satara,Onion,Red,FAQ,2026-08-02,1638,2085,1862,329
Maharashtra,Satara,Satara,Onion,Red,FAQ,2026-08-01,1638,2085,1862,588
Maharashtra,Satara,Satara,Onion,Garwa,FAQ,2026-07-31,1642,2089,1866,653
Maharashtra,Satara,Satara,Onion,Garwa,FAQ,2026-07-30,1635,2080,1858,739
Maharashtra,Satara,Satara,Onion,White,FAQ,2026-07-29,1570,1999,1785,494
Maharashtra,Satara,Satara,Onion,Red,FAQ,2026-07-28,1576,2005,1791,494
Maharashtra,Satara,Satara,Wheat,FAQ,FAQ,2026-08-26,2099,2672,2386,450
Maharashtra,Satara,Satara,Wheat,Lok-1,FAQ,2026-08-25,2062,2625,2344,783
Maharashtra,Satara,Satara,Wheat,FAQ,FAQ,2026-08-24,2102,2675,2389,114
Maharashtra,Satara,Satara,Wheat,FAQ,FAQ,2026-08-23,2126,2705,2416,798
Maharashtra,Satara,Satara,Wheat,Sharbati,FAQ,2026-08-22,2166,2757,2462,644
Maharashtra,Satara,Satara,Wheat,Lok-1,FAQ,2026-08-21,2162,2751,2457,367
Maharashtra,Satara,Satara,Wheat,Lok-1,FAQ,2026-08-20,2214,2819,2517,350
Maharashtra,Satara,Satara,Wheat,Lok-1,FAQ,2026-08-19,2224,2831,2528,195
Maharashtra,Satara,Satara,Wheat,Lok-1,FAQ,2026-08-18,2198,2797,2498,568
Maharashtra,Satara,Satara,Wheat,Lok-1,FAQ,2026-08-17,2201,2802,2502,263
Maharashtra,Satara,Satara,Wheat,Lok-1,FAQ,2026-08-16,2209,2812,2511,443
Maharashtra,Satara,Satara,Wheat,Lok-1,FAQ,2026-08-15,2230,2839,2535,613
Maharashtra,Satara,Satara,Wheat,Lok-1,FAQ,2026-08-14,2207,2808,2508,616
Maharashtra,Satara,Satara,Wheat,FAQ,FAQ,2026-08-13,2227,2834,2531,275
Maharashtra,Satara,Satara,Wheat,Lok-1,FAQ,2026-08-12,2235,2844,2540,498
Maharashtra,Satara,Satara,Wheat,Lok-1,FAQ,2026-08-11,2243,2854,2549,418
Maharashtra,Satara,Satara,Wheat,FAQ,FAQ,2026-08-10,2210,2813,2512,787
Maharashtra,Satara,Satara,Wheat,Sharbati,FAQ,2026-08-09,2249,2862,2556,144
Maharashtra,Satara,Satara,Wheat,FAQ,FAQ,2026-08-08,2228,2835,2532,214
Maharashtra,Satara,Satara,Wheat,FAQ,FAQ,2026-08-07,2236,2845,2541,159
Maharashtra,Satara,Satara,Wheat,Lok-1,FAQ,2026-08-06,2241,2852,2547,216
Maharashtra,Satara,Satara,Wheat,Lok-1,FAQ,2026-08-05,2221,2826,2524,477
Maharashtra,Satara,Satara,Wheat,Sharbati,FAQ,2026-08-04,2217,2822,2520,746
Maharashtra,Satara,Satara,Wheat,Lok-1,FAQ,2026-08-03,2198,2797,2498,223
Maharashtra,Satara,Satara,Wheat,Sharbati,FAQ,2026-08-02,2156,2744,2450,414
Maharashtra,Satara,Satara,Wheat,Lok-1,FAQ,2026-08-01,2161,2750,2456,244
Maharashtra,Satara,Satara,Wheat,Lok-1,FAQ,2026-07-31,2151,2738,2445,781
Maharashtra,Satara,Satara,Wheat,Lok-1,FAQ,2026-07-30,2098,2671,2385,471
Maharashtra,Satara,Satara,Wheat,Sharbati,FAQ,2026-07-29,2093,2664,2379,637
Maharashtra,Satara,Satara,Wheat,Lok-1,FAQ,2026-07-28,2067,2630,2349,329
Maharashtra,Satara,Satara,Rice,Basmati,FAQ,2026-08-26,2222,2829,2526,784
Maharashtra,Satara,Satara,Rice,Paddy(Dpr),FAQ,2026-08-25,2244,2857,2551,308
Maharashtra,Satara,Satara,Rice,Basmati,FAQ,2026-08-24,2219,2824,2522,787
Maharashtra,Satara,Satara,Rice,Basmati,FAQ,2026-08-23,2235,2844,2540,584
Maharashtra,Satara,Satara,Rice,Swarna,FAQ,2026-08-22,2267,2886,2577,506
Maharashtra,Satara,Satara,Rice,Swarna,FAQ,2026-08-21,2300,2927,2614,171
Maharashtra,Satara,Satara,Rice,Swarna,FAQ,2026-08-20,2326,2961,2644,267
Maharashtra,Satara,Satara,Rice,Paddy(Dpr),FAQ,2026-08-19,2345,2984,2665,737
Maharashtra,Satara,Satara,Rice,Swarna,FAQ,2026-08-18,2321,2954,2638,613
Maharashtra,Satara,Satara,Rice,Swarna,FAQ,2026-08-17,2348,2989,2669,113
Maharashtra,Satara,Satara,Rice,Swarna,FAQ,2026-08-16,2336,2973,2655,679
Maharashtra,Satara,Satara,Rice,Basmati,FAQ,2026-08-15,2364,3009,2687,238
Maharashtra,Satara,Satara,Rice,Paddy(Dpr),FAQ,2026-08-14,2372,3019,2696,523
Maharashtra,Satara,Satara,Rice,Swarna,FAQ,2026-08-13,2361,3006,2684,448
Maharashtra,Satara,Satara,Rice,Paddy(Dpr),FAQ,2026-08-12,2398,3052,2725,735
Maharashtra,Satara,Satara,Rice,Basmati,FAQ,2026-08-11,2410,3067,2739,675
Maharashtra,Satara,Satara,Rice,Swarna,FAQ,2026-08-10,2384,3035,2710,425
Maharashtra,Satara,Satara,Rice,Swarna,FAQ,2026-08-09,2378,3027,2703,455
Maharashtra,Satara,Satara,Rice,Basmati,FAQ,2026-08-08,2347,2988,2668,627
Maharashtra,Satara,Satara,Rice,Swarna,FAQ,2026-08-07,2380,3029,2705,466
Maharashtra,Satara,Satara,Rice,Paddy(Dpr),FAQ,2026-08-06,2346,2985,2666,177
Maharashtra,Satara,Satara,Rice,Swarna,FAQ,2026-08-05,2333,2970,2652,659
Maharashtra,Satara,Satara,Rice,Basmati,FAQ,2026-08-04,2329,2964,2647,255
Maharashtra,Satara,Satara,Rice,Swarna,FAQ,2026-08-03,2290,2915,2603,236
Maharashtra,Satara,Satara,Rice,Swarna,FAQ,2026-08-02,2310,2940,2625,167
Maharashtra,Satara,Satara,Rice,Swarna,FAQ,2026-08-01,2280,2903,2592,390
Maharashtra,Satara,Satara,Rice,Swarna,FAQ,2026-07-31,2291,2916,2604,499
Maharashtra,Satara,Satara,Rice,Basmati,FAQ,2026-07-30,2276,2897,2587,385
Maharashtra,Satara,Satara,Rice,Swarna,FAQ,2026-07-29,2272,2891,2582,270
Maharashtra,Satara,Satara,Rice,Swarna,FAQ,2026-07-28,2228,2835,2532,329
Maharashtra,Satara,Satara,Potato,Jyoti,FAQ,2026-08-26,1250,1591,1421,582
Maharashtra,Satara,Satara,Potato,Jyoti,FAQ,2026-08-25,1243,1582,1413,303
Maharashtra,Satara,Satara,Potato,Kufri,FAQ,2026-08-24,1285,1636,1461,144
Maharashtra,Satara,Satara,Potato,Jyoti,FAQ,2026-08-23,1260,1603,1432,729
Maharashtra,Satara,Satara,Potato,Kufri,FAQ,2026-08-22,1298,1653,1476,675
Maharashtra,Satara,Satara,Potato,Kufri,FAQ,2026-08-21,1297,1650,1474,481
Maharashtra,Satara,Satara,Potato,Kufri,FAQ,2026-08-20,1365,1738,1552,672
Maharashtra,Satara,Satara,Potato,Jyoti,FAQ,2026-08-19,1365,1738,1552,618
Maharashtra,Satara,Satara,Potato,Jyoti,FAQ,2026-08-18,1334,1699,1517,301
Maharashtra,Satara,Satara,Potato,Jyoti,FAQ,2026-08-17,1364,1736,1550,571
Maharashtra,Satara,Satara,Potato,Kufri,FAQ,2026-08-16,1373,1748,1561,740
Maharashtra,Satara,Satara,Potato,Jyoti,FAQ,2026-08-15,1428,1817,1623,481
Maharashtra,Satara,Satara,Potato,Kufri,FAQ,2026-08-14,1432,1823,1628,763
Maharashtra,Satara,Satara,Potato,Jyoti,FAQ,2026-08-13,1401,1784,1593,511
Maharashtra,Satara,Satara,Potato,Jyoti,FAQ,2026-08-12,1436,1827,1632,791
Maharashtra,Satara,Satara,Potato,Jyoti,FAQ,2026-08-11,1435,1826,1631,353
Maharashtra,Satara,Satara,Potato,Jyoti,FAQ,2026-08-10,1398,1779,1589,528
Maharashtra,Satara,Satara,Potato,Kufri,FAQ,2026-08-09,1371,1746,1559,574
Maharashtra,Satara,Satara,Potato,Jyoti,FAQ,2026-08-08,1404,1787,1596,521
Maharashtra,Satara,Satara,Potato,Kufri,FAQ,2026-08-07,1400,1783,1592,367
Maharashtra,Satara,Satara,Potato,Kufri,FAQ,2026-08-06,1414,1799,1607,638
Maharashtra,Satara,Satara,Potato,Jyoti,FAQ,2026-08-05,1391,1770,1581,541
Maharashtra,Satara,Satara,Potato,Jyoti,FAQ,2026-08-04,1380,1757,1569,448
Maharashtra,Satara,Satara,Potato,Jyoti,FAQ,2026-08-03,1372,1747,1560,215
Maharashtra,Satara,Satara,Potato,Kufri,FAQ,2026-08-02,1321,1682,1502,535
Maharashtra,Satara,Satara,Potato,Jyoti,FAQ,2026-08-01,1362,1733,1548,213
Maharashtra,Satara,Satara,Potato,Kufri,FAQ,2026-07-31,1288,1639,1464,190
Maharashtra,Satara,Satara,Potato,Jyoti,FAQ,2026-07-30,1267,1612,1440,721
Maharashtra,Satara,Satara,Potato,Jyoti,FAQ,2026-07-29,1293,1646,1470,785
Maharashtra,Satara,Satara,Potato,Jyoti,FAQ,2026-07-28,1219,1552,1386,667
Maharashtra,Satara,Satara,Soyabean,Yellow,FAQ,2026-08-26,3758,4783,4271,209
Maharashtra,Satara,Satara,Soyabean,Yellow,FAQ,2026-08-25,3798,4833,4316,674
Maharashtra,Satara,Satara,Soyabean,JS-335,FAQ,2026-08-24,3849,4898,4374,171
Maharashtra,Satara,Satara,Soyabean,Yellow,FAQ,2026-08-23,3837,4884,4361,625
Maharashtra,Satara,Satara,Soyabean,JS-335,FAQ,2026-08-22,3859,4912,4386,598
Maharashtra,Satara,Satara,Soyabean,JS-335,FAQ,2026-08-21,3883,4942,4413,756
Maharashtra,Satara,Satara,Soyabean,Yellow,FAQ,2026-08-20,3862,4915,4389,541
Maharashtra,Satara,Satara,Soyabean,JS-335,FAQ,2026-08-19,3912,4979,4446,418
Maharashtra,Satara,Satara,Soyabean,JS-335,FAQ,2026-08-18,3932,5005,4469,117
Maharashtra,Satara,Satara,Soyabean,Yellow,FAQ,2026-08-17,3916,4984,4450,562
Maharashtra,Satara,Satara,Soyabean,Yellow,FAQ,2026-08-16,3932,5005,4469,252
Maharashtra,Satara,Satara,Soyabean,Yellow,FAQ,2026-08-15,3947,5024,4486,499
Maharashtra,Satara,Satara,Soyabean,JS-335,FAQ,2026-08-14,3959,5038,4499,358
Maharashtra,Satara,Satara,Soyabean,Yellow,FAQ,2026-08-13,3933,5006,4470,634
Maharashtra,Satara,Satara,Soyabean,JS-335,FAQ,2026-08-12,3966,5047,4507,264
Maharashtra,Satara,Satara,Soyabean,JS-335,FAQ,2026-08-11,3945,5020,4483,182
Maharashtra,Satara,Satara,Soyabean,JS-335,FAQ,2026-08-10,3942,5017,4480,687
Maharashtra,Satara,Satara,Soyabean,Yellow,FAQ,2026-08-09,3943,5018,4481,608
Maharashtra,Satara,Satara,Soyabean,JS-335,FAQ,2026-08-08,3954,5033,4494,322
Maharashtra,Satara,Satara,Soyabean,JS-335,FAQ,2026-08-07,3914,4981,4448,466
Maharashtra,Satara,Satara,Soyabean,Yellow,FAQ,2026-08-06,3915,4982,4449,340
Maharashtra,Satara,Satara,Soyabean,JS-335,FAQ,2026-08-05,3903,4968,4436,475
Maharashtra,Satara,Satara,Soyabean,JS-335,FAQ,2026-08-04,3898,4961,4430,337
Maharashtra,Satara,Satara,Soyabean,Yellow,FAQ,2026-08-03,3939,5014,4477,635
Maharashtra,Satara,Satara,Soyabean,Yellow,FAQ,2026-08-02,3908,4975,4442,364
Maharashtra,Satara,Satara,Soyabean,Yellow,FAQ,2026-08-01,3888,4949,4419,198
Maharashtra,Satara,Satara,Soyabean,JS-335,FAQ,2026-07-31,3851,4902,4377,316
Maharashtra,Satara,Satara,Soyabean,JS-335,FAQ,2026-07-30,3812,4851,4332,768
Maharashtra,Satara,Satara,Soyabean,Yellow,FAQ,2026-07-29,3851,4902,4377,753
Maharashtra,Satara,Satara,Soyabean,JS-335,FAQ,2026-07-28,3839,4886,4363,739
Maharashtra,Satara,Satara,Maize,Hybrid,FAQ,2026-08-26,1634,2079,1857,380
Maharashtra,Satara,Satara,Maize,Hybrid,FAQ,2026-08-25,1659,2112,1886,424
Maharashtra,Satara,Satara,Maize,Yellow,FAQ,2026-08-24,1649,2098,1874,725
Maharashtra,Satara,Satara,Maize,Hybrid,FAQ,2026-08-23,1684,2143,1914,384
Maharashtra,Satara,Satara,Maize,Yellow,FAQ,2026-08-22,1686,2147,1917,430
Maharashtra,Satara,Satara,Maize,Hybrid,FAQ,2026-08-21,1696,2159,1928,396
Maharashtra,Satara,Satara,Maize,Yellow,FAQ,2026-08-20,1766,2247,2007,735
Maharashtra,Satara,Satara,Maize,Yellow,FAQ,2026-08-19,1720,2189,1955,718
Maharashtra,Satara,Satara,Maize,Yellow,FAQ,2026-08-18,1800,2291,2046,188
Maharashtra,Satara,Satara,Maize,Hybrid,FAQ,2026-08-17,1793,2282,2038,277
Maharashtra,Satara,Satara,Maize,Hybrid,FAQ,2026-08-16,1753,2232,1993,752
Maharashtra,Satara,Satara,Maize,Hybrid,FAQ,2026-08-15,1771,2254,2013,271
Maharashtra,Satara,Satara,Maize,Yellow,FAQ,2026-08-14,1789,2276,2033,779
Maharashtra,Satara,Satara,Maize,Yellow,FAQ,2026-08-13,1828,2327,2078,697
Maharashtra,Satara,Satara,Maize,Hybrid,FAQ,2026-08-12,1813,2308,2061,135
Maharashtra,Satara,Satara,Maize,Hybrid,FAQ,2026-08-11,1791,2280,2036,318
Maharashtra,Satara,Satara,Maize,Hybrid,FAQ,2026-08-10,1821,2318,2070,189
Maharashtra,Satara,Satara,Maize,Hybrid,FAQ,2026-08-09,1835,2336,2086,714
Maharashtra,Satara,Satara,Maize,Yellow,FAQ,2026-08-08,1773,2256,2015,397
Maharashtra,Satara,Satara,Maize,Hybrid,FAQ,2026-08-07,1790,2279,2035,795
Maharashtra,Satara,Satara,Maize,Hybrid,FAQ,2026-08-06,1771,2254,2013,426
Maharashtra,Satara,Satara,Maize,Yellow,FAQ,2026-08-05,1785,2272,2029,438
Maharashtra,Satara,Satara,Maize,Hybrid,FAQ,2026-08-04,1765,2246,2006,345
Maharashtra,Satara,Satara,Maize,Yellow,FAQ,2026-08-03,1788,2275,2032,218
Maharashtra,Satara,Satara,Maize,Yellow,FAQ,2026-08-02,1753,2232,1993,261
Maharashtra,Satara,Satara,Maize,Yellow,FAQ,2026-08-01,1723,2194,1959,465
Maharashtra,Satara,Satara,Maize,Yellow,FAQ,2026-07-31,1719,2188,1954,137
Maharashtra,Satara,Satara,Maize,Yellow,FAQ,2026-07-30,1723,2192,1958,474
Maharashtra,Satara,Satara,Maize,Hybrid,FAQ,2026-07-29,1703,2168,1936,739
Maharashtra,Satara,Satara,Maize,Hybrid,FAQ,2026-07-28,1616,2057,1837,438
Maharashtra,Satara,Satara,Cotton,Medium Staple,FAQ,2026-08-26,5716,7275,6496,283
Maharashtra,Satara,Satara,Cotton,Medium Staple,FAQ,2026-08-25,5738,7303,6521,302
Maharashtra,Satara,Satara,Cotton,Medium Staple,FAQ,2026-08-24,5753,7322,6538,301
Maharashtra,Satara,Satara,Cotton,Medium Staple,FAQ,2026-08-23,5816,7403,6610,357
Maharashtra,Satara,Satara,Cotton,Medium Staple,FAQ,2026-08-22,5820,7407,6614,670
Maharashtra,Satara,Satara,Cotton,Medium Staple,FAQ,2026-08-21,5832,7423,6628,702
Maharashtra,Satara,Satara,Cotton,Medium Staple,FAQ,2026-08-20,5844,7437,6641,731
Maharashtra,Satara,Satara,Cotton,Medium Staple,FAQ,2026-08-19,5827,7416,6622,475
Maharashtra,Satara,Satara,Cotton,Medium Staple,FAQ,2026-08-18,5854,7451,6653,762
Maharashtra,Satara,Satara,Cotton,Medium Staple,FAQ,2026-08-17,5880,7483,6682,482
Maharashtra,Satara,Satara,Cotton,Medium Staple,FAQ,2026-08-16,5844,7439,6642,186
Maharashtra,Satara,Satara,Cotton,Medium Staple,FAQ,2026-08-15,5897,7506,6702,613
Maharashtra,Satara,Satara,Cotton,Medium Staple,FAQ,2026-08-14,5874,7476,6675,184
Maharashtra,Satara,Satara,Cotton,Medium Staple,FAQ,2026-08-13,5859,7458,6659,126
Maharashtra,Satara,Satara,Cotton,Medium Staple,FAQ,2026-08-12,5905,7516,6711,774
Maharashtra,Satara,Satara,Cotton,Medium Staple,FAQ,2026-08-11,5867,7468,6668,322
Maharashtra,Satara,Satara,Cotton,Medium Staple,FAQ,2026-08-10,5872,7473,6673,130
Maharashtra,Satara,Satara,Cotton,Medium Staple,FAQ,2026-08-09,5880,7483,6682,241
Maharashtra,Satara,Satara,Cotton,Medium Staple,FAQ,2026-08-08,5882,7487,6685,410
Maharashtra,Satara,Satara,Cotton,Medium Staple,FAQ,2026-08-07,5884,7489,6687,570
Maharashtra,Satara,Satara,Cotton,Medium Staple,FAQ,2026-08-06,5884,7489,6687,576
Maharashtra,Satara,Satara,Cotton,Medium Staple,FAQ,2026-08-05,5878,7481,6680,360
Maharashtra,Satara,Satara,Cotton,Medium Staple,FAQ,2026-08-04,5837,7430,6634,635
Maharashtra,Satara,Satara,Cotton,Medium Staple,FAQ,2026-08-03,5866,7467,6667,351
Maharashtra,Satara,Satara,Cotton,Medium Staple,FAQ,2026-08-02,5811,7396,6604,655
Maharashtra,Satara,Satara,Cotton,Medium Staple,FAQ,2026-08-01,5820,7407,6614,795
Maharashtra,Satara,Satara,Cotton,Medium Staple,FAQ,2026-07-31,5780,7357,6569,102
Maharashtra,Satara,Satara,Cotton,Medium Staple,FAQ,2026-07-30,5748,7315,6532,631
Maharashtra,Satara,Satara,Cotton,Medium Staple,FAQ,2026-07-29,5797,7378,6588,736
Maharashtra,Satara,Satara,Cotton,Medium Staple,FAQ,2026-07-28,5735,7300,6518,768
Maharashtra,Satara,Satara,Sugarcane,Co-86032,FAQ,2026-08-26,264,336,300,249
Maharashtra,Satara,Satara,Sugarcane,Co-86032,FAQ,2026-08-25,264,336,300,381
Maharashtra,Satara,Satara,Sugarcane,Co-86032,FAQ,2026-08-24,264,336,300,245
Maharashtra,Satara,Satara,Sugarcane,Co-86032,FAQ,2026-08-23,289,368,329,790
Maharashtra,Satara,Satara,Sugarcane,Co-86032,FAQ,2026-08-22,270,343,307,530
Maharashtra,Satara,Satara,Sugarcane,Co-86032,FAQ,2026-08-21,314,399,357,146
Maharashtra,Satara,Satara,Sugarcane,Co-86032,FAQ,2026-08-20,332,423,378,172
Maharashtra,Satara,Satara,Sugarcane,Co-86032,FAQ,2026-08-19,292,371,332,229
Maharashtra,Satara,Satara,Sugarcane,Co-86032,FAQ,2026-08-18,365,464,415,323
Maharashtra,Satara,Satara,Sugarcane,Co-86032,FAQ,2026-08-17,308,392,350,768
Maharashtra,Satara,Satara,Sugarcane,Co-86032,FAQ,2026-08-16,328,417,373,676
Maharashtra,Satara,Satara,Sugarcane,Co-86032,FAQ,2026-08-15,336,427,382,727
Maharashtra,Satara,Satara,Sugarcane,Co-86032,FAQ,2026-08-14,385,490,438,721
Maharashtra,Satara,Satara,Sugarcane,Co-86032,FAQ,2026-08-13,396,504,450,284
Maharashtra,Satara,Satara,Sugarcane,Co-86032,FAQ,2026-08-12,372,473,423,210
Maharashtra,Satara,Satara,Sugarcane,Co-86032,FAQ,2026-08-11,341,434,388,132
Maharashtra,Satara,Satara,Sugarcane,Co-86032,FAQ,2026-08-10,355,452,404,237
Maharashtra,Satara,Satara,Sugarcane,Co-86032,FAQ,2026-08-09,388,495,442,458
Maharashtra,Satara,Satara,Sugarcane,Co-86032,FAQ,2026-08-08,383,488,436,242
Maharashtra,Satara,Satara,Sugarcane,Co-86032,FAQ,2026-08-07,363,462,413,301
Maharashtra,Satara,Satara,Sugarcane,Co-86032,FAQ,2026-08-06,318,405,362,753
Maharashtra,Satara,Satara,Sugarcane,Co-86032,FAQ,2026-08-05,352,449,401,777
Maharashtra,Satara,Satara,Sugarcane,Co-86032,FAQ,2026-08-04,309,394,352,784
Maharashtra,Satara,Satara,Sugarcane,Co-86032,FAQ,2026-08-03,299,380,340,786
Maharashtra,Satara,Satara,Sugarcane,Co-86032,FAQ,2026-08-02,289,368,329,750
Maharashtra,Satara,Satara,Sugarcane,Co-86032,FAQ,2026-08-01,322,411,367,368
Maharashtra,Satara,Satara,Sugarcane,Co-86032,FAQ,2026-07-31,264,336,300,705
Maharashtra,Satara,Satara,Sugarcane,Co-86032,FAQ,2026-07-30,264,336,300,788
Maharashtra,Satara,Satara,Sugarcane,Co-86032,FAQ,2026-07-29,264,336,300,652
Maharashtra,Satara,Satara,Sugarcane,Co-86032,FAQ,2026-07-28,264,336,300,485
Maharashtra,Satara,Satara,Mustard,Yellow,FAQ,2026-08-26,4713,5998,5356,272
Maharashtra,Satara,Satara,Mustard,Black,FAQ,2026-08-25,4718,6005,5362,408
Maharashtra,Satara,Satara,Mustard,Yellow,FAQ,2026-08-24,4750,6045,5398,406
Maharashtra,Satara,Satara,Mustard,Yellow,FAQ,2026-08-23,4737,6028,5383,326
Maharashtra,Satara,Satara,Mustard,Yellow,FAQ,2026-08-22,4814,6127,5471,369
Maharashtra,Satara,Satara,Mustard,Yellow,FAQ,2026-08-21,4783,6088,5436,338
Maharashtra,Satara,Satara,Mustard,Yellow,FAQ,2026-08-20,4785,6090,5438,799
Maharashtra,Satara,Satara,Mustard,Yellow,FAQ,2026-08-19,4847,6170,5509,166
Maharashtra,Satara,Satara,Mustard,Yellow,FAQ,2026-08-18,4875,6204,5540,135
Maharashtra,Satara,Satara,Mustard,Yellow,FAQ,2026-08-17,4845,6166,5506,370
Maharashtra,Satara,Satara,Mustard,Black,FAQ,2026-08-16,4882,6213,5548,335
Maharashtra,Satara,Satara,Mustard,Yellow,FAQ,2026-08-15,4893,6228,5561,344
Maharashtra,Satara,Satara,Mustard,Yellow,FAQ,2026-08-14,4869,6196,5533,496
Maharashtra,Satara,Satara,Mustard,Black,FAQ,2026-08-13,4872,6201,5537,791
Maharashtra,Satara,Satara,Mustard,Yellow,FAQ,2026-08-12,4913,6254,5584,241
Maharashtra,Satara,Satara,Mustard,Yellow,FAQ,2026-08-11,4875,6204,5540,632
Maharashtra,Satara,Satara,Mustard,Black,FAQ,2026-08-10,4910,6249,5580,613
Maharashtra,Satara,Satara,Mustard,Black,FAQ,2026-08-09,4864,6191,5528,261
Maharashtra,Satara,Satara,Mustard,Yellow,FAQ,2026-08-08,4900,6237,5569,209
Maharashtra,Satara,Satara,Mustard,Black,FAQ,2026-08-07,4845,6166,5506,535
Maharashtra,Satara,Satara,Mustard,Black,FAQ,2026-08-06,4846,6167,5507,607
Maharashtra,Satara,Satara,Mustard,Yellow,FAQ,2026-08-05,4844,6165,5505,791
Maharashtra,Satara,Satara,Mustard,Black,FAQ,2026-08-04,4852,6175,5514,663
Maharashtra,Satara,Satara,Mustard,Black,FAQ,2026-08-03,4849,6172,5511,589
Maharashtra,Satara,Satara,Mustard,Black,FAQ,2026-08-02,4824,6139,5482,333
Maharashtra,Satara,Satara,Mustard,Yellow,FAQ,2026-08-01,4790,6097,5444,509
Maharashtra,Satara,Satara,Mustard,Yellow,FAQ,2026-07-31,4790,6097,5444,235
Maharashtra,Satara,Satara,Mustard,Yellow,FAQ,2026-07-30,4760,6059,5410,657
Maharashtra,Satara,Satara,Mustard,Black,FAQ,2026-07-29,4749,6044,5397,561
Maharashtra,Satara,Satara,Mustard,Black,FAQ,2026-07-28,4761,6060,5411,168
Maharashtra,Satara,Satara,Grapes,Thompson Seedless,FAQ,2026-08-26,4312,5488,4900,174
Maharashtra,Satara,Satara,Grapes,Thompson Seedless,FAQ,2026-08-25,4362,5551,4957,608
Maharashtra,Satara,Satara,Grapes,Thompson Seedless,FAQ,2026-08-24,4348,5535,4942,694
Maharashtra,Satara,Satara,Grapes,Thompson Seedless,FAQ,2026-08-23,4347,5532,4940,615
Maharashtra,Satara,Satara,Grapes,Thompson Seedless,FAQ,2026-08-22,4427,5634,5031,104
Maharashtra,Satara,Satara,Grapes,Thompson Seedless,FAQ,2026-08-21,4427,5634,5031,791
Maharashtra,Satara,Satara,Grapes,Thompson Seedless,FAQ,2026-08-20,4435,5644,5040,250
Maharashtra,Satara,Satara,Grapes,Thompson Seedless,FAQ,2026-08-19,4465,5682,5074,642
Maharashtra,Satara,Satara,Grapes,Thompson Seedless,FAQ,2026-08-18,4461,5678,5070,701
Maharashtra,Satara,Satara,Grapes,Thompson Seedless,FAQ,2026-08-17,4481,5704,5093,297
Maharashtra,Satara,Satara,Grapes,Thompson Seedless,FAQ,2026-08-16,4469,5688,5079,301
Maharashtra,Satara,Satara,Grapes,Thompson Seedless,FAQ,2026-08-15,4443,5654,5049,599
Maharashtra,Satara,Satara,Grapes,Thompson Seedless,FAQ,2026-08-14,4468,5687,5078,419
Maharashtra,Satara,Satara,Grapes,Thompson Seedless,FAQ,2026-08-13,4519,5752,5136,759
Maharashtra,Satara,Satara,Grapes,Thompson Seedless,FAQ,2026-08-12,4489,5714,5102,473
Maharashtra,Satara,Satara,Grapes,Thompson Seedless,FAQ,2026-08-11,4483,5706,5095,113
Maharashtra,Satara,Satara,Grapes,Thompson Seedless,FAQ,2026-08-10,4502,5729,5116,646
Maharashtra,Satara,Satara,Grapes,Thompson Seedless,FAQ,2026-08-09,4474,5695,5085,277
Maharashtra,Satara,Satara,Grapes,Thompson Seedless,FAQ,2026-08-08,4451,5664,5058,497
Maharashtra,Satara,Satara,Grapes,Thompson Seedless,FAQ,2026-08-07,4447,5660,5054,742
Maharashtra,Satara,Satara,Grapes,Thompson Seedless,FAQ,2026-08-06,4442,5653,5048,585
Maharashtra,Satara,Satara,Grapes,Thompson Seedless,FAQ,2026-08-05,4429,5636,5033,576
Maharashtra,Satara,Satara,Grapes,Thompson Seedless,FAQ,2026-08-04,4462,5679,5071,637
Maharashtra,Satara,Satara,Grapes,Thompson Seedless,FAQ,2026-08-03,4469,5688,5079,733
Maharashtra,Satara,Satara,Grapes,Thompson Seedless,FAQ,2026-08-02,4454,5669,5062,215
Maharashtra,Satara,Satara,Grapes,Thompson Seedless,FAQ,2026-08-01,4405,5606,5006,123
Maharashtra,Satara,Satara,Grapes,Thompson Seedless,FAQ,2026-07-31,4427,5634,5031,384
Maharashtra,Satara,Satara,Grapes,Thompson Seedless,FAQ,2026-07-30,4386,5583,4985,632
Maharashtra,Satara,Satara,Grapes,Thompson Seedless,FAQ,2026-07-29,4320,5499,4910,749
Maharashtra,Satara,Satara,Grapes,Thompson Seedless,FAQ,2026-07-28,4348,5533,4941,227
Maharashtra,Satara,Satara,Pomegranate,Bhagwa,FAQ,2026-08-26,5653,7194,6424,331
Maharashtra,Satara,Satara,Pomegranate,Bhagwa,FAQ,2026-08-25,5621,7154,6388,614
Maharashtra,Satara,Satara,Pomegranate,Bhagwa,FAQ,2026-08-24,5658,7201,6430,772
Maharashtra,Satara,Satara,Pomegranate,Bhagwa,FAQ,2026-08-23,5719,7278,6499,792
Maharashtra,Satara,Satara,Pomegranate,Bhagwa,FAQ,2026-08-22,5682,7231,6457,697
Maharashtra,Satara,Satara,Pomegranate,Bhagwa,FAQ,2026-08-21,5725,7286,6506,417
Maharashtra,Satara,Satara,Pomegranate,Bhagwa,FAQ,2026-08-20,5760,7331,6546,213
Maharashtra,Satara,Satara,Pomegranate,Bhagwa,FAQ,2026-08-19,5732,7295,6514,457
Maharashtra,Satara,Satara,Pomegranate,Bhagwa,FAQ,2026-08-18,5774,7349,6562,677
Maharashtra,Satara,Satara,Pomegranate,Bhagwa,FAQ,2026-08-17,5753,7322,6538,577
Maharashtra,Satara,Satara,Pomegranate,Bhagwa,FAQ,2026-08-16,5779,7356,6568,710
Maharashtra,Satara,Satara,Pomegranate,Bhagwa,FAQ,2026-08-15,5788,7367,6578,730
Maharashtra,Satara,Satara,Pomegranate,Bhagwa,FAQ,2026-08-14,5766,7339,6553,514
Maharashtra,Satara,Satara,Pomegranate,Bhagwa,FAQ,2026-08-13,5809,7394,6602,349
Maharashtra,Satara,Satara,Pomegranate,Bhagwa,FAQ,2026-08-12,5795,7376,6586,297
Maharashtra,Satara,Satara,Pomegranate,Bhagwa,FAQ,2026-08-11,5837,7430,6634,499
Maharashtra,Satara,Satara,Pomegranate,Bhagwa,FAQ,2026-08-10,5842,7435,6639,586
Maharashtra,Satara,Satara,Pomegranate,Bhagwa,FAQ,2026-08-09,5838,7431,6635,333
Maharashtra,Satara,Satara,Pomegranate,Bhagwa,FAQ,2026-08-08,5771,7346,6559,104
Maharashtra,Satara,Satara,Pomegranate,Bhagwa,FAQ,2026-08-07,5822,7409,6616,282
Maharashtra,Satara,Satara,Pomegranate,Bhagwa,FAQ,2026-08-06,5791,7370,6581,312
Maharashtra,Satara,Satara,Pomegranate,Bhagwa,FAQ,2026-08-05,5779,7356,6568,568
Maharashtra,Satara,Satara,Pomegranate,Bhagwa,FAQ,2026-08-04,5802,7385,6594,701
Maharashtra,Satara,Satara,Pomegranate,Bhagwa,FAQ,2026-08-03,5785,7362,6574,615
Maharashtra,Satara,Satara,Pomegranate,Bhagwa,FAQ,2026-08-02,5769,7342,6556,558
Maharashtra,Satara,Satara,Pomegranate,Bhagwa,FAQ,2026-08-01,5703,7258,6481,173
Maharashtra,Satara,Satara,Pomegranate,Bhagwa,FAQ,2026-07-31,5735,7300,6518,697
Maharashtra,Satara,Satara,Pomegranate,Bhagwa,FAQ,2026-07-30,5667,7212,6440,320
Maharashtra,Satara,Satara,Pomegranate,Bhagwa,FAQ,2026-07-29,5651,7192,6422,245
Maharashtra,Satara,Satara,Pomegranate,Bhagwa,FAQ,2026-07-28,5685,7236,6461,431
Maharashtra,Satara,Karad,Tomato,Vaishali,FAQ,2026-08-26,1847,2350,2099,229
Maharashtra,Satara,Karad,Tomato,Hybrid,FAQ,2026-08-25,1892,2409,2151,480
Maharashtra,Satara,Karad,Tomato,Vaishali,FAQ,2026-08-24,1919,2442,2181,401
Maharashtra,Satara,Karad,Tomato,Vaishali,FAQ,2026-08-23,1943,2472,2208,534
Maharashtra,Satara,Karad,Tomato,Hybrid,FAQ,2026-08-22,1904,2423,2164,323
Maharashtra,Satara,Karad,Tomato,Local,FAQ,2026-08-21,1948,2479,2214,213
Maharashtra,Satara,Karad,Tomato,Hybrid,FAQ,2026-08-20,1946,2477,2212,357
Maharashtra,Satara,Karad,Tomato,Local,FAQ,2026-08-19,1966,2503,2235,644
Maharashtra,Satara,Karad,Tomato,Hybrid,FAQ,2026-08-18,1977,2516,2247,184
Maharashtra,Satara,Karad,Tomato,Hybrid,FAQ,2026-08-17,2028,2581,2305,372
Maharashtra,Satara,Karad,Tomato,Local,FAQ,2026-08-16,1987,2530,2259,380
Maharashtra,Satara,Karad,Tomato,Vaishali,FAQ,2026-08-15,2030,2583,2307,447
Maharashtra,Satara,Karad,Tomato,Hybrid,FAQ,2026-08-14,2046,2605,2326,612
Maharashtra,Satara,Karad,Tomato,Vaishali,FAQ,2026-08-13,2025,2578,2302,601
Maharashtra,Satara,Karad,Tomato,Hybrid,FAQ,2026-08-12,2031,2584,2308,308
Maharashtra,Satara,Karad,Tomato,Vaishali,FAQ,2026-08-11,2025,2578,2302,314
Maharashtra,Satara,Karad,Tomato,Hybrid,FAQ,2026-08-10,2024,2576,2300,326
Maharashtra,Satara,Karad,Tomato,Vaishali,FAQ,2026-08-09,2004,2551,2278,323
Maharashtra,Satara,Karad,Tomato,Hybrid,FAQ,2026-08-08,2042,2599,2321,631
Maharashtra,Satara,Karad,Tomato,Vaishali,FAQ,2026-08-07,2011,2560,2286,408
Maharashtra,Satara,Karad,Tomato,Vaishali,FAQ,2026-08-06,1981,2522,2252,515
Maharashtra,Satara,Karad,Tomato,Vaishali,FAQ,2026-08-05,1967,2504,2236,390
Maharashtra,Satara,Karad,Tomato,Hybrid,FAQ,2026-08-04,1975,2514,2245,213
Maharashtra,Satara,Karad,Tomato,Local,FAQ,2026-08-03,1992,2535,2264,180
Maharashtra,Satara,Karad,Tomato,Hybrid,FAQ,2026-08-02,1937,2466,2202,577
Maharashtra,Satara,Karad,Tomato,Hybrid,FAQ,2026-08-01,1958,2492,2225,766
Maharashtra,Satara,Karad,Tomato,Hybrid,FAQ,2026-07-31,1941,2470,2206,794
Maharashtra,Satara,Karad,Tomato,Hybrid,FAQ,2026-07-30,1885,2400,2143,151
Maharashtra,Satara,Karad,Tomato,Hybrid,FAQ,2026-07-29,1877,2388,2133,724
Maharashtra,Satara,Karad,Tomato,Vaishali,FAQ,2026-07-28,1848,2353,2101,788
Maharashtra,Satara,Karad,Onion,White,FAQ,2026-08-26,1543,1964,1754,697
Maharashtra,Satara,Karad,Onion,White,FAQ,2026-08-25,1574,2003,1789,715
Maharashtra,Satara,Karad,Onion,Garwa,FAQ,2026-08-24,1573,2002,1788,493
Maharashtra,Satara,Karad,Onion,Garwa,FAQ,2026-08-23,1614,2055,1835,644
Maharashtra,Satara,Karad,Onion,Red,FAQ,2026-08-22,1602,2039,1821,253
Maharashtra,Satara,Karad,Onion,White,FAQ,2026-08-21,1603,2040,1822,442
Maharashtra,Satara,Karad,Onion,Garwa,FAQ,2026-08-20,1661,2114,1888,270
Maharashtra,Satara,Karad,Onion,Red,FAQ,2026-08-19,1677,2134,1906,521
Maharashtra,Satara,Karad,Onion,Red,FAQ,2026-08-18,1695,2158,1927,109
Maharashtra,Satara,Karad,Onion,Garwa,FAQ,2026-08-17,1699,2162,1931,198
Maharashtra,Satara,Karad,Onion,Garwa,FAQ,2026-08-16,1687,2148,1918,660
Maharashtra,Satara,Karad,Onion,Red,FAQ,2026-08-15,1670,2125,1898,237
Maharashtra,Satara,Karad,Onion,Garwa,FAQ,2026-08-14,1734,2207,1971,707
Maharashtra,Satara,Karad,Onion,Garwa,FAQ,2026-08-13,1718,2187,1953,783
Maharashtra,Satara,Karad,Onion,White,FAQ,2026-08-12,1715,2182,1949,675
Maharashtra,Satara,Karad,Onion,Red,FAQ,2026-08-11,1727,2198,1963,505
Maharashtra,Satara,Karad,Onion,Garwa,FAQ,2026-08-10,1747,2224,1986,742
Maharashtra,Satara,Karad,Onion,White,FAQ,2026-08-09,1685,2144,1915,602
Maharashtra,Satara,Karad,Onion,Garwa,FAQ,2026-08-08,1682,2141,1912,228
Maharashtra,Satara,Karad,Onion,Garwa,FAQ,2026-08-07,1682,2141,1912,198
Maharashtra,Satara,Karad,Onion,White,FAQ,2026-08-06,1676,2133,1905,685
Maharashtra,Satara,Karad,Onion,Garwa,FAQ,2026-08-05,1709,2176,1943,507
Maharashtra,Satara,Karad,Onion,White,FAQ,2026-08-04,1684,2143,1914,277
Maharashtra,Satara,Karad,Onion,Garwa,FAQ,2026-08-03,1650,2100,1875,692
Maharashtra,Satara,Karad,Onion,Red,FAQ,2026-08-02,1664,2117,1891,501
Maharashtra,Satara,Karad,Onion,White,FAQ,2026-08-01,1621,2064,1843,568
Maharashtra,Satara,Karad,Onion,Garwa,FAQ,2026-07-31,1621,2064,1843,410
Maharashtra,Satara,Karad,Onion,Red,FAQ,2026-07-30,1598,2035,1817,314
Maharashtra,Satara,Karad,Onion,Garwa,FAQ,2026-07-29,1549,1972,1761,197
Maharashtra,Satara,Karad,Onion,White,FAQ,2026-07-28,1544,1965,1755,576
Maharashtra,Satara,Karad,Wheat,Lok-1,FAQ,2026-08-26,2065,2628,2347,315
Maharashtra,Satara,Karad,Wheat,Lok-1,FAQ,2026-08-25,2075,2640,2358,455
Maharashtra,Satara,Karad,Wheat,Lok-1,FAQ,2026-08-24,2117,2694,2406,130
Maharashtra,Satara,Karad,Wheat,Lok-1,FAQ,2026-08-23,2159,2748,2454,758
Maharashtra,Satara,Karad,Wheat,Lok-1,FAQ,2026-08-22,2140,2723,2432,188
Maharashtra,Satara,Karad,Wheat,FAQ,FAQ,2026-08-21,2148,2733,2441,255
Maharashtra,Satara,Karad,Wheat,Lok-1,FAQ,2026-08-20,2159,2748,2454,781
Maharashtra,Satara,Karad,Wheat,Sharbati,FAQ,2026-08-19,2190,2787,2489,700
Maharashtra,Satara,Karad,Wheat,Sharbati,FAQ,2026-08-18,2236,2845,2541,286
Maharashtra,Satara,Karad,Wheat,FAQ,FAQ,2026-08-17,2228,2835,2532,254
Maharashtra,Satara,Karad,Wheat,Sharbati,FAQ,2026-08-16,2229,2836,2533,629
Maharashtra,Satara,Karad,Wheat,FAQ,FAQ,2026-08-15,2235,2844,2540,369
Maharashtra,Satara,Karad,Wheat,Sharbati,FAQ,2026-08-14,2254,2869,2562,686
Maharashtra,Satara,Karad,Wheat,Lok-1,FAQ,2026-08-13,2240,2851,2546,366
Maharashtra,Satara,Karad,Wheat,FAQ,FAQ,2026-08-12,2240,2851,2546,398
Maharashtra,Satara,Karad,Wheat,Sharbati,FAQ,2026-08-11,2251,2864,2558,508
Maharashtra,Satara,Karad,Wheat,FAQ,FAQ,2026-08-10,2209,2812,2511,600
Maharashtra,Satara,Karad,Wheat,Lok-1,FAQ,2026-08-09,2236,2847,2542,662
Maharashtra,Satara,Karad,Wheat,Sharbati,FAQ,2026-08-08,2214,2819,2517,612
Maharashtra,Satara,Karad,Wheat,FAQ,FAQ,2026-08-07,2238,2849,2544,170
Maharashtra,Satara,Karad,Wheat,Lok-1,FAQ,2026-08-06,2229,2836,2533,631
Maharashtra,Satara,Karad,Wheat,FAQ,FAQ,2026-08-05,2207,2810,2509,712
Maharashtra,Satara,Karad,Wheat,Sharbati,FAQ,2026-08-04,2183,2778,2481,149
Maharashtra,Satara,Karad,Wheat,FAQ,FAQ,2026-08-03,2218,2823,2521,675
Maharashtra,Satara,Karad,Wheat,Sharbati,FAQ,2026-08-02,2178,2773,2476,285
Maharashtra,Satara,Karad,Wheat,Lok-1,FAQ,2026-08-01,2148,2733,2441,232
Maharashtra,Satara,Karad,Wheat,Lok-1,FAQ,2026-07-31,2162,2751,2457,702
Maharashtra,Satara,Karad,Wheat,Lok-1,FAQ,2026-07-30,2108,2683,2396,472
Maharashtra,Satara,Karad,Wheat,Lok-1,FAQ,2026-07-29,2097,2670,2384,533
Maharashtra,Satara,Karad,Wheat,Sharbati,FAQ,2026-07-28,2103,2676,2390,612
Maharashtra,Satara,Karad,Rice,Paddy(Dpr),FAQ,2026-08-26,2228,2835,2532,398
Maharashtra,Satara,Karad,Rice,Basmati,FAQ,2026-08-25,2252,2867,2560,534
Maharashtra,Satara,Karad,Rice,Paddy(Dpr),FAQ,2026-08-24,2234,2843,2539,360
Maharashtra,Satara,Karad,Rice,Swarna,FAQ,2026-08-23,2291,2916,2604,716
Maharashtra,Satara,Karad,Rice,Paddy(Dpr),FAQ,2026-08-22,2284,2907,2596,362
Maharashtra,Satara,Karad,Rice,Swarna,FAQ,2026-08-21,2316,2947,2632,151
Maharashtra,Satara,Karad,Rice,Paddy(Dpr),FAQ,2026-08-20,2338,2975,2657,490
Maharashtra,Satara,Karad,Rice,Paddy(Dpr),FAQ,2026-08-19,2312,2943,2628,702
Maharashtra,Satara,Karad,Rice,Basmati,FAQ,2026-08-18,2346,2985,2666,471
Maharashtra,Satara,Karad,Rice,Paddy(Dpr),FAQ,2026-08-17,2334,2971,2653,650
Maharashtra,Satara,Karad,Rice,Paddy(Dpr),FAQ,2026-08-16,2350,2991,2671,669
Maharashtra,Satara,Karad,Rice,Paddy(Dpr),FAQ,2026-08-15,2385,3036,2711,361
Maharashtra,Satara,Karad,Rice,Paddy(Dpr),FAQ,2026-08-14,2394,3047,2721,629
Maharashtra,Satara,Karad,Rice,Paddy(Dpr),FAQ,2026-08-13,2390,3043,2717,448
Maharashtra,Satara,Karad,Rice,Basmati,FAQ,2026-08-12,2359,3002,2681,103
Maharashtra,Satara,Karad,Rice,Basmati,FAQ,2026-08-11,2382,3031,2707,507
Maharashtra,Satara,Karad,Rice,Basmati,FAQ,2026-08-10,2397,3050,2724,792
Maharashtra,Satara,Karad,Rice,Basmati,FAQ,2026-08-09,2395,3048,2722,275
Maharashtra,Satara,Karad,Rice,Swarna,FAQ,2026-08-08,2366,3011,2689,754
Maharashtra,Satara,Karad,Rice,Paddy(Dpr),FAQ,2026-08-07,2375,3022,2699,682
Maharashtra,Satara,Karad,Rice,Swarna,FAQ,2026-08-06,2380,3029,2705,395
Maharashtra,Satara,Karad,Rice,Basmati,FAQ,2026-08-05,2356,2999,2678,777
Maharashtra,Satara,Karad,Rice,Basmati,FAQ,2026-08-04,2313,2944,2629,236
Maharashtra,Satara,Karad,Rice,Basmati,FAQ,2026-08-03,2341,2980,2661,775
Maharashtra,Satara,Karad,Rice,Paddy(Dpr),FAQ,2026-08-02,2316,2947,2632,626
Maharashtra,Satara,Karad,Rice,Swarna,FAQ,2026-08-01,2271,2890,2581,180
Maharashtra,Satara,Karad,Rice,Paddy(Dpr),FAQ,2026-07-31,2275,2896,2586,582
Maharashtra,Satara,Karad,Rice,Basmati,FAQ,2026-07-30,2294,2919,2607,139
Maharashtra,Satara,Karad,Rice,Paddy(Dpr),FAQ,2026-07-29,2271,2890,2581,547
Maharashtra,Satara,Karad,Rice,Paddy(Dpr),FAQ,2026-07-28,2209,2812,2511,155
Maharashtra,Satara,Karad,Potato,Kufri,FAQ,2026-08-26,1243,1582,1413,250
Maharashtra,Satara,Karad,Potato,Kufri,FAQ,2026-08-25,1244,1583,1414,712
Maharashtra,Satara,Karad,Potato,Jyoti,FAQ,2026-08-24,1267,1612,1440,666
Maharashtra,Satara,Karad,Potato,Kufri,FAQ,2026-08-23,1261,1606,1434,577
Maharashtra,Satara,Karad,Potato,Kufri,FAQ,2026-08-22,1297,1650,1474,722
Maharashtra,Satara,Karad,Potato,Kufri,FAQ,2026-08-21,1329,1692,1511,337
Maharashtra,Satara,Karad,Potato,Jyoti,FAQ,2026-08-20,1360,1731,1546,406
Maharashtra,Satara,Karad,Potato,Jyoti,FAQ,2026-08-19,1328,1691,1510,275
Maharashtra,Satara,Karad,Potato,Kufri,FAQ,2026-08-18,1384,1761,1573,408
Maharashtra,Satara,Karad,Potato,Jyoti,FAQ,2026-08-17,1414,1799,1607,330
Maharashtra,Satara,Karad,Potato,Kufri,FAQ,2026-08-16,1415,1802,1609,216
Maharashtra,Satara,Karad,Potato,Jyoti,FAQ,2026-08-15,1371,1744,1558,161
Maharashtra,Satara,Karad,Potato,Kufri,FAQ,2026-08-14,1410,1795,1603,459
Maharashtra,Satara,Karad,Potato,Jyoti,FAQ,2026-08-13,1369,1742,1556,760
Maharashtra,Satara,Karad,Potato,Jyoti,FAQ,2026-08-12,1379,1756,1568,721
Maharashtra,Satara,Karad,Potato,Kufri,FAQ,2026-08-11,1413,1798,1606,243
Maharashtra,Satara,Karad,Potato,Kufri,FAQ,2026-08-10,1402,1785,1594,580
Maharashtra,Satara,Karad,Potato,Jyoti,FAQ,2026-08-09,1430,1820,1625,311
Maharashtra,Satara,Karad,Potato,Kufri,FAQ,2026-08-08,1408,1793,1601,327
Maharashtra,Satara,Karad,Potato,Jyoti,FAQ,2026-08-07,1404,1787,1596,729
Maharashtra,Satara,Karad,Potato,Jyoti,FAQ,2026-08-06,1377,1752,1565,530
Maharashtra,Satara,Karad,Potato,Kufri,FAQ,2026-08-05,1405,1788,1597,526
Maharashtra,Satara,Karad,Potato,Kufri,FAQ,2026-08-04,1400,1783,1592,459
Maharashtra,Satara,Karad,Potato,Kufri,FAQ,2026-08-03,1378,1753,1566,444
Maharashtra,Satara,Karad,Potato,Kufri,FAQ,2026-08-02,1379,1756,1568,544
Maharashtra,Satara,Karad,Potato,Jyoti,FAQ,2026-08-01,1356,1727,1542,654
Maharashtra,Satara,Karad,Potato,Jyoti,FAQ,2026-07-31,1312,1671,1492,504
Maharashtra,Satara,Karad,Potato,Jyoti,FAQ,2026-07-30,1312,1671,1492,605
Maharashtra,Satara,Karad,Potato,Jyoti,FAQ,2026-07-29,1309,1666,1488,555
Maharashtra,Satara,Karad,Potato,Jyoti,FAQ,2026-07-28,1271,1618,1445,709
Maharashtra,Satara,Karad,Soyabean,Yellow,FAQ,2026-08-26,3764,4791,4278,782
Maharashtra,Satara,Karad,Soyabean,JS-335,FAQ,2026-08-25,3803,4840,4322,489
Maharashtra,Satara,Karad,Soyabean,Yellow,FAQ,2026-08-24,3854,4905,4380,327
Maharashtra,Satara,Karad,Soyabean,JS-335,FAQ,2026-08-23,3842,4889,4366,781
Maharashtra,Satara,Karad,Soyabean,Yellow,FAQ,2026-08-22,3900,4963,4432,639
Maharashtra,Satara,Karad,Soyabean,Yellow,FAQ,2026-08-21,3902,4967,4435,733
Maharashtra,Satara,Karad,Soyabean,JS-335,FAQ,2026-08-20,3875,4932,4404,557
Maharashtra,Satara,Karad,Soyabean,JS-335,FAQ,2026-08-19,3889,4950,4420,235
Maharashtra,Satara,Karad,Soyabean,Yellow,FAQ,2026-08-18,3889,4950,4420,386
Maharashtra,Satara,Karad,Soyabean,Yellow,FAQ,2026-08-17,3901,4964,4433,250
Maharashtra,Satara,Karad,Soyabean,Yellow,FAQ,2026-08-16,3952,5031,4492,525
Maharashtra,Satara,Karad,Soyabean,JS-335,FAQ,2026-08-15,3982,5068,4525,306
Maharashtra,Satara,Karad,Soyabean,Yellow,FAQ,2026-08-14,3930,5003,4467,377
Maharashtra,Satara,Karad,Soyabean,JS-335,FAQ,2026-08-13,3956,5035,4496,737
Maharashtra,Satara,Karad,Soyabean,Yellow,FAQ,2026-08-12,3961,5042,4502,130
Maharashtra,Satara,Karad,Soyabean,Yellow,FAQ,2026-08-11,3967,5050,4509,110
Maharashtra,Satara,Karad,Soyabean,JS-335,FAQ,2026-08-10,3934,5007,4471,317
Maharashtra,Satara,Karad,Soyabean,Yellow,FAQ,2026-08-09,3954,5033,4494,230
Maharashtra,Satara,Karad,Soyabean,Yellow,FAQ,2026-08-08,3964,5045,4505,650
Maharashtra,Satara,Karad,Soyabean,Yellow,FAQ,2026-08-07,3953,5032,4493,552
Maharashtra,Satara,Karad,Soyabean,Yellow,FAQ,2026-08-06,3926,4997,4462,545
Maharashtra,Satara,Karad,Soyabean,Yellow,FAQ,2026-08-05,3950,5027,4489,461
Maharashtra,Satara,Karad,Soyabean,JS-335,FAQ,2026-08-04,3890,4951,4421,134
Maharashtra,Satara,Karad,Soyabean,JS-335,FAQ,2026-08-03,3890,4951,4421,282
Maharashtra,Satara,Karad,Soyabean,JS-335,FAQ,2026-08-02,3917,4986,4452,715
Maharashtra,Satara,Karad,Soyabean,Yellow,FAQ,2026-08-01,3855,4906,4381,152
Maharashtra,Satara,Karad,Soyabean,Yellow,FAQ,2026-07-31,3886,4947,4417,611
Maharashtra,Satara,Karad,Soyabean,Yellow,FAQ,2026-07-30,3848,4897,4373,545
Maharashtra,Satara,Karad,Soyabean,Yellow,FAQ,2026-07-29,3830,4875,4353,403
Maharashtra,Satara,Karad,Soyabean,JS-335,FAQ,2026-07-28,3776,4805,4291,700
Maharashtra,Satara,Karad,Maize,Hybrid,FAQ,2026-08-26,1662,2115,1889,353
Maharashtra,Satara,Karad,Maize,Hybrid,FAQ,2026-08-25,1619,2060,1840,125
Maharashtra,Satara,Karad,Maize,Hybrid,FAQ,2026-08-24,1658,2111,1885,667
Maharashtra,Satara,Karad,Maize,Hybrid,FAQ,2026-08-23,1717,2186,1952,762
Maharashtra,Satara,Karad,Maize,Yellow,FAQ,2026-08-22,1681,2140,1911,687
Maharashtra,Satara,Karad,Maize,Yellow,FAQ,2026-08-21,1701,2166,1934,130
Maharashtra,Satara,Karad,Maize,Yellow,FAQ,2026-08-20,1715,2182,1949,703
Maharashtra,Satara,Karad,Maize,Hybrid,FAQ,2026-08-19,1750,2227,1989,742
Maharashtra,Satara,Karad,Maize,Yellow,FAQ,2026-08-18,1743,2218,1981,369
Maharashtra,Satara,Karad,Maize,Yellow,FAQ,2026-08-17,1745,2220,1983,493
Maharashtra,Satara,Karad,Maize,Hybrid,FAQ,2026-08-16,1808,2301,2055,656
Maharashtra,Satara,Karad,Maize,Yellow,FAQ,2026-08-15,1806,2299,2053,295
Maharashtra,Satara,Karad,Maize,Hybrid,FAQ,2026-08-14,1783,2270,2027,301
Maharashtra,Satara,Karad,Maize,Yellow,FAQ,2026-08-13,1781,2266,2024,734
Maharashtra,Satara,Karad,Maize,Hybrid,FAQ,2026-08-12,1801,2292,2047,499
Maharashtra,Satara,Karad,Maize,Hybrid,FAQ,2026-08-11,1810,2303,2057,347
Maharashtra,Satara,Karad,Maize,Yellow,FAQ,2026-08-10,1786,2273,2030,546
Maharashtra,Satara,Karad,Maize,Yellow,FAQ,2026-08-09,1769,2252,2011,100
Maharashtra,Satara,Karad,Maize,Hybrid,FAQ,2026-08-08,1787,2274,2031,793
Maharashtra,Satara,Karad,Maize,Hybrid,FAQ,2026-08-07,1813,2308,2061,114
Maharashtra,Satara,Karad,Maize,Hybrid,FAQ,2026-08-06,1796,2285,2041,390
Maharashtra,Satara,Karad,Maize,Yellow,FAQ,2026-08-05,1790,2279,2035,507
Maharashtra,Satara,Karad,Maize,Hybrid,FAQ,2026-08-04,1745,2222,1984,436
Maharashtra,Satara,Karad,Maize,Yellow,FAQ,2026-08-03,1723,2192,1958,775
Maharashtra,Satara,Karad,Maize,Hybrid,FAQ,2026-08-02,1744,2219,1982,457
Maharashtra,Satara,Karad,Maize,Hybrid,FAQ,2026-08-01,1722,2191,1957,240
Maharashtra,Satara,Karad,Maize,Hybrid,FAQ,2026-07-31,1728,2199,1964,637
Maharashtra,Satara,Karad,Maize,Hybrid,FAQ,2026-07-30,1677,2134,1906,698
Maharashtra,Satara,Karad,Maize,Hybrid,FAQ,2026-07-29,1639,2086,1863,649
Maharashtra,Satara,Karad,Maize,Hybrid,FAQ,2026-07-28,1622,2065,1844,151
Maharashtra,Satara,Karad,Cotton,Medium Staple,FAQ,2026-08-26,5750,7319,6535,555
Maharashtra,Satara,Karad,Cotton,Medium Staple,FAQ,2026-08-25,5756,7327,6542,604
Maharashtra,Satara,Karad,Cotton,Medium Staple,FAQ,2026-08-24,5764,7337,6551,337
Maharashtra,Satara,Karad,Cotton,Medium Staple,FAQ,2026-08-23,5806,7389,6598,211
Maharashtra,Satara,Karad,Cotton,Medium Staple,FAQ,2026-08-22,5827,7416,6622,643
Maharashtra,Satara,Karad,Cotton,Medium Staple,FAQ,2026-08-21,5783,7360,6572,794
Maharashtra,Satara,Karad,Cotton,Medium Staple,FAQ,2026-08-20,5808,7393,6601,670
Maharashtra,Satara,Karad,Cotton,Medium Staple,FAQ,2026-08-19,5813,7398,6606,626
Maharashtra,Satara,Karad,Cotton,Medium Staple,FAQ,2026-08-18,5889,7496,6693,128
Maharashtra,Satara,Karad,Cotton,Medium Staple,FAQ,2026-08-17,5891,7498,6695,197
Maharashtra,Satara,Karad,Cotton,Medium Staple,FAQ,2026-08-16,5876,7479,6678,738
Maharashtra,Satara,Karad,Cotton,Medium Staple,FAQ,2026-08-15,5903,7514,6709,751
Maharashtra,Satara,Karad,Cotton,Medium Staple,FAQ,2026-08-14,5874,7477,6676,337
Maharashtra,Satara,Karad,Cotton,Medium Staple,FAQ,2026-08-13,5908,7519,6714,176
Maharashtra,Satara,Karad,Cotton,Medium Staple,FAQ,2026-08-12,5916,7529,6723,228
Maharashtra,Satara,Karad,Cotton,Medium Staple,FAQ,2026-08-11,5900,7509,6705,285
Maharashtra,Satara,Karad,Cotton,Medium Staple,FAQ,2026-08-10,5888,7495,6692,737
Maharashtra,Satara,Karad,Cotton,Medium Staple,FAQ,2026-08-09,5903,7512,6708,747
Maharashtra,Satara,Karad,Cotton,Medium Staple,FAQ,2026-08-08,5859,7458,6659,443
Maharashtra,Satara,Karad,Cotton,Medium Staple,FAQ,2026-08-07,5897,7506,6702,244
Maharashtra,Satara,Karad,Cotton,Medium Staple,FAQ,2026-08-06,5868,7469,6669,379
Maharashtra,Satara,Karad,Cotton,Medium Staple,FAQ,2026-08-05,5887,7492,6690,348
Maharashtra,Satara,Karad,Cotton,Medium Staple,FAQ,2026-08-04,5883,7488,6686,580
Maharashtra,Satara,Karad,Cotton,Medium Staple,FAQ,2026-08-03,5868,7469,6669,652
Maharashtra,Satara,Karad,Cotton,Medium Staple,FAQ,2026-08-02,5831,7422,6627,543
Maharashtra,Satara,Karad,Cotton,Medium Staple,FAQ,2026-08-01,5814,7399,6607,156
Maharashtra,Satara,Karad,Cotton,Medium Staple,FAQ,2026-07-31,5795,7376,6586,635
Maharashtra,Satara,Karad,Cotton,Medium Staple,FAQ,2026-07-30,5790,7369,6580,384
Maharashtra,Satara,Karad,Cotton,Medium Staple,FAQ,2026-07-29,5793,7372,6583,682
Maharashtra,Satara,Karad,Cotton,Medium Staple,FAQ,2026-07-28,5768,7341,6555,432
Maharashtra,Satara,Karad,Sugarcane,Co-86032,FAQ,2026-08-26,264,336,300,748
Maharashtra,Satara,Karad,Sugarcane,Co-86032,FAQ,2026-08-25,264,336,300,518
Maharashtra,Satara,Karad,Sugarcane,Co-86032,FAQ,2026-08-24,264,336,300,705
Maharashtra,Satara,Karad,Sugarcane,Co-86032,FAQ,2026-08-23,264,336,300,196
Maharashtra,Satara,Karad,Sugarcane,Co-86032,FAQ,2026-08-22,264,336,300,109
Maharashtra,Satara,Karad,Sugarcane,Co-86032,FAQ,2026-08-21,307,390,349,235
Maharashtra,Satara,Karad,Sugarcane,Co-86032,FAQ,2026-08-20,329,418,374,653
Maharashtra,Satara,Karad,Sugarcane,Co-86032,FAQ,2026-08-19,311,396,354,433
Maharashtra,Satara,Karad,Sugarcane,Co-86032,FAQ,2026-08-18,316,403,360,167
Maharashtra,Satara,Karad,Sugarcane,Co-86032,FAQ,2026-08-17,346,441,394,281
Maharashtra,Satara,Karad,Sugarcane,Co-86032,FAQ,2026-08-16,376,479,428,671
Maharashtra,Satara,Karad,Sugarcane,Co-86032,FAQ,2026-08-15,383,488,436,616
Maharashtra,Satara,Karad,Sugarcane,Co-86032,FAQ,2026-08-14,370,471,421,606
Maharashtra,Satara,Karad,Sugarcane,Co-86032,FAQ,2026-08-13,350,445,398,198
Maharashtra,Satara,Karad,Sugarcane,Co-86032,FAQ,2026-08-12,385,490,438,387
Maharashtra,Satara,Karad,Sugarcane,Co-86032,FAQ,2026-08-11,357,454,406,575
Maharashtra,Satara,Karad,Sugarcane,Co-86032,FAQ,2026-08-10,355,452,404,154
Maharashtra,Satara,Karad,Sugarcane,Co-86032,FAQ,2026-08-09,353,450,402,427
Maharashtra,Satara,Karad,Sugarcane,Co-86032,FAQ,2026-08-08,374,477,426,735
Maharashtra,Satara,Karad,Sugarcane,Co-86032,FAQ,2026-08-07,378,481,430,652
Maharashtra,Satara,Karad,Sugarcane,Co-86032,FAQ,2026-08-06,377,480,429,720
Maharashtra,Satara,Karad,Sugarcane,Co-86032,FAQ,2026-08-05,345,440,393,575
Maharashtra,Satara,Karad,Sugarcane,Co-86032,FAQ,2026-08-04,332,423,378,371
Maharashtra,Satara,Karad,Sugarcane,Co-86032,FAQ,2026-08-03,350,445,398,273
Maharashtra,Satara,Karad,Sugarcane,Co-86032,FAQ,2026-08-02,291,370,331,785
Maharashtra,Satara,Karad,Sugarcane,Co-86032,FAQ,2026-08-01,279,356,318,443
Maharashtra,Satara,Karad,Sugarcane,Co-86032,FAQ,2026-07-31,277,352,315,218
Maharashtra,Satara,Karad,Sugarcane,Co-86032,FAQ,2026-07-30,264,336,300,683
Maharashtra,Satara,Karad,Sugarcane,Co-86032,FAQ,2026-07-29,264,336,300,304
Maharashtra,Satara,Karad,Sugarcane,Co-86032,FAQ,2026-07-28,264,336,300,784
Maharashtra,Satara,Karad,Mustard,Yellow,FAQ,2026-08-26,4692,5971,5332,540
Maharashtra,Satara,Karad,Mustard,Yellow,FAQ,2026-08-25,4753,6050,5402,261
Maharashtra,Satara,Karad,Mustard,Black,FAQ,2026-08-24,4742,6035,5389,127
Maharashtra,Satara,Karad,Mustard,Yellow,FAQ,2026-08-23,4736,6027,5382,642
Maharashtra,Satara,Karad,Mustard,Yellow,FAQ,2026-08-22,4776,6079,5428,722
Maharashtra,Satara,Karad,Mustard,Black,FAQ,2026-08-21,4796,6105,5451,293
Maharashtra,Satara,Karad,Mustard,Black,FAQ,2026-08-20,4844,6165,5505,370
Maharashtra,Satara,Karad,Mustard,Yellow,FAQ,2026-08-19,4869,6196,5533,127
Maharashtra,Satara,Karad,Mustard,Yellow,FAQ,2026-08-18,4815,6128,5472,720
Maharashtra,Satara,Karad,Mustard,Black,FAQ,2026-08-17,4875,6204,5540,543
Maharashtra,Satara,Karad,Mustard,Black,FAQ,2026-08-16,4857,6182,5520,502
Maharashtra,Satara,Karad,Mustard,Black,FAQ,2026-08-15,4862,6188,5525,129
Maharashtra,Satara,Karad,Mustard,Yellow,FAQ,2026-08-14,4876,6207,5542,194
Maharashtra,Satara,Karad,Mustard,Black,FAQ,2026-08-13,4845,6166,5506,656
Maharashtra,Satara,Karad,Mustard,Black,FAQ,2026-08-12,4869,6196,5533,537
Maharashtra,Satara,Karad,Mustard,Yellow,FAQ,2026-08-11,4900,6237,5569,647
Maharashtra,Satara,Karad,Mustard,Black,FAQ,2026-08-10,4851,6174,5513,733
Maharashtra,Satara,Karad,Mustard,Black,FAQ,2026-08-09,4876,6205,5541,649
Maharashtra,Satara,Karad,Mustard,Black,FAQ,2026-08-08,4867,6194,5531,418
Maharashtra,Satara,Karad,Mustard,Yellow,FAQ,2026-08-07,4868,6195,5532,718
Maharashtra,Satara,Karad,Mustard,Yellow,FAQ,2026-08-06,4836,6155,5496,354
Maharashtra,Satara,Karad,Mustard,Yellow,FAQ,2026-08-05,4870,6199,5535,784
Maharashtra,Satara,Karad,Mustard,Yellow,FAQ,2026-08-04,4879,6210,5545,737
Maharashtra,Satara,Karad,Mustard,Black,FAQ,2026-08-03,4801,6110,5456,252
Maharashtra,Satara,Karad,Mustard,Yellow,FAQ,2026-08-02,4811,6124,5468,550
Maharashtra,Satara,Karad,Mustard,Black,FAQ,2026-08-01,4829,6146,5488,414
Maharashtra,Satara,Karad,Mustard,Yellow,FAQ,2026-07-31,4824,6139,5482,295
Maharashtra,Satara,Karad,Mustard,Black,FAQ,2026-07-30,4769,6070,5420,641
Maharashtra,Satara,Karad,Mustard,Yellow,FAQ,2026-07-29,4782,6087,5435,349
Maharashtra,Satara,Karad,Mustard,Black,FAQ,2026-07-28,4701,5984,5343,396
Maharashtra,Satara,Karad,Grapes,Thompson Seedless,FAQ,2026-08-26,4319,5496,4908,444
Maharashtra,Satara,Karad,Grapes,Thompson Seedless,FAQ,2026-08-25,4322,5501,4912,335
Maharashtra,Satara,Karad,Grapes,Thompson Seedless,FAQ,2026-08-24,4377,5570,4974,458
Maharashtra,Satara,Karad,Grapes,Thompson Seedless,FAQ,2026-08-23,4371,5564,4968,389
Maharashtra,Satara,Karad,Grapes,Thompson Seedless,FAQ,2026-08-22,4375,5568,4972,713
Maharashtra,Satara,Karad,Grapes,Thompson Seedless,FAQ,2026-08-21,4444,5657,5051,632
Maharashtra,Satara,Karad,Grapes,Thompson Seedless,FAQ,2026-08-20,4426,5633,5030,288
Maharashtra,Satara,Karad,Grapes,Thompson Seedless,FAQ,2026-08-19,4457,5672,5065,512
Maharashtra,Satara,Karad,Grapes,Thompson Seedless,FAQ,2026-08-18,4422,5628,5025,275
Maharashtra,Satara,Karad,Grapes,Thompson Seedless,FAQ,2026-08-17,4434,5643,5039,109
Maharashtra,Satara,Karad,Grapes,Thompson Seedless,FAQ,2026-08-16,4498,5725,5112,756
Maharashtra,Satara,Karad,Grapes,Thompson Seedless,FAQ,2026-08-15,4497,5724,5111,553
Maharashtra,Satara,Karad,Grapes,Thompson Seedless,FAQ,2026-08-14,4515,5746,5131,773
Maharashtra,Satara,Karad,Grapes,Thompson Seedless,FAQ,2026-08-13,4466,5684,5075,262
Maharashtra,Satara,Karad,Grapes,Thompson Seedless,FAQ,2026-08-12,4473,5692,5083,476
Maharashtra,Satara,Karad,Grapes,Thompson Seedless,FAQ,2026-08-11,4472,5691,5082,253
Maharashtra,Satara,Karad,Grapes,Thompson Seedless,FAQ,2026-08-10,4522,5755,5139,143
Maharashtra,Satara,Karad,Grapes,Thompson Seedless,FAQ,2026-08-09,4502,5731,5117,407
Maharashtra,Satara,Karad,Grapes,Thompson Seedless,FAQ,2026-08-08,4478,5699,5089,321
Maharashtra,Satara,Karad,Grapes,Thompson Seedless,FAQ,2026-08-07,4467,5686,5077,557
Maharashtra,Satara,Karad,Grapes,Thompson Seedless,FAQ,2026-08-06,4471,5690,5081,230
Maharashtra,Satara,Karad,Grapes,Thompson Seedless,FAQ,2026-08-05,4451,5666,5059,479
Maharashtra,Satara,Karad,Grapes,Thompson Seedless,FAQ,2026-08-04,4471,5690,5081,262
Maharashtra,Satara,Karad,Grapes,Thompson Seedless,FAQ,2026-08-03,4403,5604,5004,470
Maharashtra,Satara,Karad,Grapes,Thompson Seedless,FAQ,2026-08-02,4448,5661,5055,215
Maharashtra,Satara,Karad,Grapes,Thompson Seedless,FAQ,2026-08-01,4438,5649,5044,624
Maharashtra,Satara,Karad,Grapes,Thompson Seedless,FAQ,2026-07-31,4418,5623,5021,113
Maharashtra,Satara,Karad,Grapes,Thompson Seedless,FAQ,2026-07-30,4390,5587,4989,254
Maharashtra,Satara,Karad,Grapes,Thompson Seedless,FAQ,2026-07-29,4324,5503,4914,542
Maharashtra,Satara,Karad,Grapes,Thompson Seedless,FAQ,2026-07-28,4346,5531,4939,463
Maharashtra,Satara,Karad,Pomegranate,Bhagwa,FAQ,2026-08-26,5596,7123,6360,560
Maharashtra,Satara,Karad,Pomegranate,Bhagwa,FAQ,2026-08-25,5689,7240,6465,503
Maharashtra,Satara,Karad,Pomegranate,Bhagwa,FAQ,2026-08-24,5668,7213,6441,208
Maharashtra,Satara,Karad,Pomegranate,Bhagwa,FAQ,2026-08-23,5720,7281,6501,381
Maharashtra,Satara,Karad,Pomegranate,Bhagwa,FAQ,2026-08-22,5681,7230,6456,591
Maharashtra,Satara,Karad,Pomegranate,Bhagwa,FAQ,2026-08-21,5713,7272,6493,259
Maharashtra,Satara,Karad,Pomegranate,Bhagwa,FAQ,2026-08-20,5711,7268,6490,190
Maharashtra,Satara,Karad,Pomegranate,Bhagwa,FAQ,2026-08-19,5748,7315,6532,385
Maharashtra,Satara,Karad,Pomegranate,Bhagwa,FAQ,2026-08-18,5774,7349,6562,453
Maharashtra,Satara,Karad,Pomegranate,Bhagwa,FAQ,2026-08-17,5772,7347,6560,504
Maharashtra,Satara,Karad,Pomegranate,Bhagwa,FAQ,2026-08-16,5771,7346,6559,772
Maharashtra,Satara,Karad,Pomegranate,Bhagwa,FAQ,2026-08-15,5827,7416,6622,698
Maharashtra,Satara,Karad,Pomegranate,Bhagwa,FAQ,2026-08-14,5824,7413,6619,794
Maharashtra,Satara,Karad,Pomegranate,Bhagwa,FAQ,2026-08-13,5772,7347,6560,298
Maharashtra,Satara,Karad,Pomegranate,Bhagwa,FAQ,2026-08-12,5825,7414,6620,347
Maharashtra,Satara,Karad,Pomegranate,Bhagwa,FAQ,2026-08-11,5798,7379,6589,421
Maharashtra,Satara,Karad,Pomegranate,Bhagwa,FAQ,2026-08-10,5806,7389,6598,137
Maharashtra,Satara,Karad,Pomegranate,Bhagwa,FAQ,2026-08-09,5783,7360,6572,208
Maharashtra,Satara,Karad,Pomegranate,Bhagwa,FAQ,2026-08-08,5807,7390,6599,501
Maharashtra,Satara,Karad,Pomegranate,Bhagwa,FAQ,2026-08-07,5795,7376,6586,543
Maharashtra,Satara,Karad,Pomegranate,Bhagwa,FAQ,2026-08-06,5772,7347,6560,167
Maharashtra,Satara,Karad,Pomegranate,Bhagwa,FAQ,2026-08-05,5768,7341,6555,174
Maharashtra,Satara,Karad,Pomegranate,Bhagwa,FAQ,2026-08-04,5743,7310,6527,116
Maharashtra,Satara,Karad,Pomegranate,Bhagwa,FAQ,2026-08-03,5789,7368,6579,726
Maharashtra,Satara,Karad,Pomegranate,Bhagwa,FAQ,2026-08-02,5775,7350,6563,453
Maharashtra,Satara,Karad,Pomegranate,Bhagwa,FAQ,2026-08-01,5737,7302,6520,463
Maharashtra,Satara,Karad,Pomegranate,Bhagwa,FAQ,2026-07-31,5719,7278,6499,293
Maharashtra,Satara,Karad,Pomegranate,Bhagwa,FAQ,2026-07-30,5705,7260,6483,159
Maharashtra,Satara,Karad,Pomegranate,Bhagwa,FAQ,2026-07-29,5697,7250,6474,140
Maharashtra,Satara,Karad,Pomegranate,Bhagwa,FAQ,2026-07-28,5661,7206,6434,712
Madhya Pradesh,Indore,Indore,Tomato,Hybrid,FAQ,2026-08-26,1815,2310,2063,560
Madhya Pradesh,Indore,Indore,Tomato,Local,FAQ,2026-08-25,1876,2387,2132,119
Madhya Pradesh,Indore,Indore,Tomato,Vaishali,FAQ,2026-08-24,1923,2448,2186,134
Madhya Pradesh,Indore,Indore,Tomato,Vaishali,FAQ,2026-08-23,1915,2438,2177,600
Madhya Pradesh,Indore,Indore,Tomato,Hybrid,FAQ,2026-08-22,1931,2458,2195,588
Madhya Pradesh,Indore,Indore,Tomato,Local,FAQ,2026-08-21,1934,2461,2198,641
Madhya Pradesh,Indore,Indore,Tomato,Local,FAQ,2026-08-20,1984,2525,2255,800
Madhya Pradesh,Indore,Indore,Tomato,Vaishali,FAQ,2026-08-19,1971,2508,2240,425
Madhya Pradesh,Indore,Indore,Tomato,Hybrid,FAQ,2026-08-18,1996,2541,2269,454
Madhya Pradesh,Indore,Indore,Tomato,Local,FAQ,2026-08-17,1968,2505,2237,417
Madhya Pradesh,Indore,Indore,Tomato,Hybrid,FAQ,2026-08-16,1998,2543,2271,787
Madhya Pradesh,Indore,Indore,Tomato,Vaishali,FAQ,2026-08-15,2042,2599,2321,365
Madhya Pradesh,Indore,Indore,Tomato,Vaishali,FAQ,2026-08-14,2019,2570,2295,456
Madhya Pradesh,Indore,Indore,Tomato,Local,FAQ,2026-08-13,1997,2542,2270,181
Madhya Pradesh,Indore,Indore,Tomato,Hybrid,FAQ,2026-08-12,2021,2572,2297,331
Madhya Pradesh,Indore,Indore,Tomato,Vaishali,FAQ,2026-08-11,2052,2611,2332,742
Madhya Pradesh,Indore,Indore,Tomato,Hybrid,FAQ,2026-08-10,2054,2615,2335,572
Madhya Pradesh,Indore,Indore,Tomato,Local,FAQ,2026-08-09,2028,2581,2305,560
Madhya Pradesh,Indore,Indore,Tomato,Vaishali,FAQ,2026-08-08,2002,2549,2276,438
Madhya Pradesh,Indore,Indore,Tomato,Vaishali,FAQ,2026-08-07,2018,2569,2294,449
Madhya Pradesh,Indore,Indore,Tomato,Vaishali,FAQ,2026-08-06,2033,2588,2311,771
Madhya Pradesh,Indore,Indore,Tomato,Vaishali,FAQ,2026-08-05,2010,2559,2285,781
Madhya Pradesh,Indore,Indore,Tomato,Local,FAQ,2026-08-04,2017,2568,2293,327
Madhya Pradesh,Indore,Indore,Tomato,Hybrid,FAQ,2026-08-03,1944,2475,2210,178
Madhya Pradesh,Indore,Indore,Tomato,Local,FAQ,2026-08-02,1979,2518,2249,514
Madhya Pradesh,Indore,Indore,Tomato,Vaishali,FAQ,2026-08-01,1932,2459,2196,307
Madhya Pradesh,Indore,Indore,Tomato,Hybrid,FAQ,2026-07-31,1915,2438,2177,685
Madhya Pradesh,Indore,Indore,Tomato,Local,FAQ,2026-07-30,1919,2442,2181,446
Madhya Pradesh,Indore,Indore,Tomato,Hybrid,FAQ,2026-07-29,1877,2390,2134,309
Madhya Pradesh,Indore,Indore,Tomato,Vaishali,FAQ,2026-07-28,1883,2396,2140,270
Madhya Pradesh,Indore,Indore,Onion,White,FAQ,2026-08-26,1560,1985,1773,670
Madhya Pradesh,Indore,Indore,Onion,Red,FAQ,2026-08-25,1569,1998,1784,773
Madhya Pradesh,Indore,Indore,Onion,White,FAQ,2026-08-24,1618,2059,1839,730
Madhya Pradesh,Indore,Indore,Onion,Red,FAQ,2026-08-23,1615,2056,1836,462
Madhya Pradesh,Indore,Indore,Onion,Garwa,FAQ,2026-08-22,1604,2041,1823,518
Madhya Pradesh,Indore,Indore,Onion,White,FAQ,2026-08-21,1626,2069,1848,403
Madhya Pradesh,Indore,Indore,Onion,Garwa,FAQ,2026-08-20,1632,2077,1855,458
Madhya Pradesh,Indore,Indore,Onion,Garwa,FAQ,2026-08-19,1638,2085,1862,709
Madhya Pradesh,Indore,Indore,Onion,White,FAQ,2026-08-18,1684,2143,1914,224
Madhya Pradesh,Indore,Indore,Onion,White,FAQ,2026-08-17,1715,2182,1949,553
Madhya Pradesh,Indore,Indore,Onion,White,FAQ,2026-08-16,1689,2150,1920,605
Madhya Pradesh,Indore,Indore,Onion,Garwa,FAQ,2026-08-15,1713,2180,1947,587
Madhya Pradesh,Indore,Indore,Onion,Red,FAQ,2026-08-14,1686,2145,1916,597
Madhya Pradesh,Indore,Indore,Onion,White,FAQ,2026-08-13,1686,2145,1916,485
Madhya Pradesh,Indore,Indore,Onion,White,FAQ,2026-08-12,1689,2150,1920,611
Madhya Pradesh,Indore,Indore,Onion,Garwa,FAQ,2026-08-11,1694,2157,1926,390
Madhya Pradesh,Indore,Indore,Onion,Red,FAQ,2026-08-10,1691,2152,1922,406
Madhya Pradesh,Indore,Indore,Onion,White,FAQ,2026-08-09,1716,2185,1951,333
Madhya Pradesh,Indore,Indore,Onion,White,FAQ,2026-08-08,1693,2154,1924,523
Madhya Pradesh,Indore,Indore,Onion,Red,FAQ,2026-08-07,1694,2157,1926,613
Madhya Pradesh,Indore,Indore,Onion,White,FAQ,2026-08-06,1666,2121,1894,154
Madhya Pradesh,Indore,Indore,Onion,Red,FAQ,2026-08-05,1708,2175,1942,758
Madhya Pradesh,Indore,Indore,Onion,White,FAQ,2026-08-04,1711,2178,1945,615
Madhya Pradesh,Indore,Indore,Onion,Garwa,FAQ,2026-08-03,1645,2094,1870,189
Madhya Pradesh,Indore,Indore,Onion,Red,FAQ,2026-08-02,1679,2138,1909,284
Madhya Pradesh,Indore,Indore,Onion,Red,FAQ,2026-08-01,1630,2075,1853,504
Madhya Pradesh,Indore,Indore,Onion,White,FAQ,2026-07-31,1655,2106,1881,494
Madhya Pradesh,Indore,Indore,Onion,White,FAQ,2026-07-30,1624,2067,1846,138
Madhya Pradesh,Indore,Indore,Onion,White,FAQ,2026-07-29,1609,2048,1829,188
Madhya Pradesh,Indore,Indore,Onion,Garwa,FAQ,2026-07-28,1591,2024,1808,399
Madhya Pradesh,Indore,Indore,Wheat,Sharbati,FAQ,2026-08-26,2074,2639,2357,338
Madhya Pradesh,Indore,Indore,Wheat,Lok-1,FAQ,2026-08-25,2080,2647,2364,625
Madhya Pradesh,Indore,Indore,Wheat,Sharbati,FAQ,2026-08-24,2114,2691,2403,747
Madhya Pradesh,Indore,Indore,Wheat,Sharbati,FAQ,2026-08-23,2134,2716,2425,761
Madhya Pradesh,Indore,Indore,Wheat,Sharbati,FAQ,2026-08-22,2124,2703,2414,295
Madhya Pradesh,Indore,Indore,Wheat,FAQ,FAQ,2026-08-21,2144,2729,2437,601
Madhya Pradesh,Indore,Indore,Wheat,Lok-1,FAQ,2026-08-20,2178,2772,2475,462
Madhya Pradesh,Indore,Indore,Wheat,Sharbati,FAQ,2026-08-19,2183,2778,2481,386
Madhya Pradesh,Indore,Indore,Wheat,FAQ,FAQ,2026-08-18,2216,2821,2519,155
Madhya Pradesh,Indore,Indore,Wheat,FAQ,FAQ,2026-08-17,2218,2823,2521,190
Madhya Pradesh,Indore,Indore,Wheat,FAQ,FAQ,2026-08-16,2229,2838,2534,610
Madhya Pradesh,Indore,Indore,Wheat,Sharbati,FAQ,2026-08-15,2204,2805,2505,446
Madhya Pradesh,Indore,Indore,Wheat,Lok-1,FAQ,2026-08-14,2244,2856,2550,474
Madhya Pradesh,Indore,Indore,Wheat,FAQ,FAQ,2026-08-13,2218,2823,2521,651
Madhya Pradesh,Indore,Indore,Wheat,FAQ,FAQ,2026-08-12,2224,2831,2528,367
Madhya Pradesh,Indore,Indore,Wheat,Lok-1,FAQ,2026-08-11,2210,2813,2512,349
Madhya Pradesh,Indore,Indore,Wheat,FAQ,FAQ,2026-08-10,2237,2848,2543,155
Madhya Pradesh,Indore,Indore,Wheat,Lok-1,FAQ,2026-08-09,2237,2848,2543,264
Madhya Pradesh,Indore,Indore,Wheat,FAQ,FAQ,2026-08-08,2207,2810,2509,791
Madhya Pradesh,Indore,Indore,Wheat,Sharbati,FAQ,2026-08-07,2233,2842,2538,626
Madhya Pradesh,Indore,Indore,Wheat,Sharbati,FAQ,2026-08-06,2258,2875,2567,306
Madhya Pradesh,Indore,Indore,Wheat,Lok-1,FAQ,2026-08-05,2192,2789,2491,665
Madhya Pradesh,Indore,Indore,Wheat,FAQ,FAQ,2026-08-04,2177,2770,2474,216
Madhya Pradesh,Indore,Indore,Wheat,FAQ,FAQ,2026-08-03,2183,2778,2481,341
Madhya Pradesh,Indore,Indore,Wheat,Sharbati,FAQ,2026-08-02,2158,2747,2453,440
Madhya Pradesh,Indore,Indore,Wheat,Lok-1,FAQ,2026-08-01,2152,2739,2446,284
Madhya Pradesh,Indore,Indore,Wheat,FAQ,FAQ,2026-07-31,2173,2766,2470,190
Madhya Pradesh,Indore,Indore,Wheat,Lok-1,FAQ,2026-07-30,2117,2694,2406,270
Madhya Pradesh,Indore,Indore,Wheat,FAQ,FAQ,2026-07-29,2100,2673,2387,218
Madhya Pradesh,Indore,Indore,Wheat,Sharbati,FAQ,2026-07-28,2095,2666,2381,205
Madhya Pradesh,Indore,Indore,Rice,Swarna,FAQ,2026-08-26,2235,2844,2540,683
Madhya Pradesh,Indore,Indore,Rice,Swarna,FAQ,2026-08-25,2234,2843,2539,594
Madhya Pradesh,Indore,Indore,Rice,Basmati,FAQ,2026-08-24,2247,2860,2554,618
Madhya Pradesh,Indore,Indore,Rice,Paddy(Dpr),FAQ,2026-08-23,2273,2894,2584,333
Madhya Pradesh,Indore,Indore,Rice,Basmati,FAQ,2026-08-22,2302,2929,2616,784
Madhya Pradesh,Indore,Indore,Rice,Basmati,FAQ,2026-08-21,2327,2962,2645,298
Madhya Pradesh,Indore,Indore,Rice,Swarna,FAQ,2026-08-20,2316,2947,2632,308
Madhya Pradesh,Indore,Indore,Rice,Basmati,FAQ,2026-08-19,2353,2994,2674,280
Madhya Pradesh,Indore,Indore,Rice,Swarna,FAQ,2026-08-18,2365,3010,2688,687
Madhya Pradesh,Indore,Indore,Rice,Paddy(Dpr),FAQ,2026-08-17,2368,3015,2692,685
Madhya Pradesh,Indore,Indore,Rice,Paddy(Dpr),FAQ,2026-08-16,2322,2955,2639,800
Madhya Pradesh,Indore,Indore,Rice,Basmati,FAQ,2026-08-15,2376,3024,2700,213
Madhya Pradesh,Indore,Indore,Rice,Swarna,FAQ,2026-08-14,2355,2998,2677,186
Madhya Pradesh,Indore,Indore,Rice,Swarna,FAQ,2026-08-13,2368,3013,2691,397
Madhya Pradesh,Indore,Indore,Rice,Basmati,FAQ,2026-08-12,2409,3066,2738,158
Madhya Pradesh,Indore,Indore,Rice,Basmati,FAQ,2026-08-11,2378,3027,2703,315
Madhya Pradesh,Indore,Indore,Rice,Swarna,FAQ,2026-08-10,2408,3065,2737,652
Madhya Pradesh,Indore,Indore,Rice,Paddy(Dpr),FAQ,2026-08-09,2382,3031,2707,405
Madhya Pradesh,Indore,Indore,Rice,Basmati,FAQ,2026-08-08,2348,2989,2669,635
Madhya Pradesh,Indore,Indore,Rice,Paddy(Dpr),FAQ,2026-08-07,2332,2969,2651,165
Madhya Pradesh,Indore,Indore,Rice,Basmati,FAQ,2026-08-06,2342,2981,2662,317
Madhya Pradesh,Indore,Indore,Rice,Swarna,FAQ,2026-08-05,2379,3028,2704,740
Madhya Pradesh,Indore,Indore,Rice,Swarna,FAQ,2026-08-04,2328,2963,2646,191
Madhya Pradesh,Indore,Indore,Rice,Basmati,FAQ,2026-08-03,2308,2937,2623,542
Madhya Pradesh,Indore,Indore,Rice,Swarna,FAQ,2026-08-02,2316,2947,2632,281
Madhya Pradesh,Indore,Indore,Rice,Paddy(Dpr),FAQ,2026-08-01,2308,2937,2623,118
Madhya Pradesh,Indore,Indore,Rice,Basmati,FAQ,2026-07-31,2257,2872,2565,167
Madhya Pradesh,Indore,Indore,Rice,Swarna,FAQ,2026-07-30,2247,2860,2554,796
Madhya Pradesh,Indore,Indore,Rice,Basmati,FAQ,2026-07-29,2232,2841,2537,613
Madhya Pradesh,Indore,Indore,Rice,Basmati,FAQ,2026-07-28,2224,2831,2528,300
Madhya Pradesh,Indore,Indore,Potato,Kufri,FAQ,2026-08-26,1258,1601,1430,661
Madhya Pradesh,Indore,Indore,Potato,Jyoti,FAQ,2026-08-25,1232,1568,1400,537
Madhya Pradesh,Indore,Indore,Potato,Kufri,FAQ,2026-08-24,1310,1667,1489,380
Madhya Pradesh,Indore,Indore,Potato,Kufri,FAQ,2026-08-23,1271,1618,1445,112
Madhya Pradesh,Indore,Indore,Potato,Kufri,FAQ,2026-08-22,1348,1715,1532,454
Madhya Pradesh,Indore,Indore,Potato,Kufri,FAQ,2026-08-21,1294,1647,1471,447
Madhya Pradesh,Indore,Indore,Potato,Kufri,FAQ,2026-08-20,1370,1743,1557,120
Madhya Pradesh,Indore,Indore,Potato,Jyoti,FAQ,2026-08-19,1378,1753,1566,143
Madhya Pradesh,Indore,Indore,Potato,Jyoti,FAQ,2026-08-18,1356,1725,1541,393
Madhya Pradesh,Indore,Indore,Potato,Jyoti,FAQ,2026-08-17,1414,1799,1607,419
Madhya Pradesh,Indore,Indore,Potato,Jyoti,FAQ,2026-08-16,1422,1811,1617,133
Madhya Pradesh,Indore,Indore,Potato,Kufri,FAQ,2026-08-15,1422,1809,1616,362
Madhya Pradesh,Indore,Indore,Potato,Jyoti,FAQ,2026-08-14,1418,1805,1612,433
Madhya Pradesh,Indore,Indore,Potato,Jyoti,FAQ,2026-08-13,1426,1815,1621,572
Madhya Pradesh,Indore,Indore,Potato,Jyoti,FAQ,2026-08-12,1432,1823,1628,657
Madhya Pradesh,Indore,Indore,Potato,Jyoti,FAQ,2026-08-11,1408,1793,1601,450
Madhya Pradesh,Indore,Indore,Potato,Jyoti,FAQ,2026-08-10,1392,1771,1582,164
Madhya Pradesh,Indore,Indore,Potato,Kufri,FAQ,2026-08-09,1380,1757,1569,693
Madhya Pradesh,Indore,Indore,Potato,Jyoti,FAQ,2026-08-08,1379,1756,1568,284
Madhya Pradesh,Indore,Indore,Potato,Kufri,FAQ,2026-08-07,1378,1753,1566,744
Madhya Pradesh,Indore,Indore,Potato,Jyoti,FAQ,2026-08-06,1413,1798,1606,334
Madhya Pradesh,Indore,Indore,Potato,Kufri,FAQ,2026-08-05,1377,1752,1565,503
Madhya Pradesh,Indore,Indore,Potato,Kufri,FAQ,2026-08-04,1368,1741,1555,243
Madhya Pradesh,Indore,Indore,Potato,Jyoti,FAQ,2026-08-03,1334,1699,1517,125
Madhya Pradesh,Indore,Indore,Potato,Kufri,FAQ,2026-08-02,1370,1743,1557,264
Madhya Pradesh,Indore,Indore,Potato,Jyoti,FAQ,2026-08-01,1329,1692,1511,490
Madhya Pradesh,Indore,Indore,Potato,Jyoti,FAQ,2026-07-31,1305,1660,1483,621
Madhya Pradesh,Indore,Indore,Potato,Jyoti,FAQ,2026-07-30,1316,1675,1496,748
Madhya Pradesh,Indore,Indore,Potato,Jyoti,FAQ,2026-07-29,1268,1615,1442,260
Madhya Pradesh,Indore,Indore,Potato,Jyoti,FAQ,2026-07-28,1233,1570,1402,798
Madhya Pradesh,Indore,Indore,Soyabean,JS-335,FAQ,2026-08-26,3767,4794,4281,234
Madhya Pradesh,Indore,Indore,Soyabean,JS-335,FAQ,2026-08-25,3842,4889,4366,576
Madhya Pradesh,Indore,Indore,Soyabean,JS-335,FAQ,2026-08-24,3813,4854,4334,305
Madhya Pradesh,Indore,Indore,Soyabean,Yellow,FAQ,2026-08-23,3857,4910,4384,362
Madhya Pradesh,Indore,Indore,Soyabean,Yellow,FAQ,2026-08-22,3872,4928,4400,392
Madhya Pradesh,Indore,Indore,Soyabean,Yellow,FAQ,2026-08-21,3879,4936,4408,234
Madhya Pradesh,Indore,Indore,Soyabean,JS-335,FAQ,2026-08-20,3875,4932,4404,699
Madhya Pradesh,Indore,Indore,Soyabean,Yellow,FAQ,2026-08-19,3933,5006,4470,460
Madhya Pradesh,Indore,Indore,Soyabean,Yellow,FAQ,2026-08-18,3954,5033,4494,723
Madhya Pradesh,Indore,Indore,Soyabean,JS-335,FAQ,2026-08-17,3960,5040,4500,603
Madhya Pradesh,Indore,Indore,Soyabean,Yellow,FAQ,2026-08-16,3926,4997,4462,407
Madhya Pradesh,Indore,Indore,Soyabean,Yellow,FAQ,2026-08-15,3931,5004,4468,154
Madhya Pradesh,Indore,Indore,Soyabean,Yellow,FAQ,2026-08-14,3964,5045,4505,174
Madhya Pradesh,Indore,Indore,Soyabean,JS-335,FAQ,2026-08-13,3989,5076,4533,468
Madhya Pradesh,Indore,Indore,Soyabean,Yellow,FAQ,2026-08-12,3926,4997,4462,728
Madhya Pradesh,Indore,Indore,Soyabean,JS-335,FAQ,2026-08-11,3969,5052,4511,290
Madhya Pradesh,Indore,Indore,Soyabean,Yellow,FAQ,2026-08-10,3978,5063,4521,614
Madhya Pradesh,Indore,Indore,Soyabean,JS-335,FAQ,2026-08-09,3967,5048,4508,689
Madhya Pradesh,Indore,Indore,Soyabean,JS-335,FAQ,2026-08-08,3939,5014,4477,627
Madhya Pradesh,Indore,Indore,Soyabean,JS-335,FAQ,2026-08-07,3962,5043,4503,134
Madhya Pradesh,Indore,Indore,Soyabean,Yellow,FAQ,2026-08-06,3950,5027,4489,755
Madhya Pradesh,Indore,Indore,Soyabean,JS-335,FAQ,2026-08-05,3950,5027,4489,112
Madhya Pradesh,Indore,Indore,Soyabean,JS-335,FAQ,2026-08-04,3900,4963,4432,766
Madhya Pradesh,Indore,Indore,Soyabean,Yellow,FAQ,2026-08-03,3937,5010,4474,374
Madhya Pradesh,Indore,Indore,Soyabean,JS-335,FAQ,2026-08-02,3872,4929,4401,731
Madhya Pradesh,Indore,Indore,Soyabean,Yellow,FAQ,2026-08-01,3854,4905,4380,408
Madhya Pradesh,Indore,Indore,Soyabean,Yellow,FAQ,2026-07-31,3843,4892,4368,135
Madhya Pradesh,Indore,Indore,Soyabean,Yellow,FAQ,2026-07-30,3820,4861,4341,518
Madhya Pradesh,Indore,Indore,Soyabean,Yellow,FAQ,2026-07-29,3830,4875,4353,759
Madhya Pradesh,Indore,Indore,Soyabean,Yellow,FAQ,2026-07-28,3819,4860,4340,505
Madhya Pradesh,Indore,Indore,Maize,Hybrid,FAQ,2026-08-26,1603,2040,1822,378
Madhya Pradesh,Indore,Indore,Maize,Yellow,FAQ,2026-08-25,1671,2126,1899,452
Madhya Pradesh,Indore,Indore,Maize,Yellow,FAQ,2026-08-24,1640,2087,1864,491
Madhya Pradesh,Indore,Indore,Maize,Yellow,FAQ,2026-08-23,1716,2184,1950,221
Madhya Pradesh,Indore,Indore,Maize,Hybrid,FAQ,2026-08-22,1706,2171,1939,445
Madhya Pradesh,Indore,Indore,Maize,Yellow,FAQ,2026-08-21,1757,2236,1997,543
Madhya Pradesh,Indore,Indore,Maize,Hybrid,FAQ,2026-08-20,1709,2176,1943,599
Madhya Pradesh,Indore,Indore,Maize,Hybrid,FAQ,2026-08-19,1744,2219,1982,417
Madhya Pradesh,Indore,Indore,Maize,Hybrid,FAQ,2026-08-18,1783,2270,2027,751
Madhya Pradesh,Indore,Indore,Maize,Hybrid,FAQ,2026-08-17,1792,2281,2037,126
Madhya Pradesh,Indore,Indore,Maize,Hybrid,FAQ,2026-08-16,1750,2227,1989,159
Madhya Pradesh,Indore,Indore,Maize,Hybrid,FAQ,2026-08-15,1819,2316,2068,800
Madhya Pradesh,Indore,Indore,Maize,Yellow,FAQ,2026-08-14,1826,2325,2076,460
Madhya Pradesh,Indore,Indore,Maize,Yellow,FAQ,2026-08-13,1807,2300,2054,288
Madhya Pradesh,Indore,Indore,Maize,Yellow,FAQ,2026-08-12,1768,2251,2010,228
Madhya Pradesh,Indore,Indore,Maize,Hybrid,FAQ,2026-08-11,1784,2271,2028,414
Madhya Pradesh,Indore,Indore,Maize,Yellow,FAQ,2026-08-10,1767,2250,2009,519
Madhya Pradesh,Indore,Indore,Maize,Yellow,FAQ,2026-08-09,1793,2282,2038,453
Madhya Pradesh,Indore,Indore,Maize,Yellow,FAQ,2026-08-08,1796,2285,2041,502
Madhya Pradesh,Indore,Indore,Maize,Hybrid,FAQ,2026-08-07,1784,2271,2028,290
Madhya Pradesh,Indore,Indore,Maize,Hybrid,FAQ,2026-08-06,1779,2264,2022,523
Madhya Pradesh,Indore,Indore,Maize,Yellow,FAQ,2026-08-05,1793,2282,2038,648
Madhya Pradesh,Indore,Indore,Maize,Hybrid,FAQ,2026-08-04,1776,2261,2019,419
Madhya Pradesh,Indore,Indore,Maize,Hybrid,FAQ,2026-08-03,1773,2256,2015,558
Madhya Pradesh,Indore,Indore,Maize,Hybrid,FAQ,2026-08-02,1768,2251,2010,703
Madhya Pradesh,Indore,Indore,Maize,Hybrid,FAQ,2026-08-01,1743,2218,1981,797
Madhya Pradesh,Indore,Indore,Maize,Yellow,FAQ,2026-07-31,1705,2170,1938,268
Madhya Pradesh,Indore,Indore,Maize,Yellow,FAQ,2026-07-30,1682,2141,1912,254
Madhya Pradesh,Indore,Indore,Maize,Hybrid,FAQ,2026-07-29,1702,2167,1935,278
Madhya Pradesh,Indore,Indore,Maize,Hybrid,FAQ,2026-07-28,1658,2111,1885,287
Madhya Pradesh,Indore,Indore,Cotton,Medium Staple,FAQ,2026-08-26,5751,7320,6536,638
Madhya Pradesh,Indore,Indore,Cotton,Medium Staple,FAQ,2026-08-25,5756,7325,6541,420
Madhya Pradesh,Indore,Indore,Cotton,Medium Staple,FAQ,2026-08-24,5784,7361,6573,181
Madhya Pradesh,Indore,Indore,Cotton,Medium Staple,FAQ,2026-08-23,5779,7356,6568,150
Madhya Pradesh,Indore,Indore,Cotton,Medium Staple,FAQ,2026-08-22,5785,7362,6574,624
Madhya Pradesh,Indore,Indore,Cotton,Medium Staple,FAQ,2026-08-21,5783,7360,6572,368
Madhya Pradesh,Indore,Indore,Cotton,Medium Staple,FAQ,2026-08-20,5860,7459,6660,427
Madhya Pradesh,Indore,Indore,Cotton,Medium Staple,FAQ,2026-08-19,5830,7420,6625,162
Madhya Pradesh,Indore,Indore,Cotton,Medium Staple,FAQ,2026-08-18,5833,7424,6629,471
Madhya Pradesh,Indore,Indore,Cotton,Medium Staple,FAQ,2026-08-17,5885,7490,6688,348
Madhya Pradesh,Indore,Indore,Cotton,Medium Staple,FAQ,2026-08-16,5845,7440,6643,604
Madhya Pradesh,Indore,Indore,Cotton,Medium Staple,FAQ,2026-08-15,5849,7444,6647,574
Madhya Pradesh,Indore,Indore,Cotton,Medium Staple,FAQ,2026-08-14,5855,7452,6654,313
Madhya Pradesh,Indore,Indore,Cotton,Medium Staple,FAQ,2026-08-13,5869,7470,6670,311
Madhya Pradesh,Indore,Indore,Cotton,Medium Staple,FAQ,2026-08-12,5919,7534,6727,432
Madhya Pradesh,Indore,Indore,Cotton,Medium Staple,FAQ,2026-08-11,5880,7483,6682,390
Madhya Pradesh,Indore,Indore,Cotton,Medium Staple,FAQ,2026-08-10,5871,7472,6672,228
Madhya Pradesh,Indore,Indore,Cotton,Medium Staple,FAQ,2026-08-09,5888,7495,6692,219
Madhya Pradesh,Indore,Indore,Cotton,Medium Staple,FAQ,2026-08-08,5894,7501,6698,175
Madhya Pradesh,Indore,Indore,Cotton,Medium Staple,FAQ,2026-08-07,5877,7480,6679,412
Madhya Pradesh,Indore,Indore,Cotton,Medium Staple,FAQ,2026-08-06,5902,7511,6707,258
Madhya Pradesh,Indore,Indore,Cotton,Medium Staple,FAQ,2026-08-05,5888,7493,6691,745
Madhya Pradesh,Indore,Indore,Cotton,Medium Staple,FAQ,2026-08-04,5825,7414,6620,657
Madhya Pradesh,Indore,Indore,Cotton,Medium Staple,FAQ,2026-08-03,5837,7430,6634,745
Madhya Pradesh,Indore,Indore,Cotton,Medium Staple,FAQ,2026-08-02,5800,7383,6592,416
Madhya Pradesh,Indore,Indore,Cotton,Medium Staple,FAQ,2026-08-01,5791,7370,6581,152
Madhya Pradesh,Indore,Indore,Cotton,Medium Staple,FAQ,2026-07-31,5794,7375,6585,758
Madhya Pradesh,Indore,Indore,Cotton,Medium Staple,FAQ,2026-07-30,5757,7328,6543,574
Madhya Pradesh,Indore,Indore,Cotton,Medium Staple,FAQ,2026-07-29,5793,7372,6583,730
Madhya Pradesh,Indore,Indore,Cotton,Medium Staple,FAQ,2026-07-28,5726,7287,6507,623
Madhya Pradesh,Indore,Indore,Sugarcane,Co-86032,FAQ,2026-08-26,264,336,300,410
Madhya Pradesh,Indore,Indore,Sugarcane,Co-86032,FAQ,2026-08-25,264,336,300,349
Madhya Pradesh,Indore,Indore,Sugarcane,Co-86032,FAQ,2026-08-24,264,336,300,612
Madhya Pradesh,Indore,Indore,Sugarcane,Co-86032,FAQ,2026-08-23,269,342,306,684
Madhya Pradesh,Indore,Indore,Sugarcane,Co-86032,FAQ,2026-08-22,278,353,316,652
Madhya Pradesh,Indore,Indore,Sugarcane,Co-86032,FAQ,2026-08-21,264,336,300,185
Madhya Pradesh,Indore,Indore,Sugarcane,Co-86032,FAQ,2026-08-20,302,385,344,228
Madhya Pradesh,Indore,Indore,Sugarcane,Co-86032,FAQ,2026-08-19,299,380,340,160
Madhya Pradesh,Indore,Indore,Sugarcane,Co-86032,FAQ,2026-08-18,352,448,400,607
Madhya Pradesh,Indore,Indore,Sugarcane,Co-86032,FAQ,2026-08-17,315,400,358,503
Madhya Pradesh,Indore,Indore,Sugarcane,Co-86032,FAQ,2026-08-16,381,486,434,577
Madhya Pradesh,Indore,Indore,Sugarcane,Co-86032,FAQ,2026-08-15,387,492,440,339
Madhya Pradesh,Indore,Indore,Sugarcane,Co-86032,FAQ,2026-08-14,371,472,422,217
Madhya Pradesh,Indore,Indore,Sugarcane,Co-86032,FAQ,2026-08-13,348,443,396,429
Madhya Pradesh,Indore,Indore,Sugarcane,Co-86032,FAQ,2026-08-12,333,424,379,761
Madhya Pradesh,Indore,Indore,Sugarcane,Co-86032,FAQ,2026-08-11,343,436,390,321
Madhya Pradesh,Indore,Indore,Sugarcane,Co-86032,FAQ,2026-08-10,334,425,380,317
Madhya Pradesh,Indore,Indore,Sugarcane,Co-86032,FAQ,2026-08-09,393,500,447,374
Madhya Pradesh,Indore,Indore,Sugarcane,Co-86032,FAQ,2026-08-08,390,497,444,413
Madhya Pradesh,Indore,Indore,Sugarcane,Co-86032,FAQ,2026-08-07,364,463,414,550
Madhya Pradesh,Indore,Indore,Sugarcane,Co-86032,FAQ,2026-08-06,363,462,413,306
Madhya Pradesh,Indore,Indore,Sugarcane,Co-86032,FAQ,2026-08-05,344,437,391,691
Madhya Pradesh,Indore,Indore,Sugarcane,Co-86032,FAQ,2026-08-04,362,461,412,370
Madhya Pradesh,Indore,Indore,Sugarcane,Co-86032,FAQ,2026-08-03,315,402,359,696
Madhya Pradesh,Indore,Indore,Sugarcane,Co-86032,FAQ,2026-08-02,282,359,321,153
Madhya Pradesh,Indore,Indore,Sugarcane,Co-86032,FAQ,2026-08-01,315,400,358,481
Madhya Pradesh,Indore,Indore,Sugarcane,Co-86032,FAQ,2026-07-31,270,343,307,783
Madhya Pradesh,Indore,Indore,Sugarcane,Co-86032,FAQ,2026-07-30,264,336,300,269
Madhya Pradesh,Indore,Indore,Sugarcane,Co-86032,FAQ,2026-07-29,264,336,300,184
Madhya Pradesh,Indore,Indore,Sugarcane,Co-86032,FAQ,2026-07-28,264,336,300,736
Madhya Pradesh,Indore,Indore,Mustard,Black,FAQ,2026-08-26,4731,6022,5377,687
Madhya Pradesh,Indore,Indore,Mustard,Yellow,FAQ,2026-08-25,4749,6044,5397,428
Madhya Pradesh,Indore,Indore,Mustard,Yellow,FAQ,2026-08-24,4736,6027,5382,244
Madhya Pradesh,Indore,Indore,Mustard,Black,FAQ,2026-08-23,4787,6092,5440,515
Madhya Pradesh,Indore,Indore,Mustard,Yellow,FAQ,2026-08-22,4776,6079,5428,663
Madhya Pradesh,Indore,Indore,Mustard,Yellow,FAQ,2026-08-21,4827,6144,5486,324
Madhya Pradesh,Indore,Indore,Mustard,Black,FAQ,2026-08-20,4812,6125,5469,799
Madhya Pradesh,Indore,Indore,Mustard,Yellow,FAQ,2026-08-19,4827,6144,5486,216
Madhya Pradesh,Indore,Indore,Mustard,Black,FAQ,2026-08-18,4812,6125,5469,686
Madhya Pradesh,Indore,Indore,Mustard,Yellow,FAQ,2026-08-17,4827,6144,5486,544
Madhya Pradesh,Indore,Indore,Mustard,Yellow,FAQ,2026-08-16,4895,6230,5563,277
Madhya Pradesh,Indore,Indore,Mustard,Black,FAQ,2026-08-15,4849,6172,5511,282
Madhya Pradesh,Indore,Indore,Mustard,Black,FAQ,2026-08-14,4846,6167,5507,601
Madhya Pradesh,Indore,Indore,Mustard,Black,FAQ,2026-08-13,4895,6230,5563,366
Madhya Pradesh,Indore,Indore,Mustard,Black,FAQ,2026-08-12,4877,6208,5543,406
Madhya Pradesh,Indore,Indore,Mustard,Yellow,FAQ,2026-08-11,4858,6183,5521,772
Madhya Pradesh,Indore,Indore,Mustard,Yellow,FAQ,2026-08-10,4876,6205,5541,689
Madhya Pradesh,Indore,Indore,Mustard,Yellow,FAQ,2026-08-09,4878,6209,5544,446
Madhya Pradesh,Indore,Indore,Mustard,Yellow,FAQ,2026-08-08,4866,6193,5530,695
Madhya Pradesh,Indore,Indore,Mustard,Black,FAQ,2026-08-07,4840,6161,5501,216
Madhya Pradesh,Indore,Indore,Mustard,Yellow,FAQ,2026-08-06,4878,6209,5544,332
Madhya Pradesh,Indore,Indore,Mustard,Yellow,FAQ,2026-08-05,4881,6212,5547,335
Madhya Pradesh,Indore,Indore,Mustard,Yellow,FAQ,2026-08-04,4876,6205,5541,374
Madhya Pradesh,Indore,Indore,Mustard,Yellow,FAQ,2026-08-03,4801,6110,5456,474
Madhya Pradesh,Indore,Indore,Mustard,Black,FAQ,2026-08-02,4825,6140,5483,335
Madhya Pradesh,Indore,Indore,Mustard,Yellow,FAQ,2026-08-01,4832,6149,5491,558
Madhya Pradesh,Indore,Indore,Mustard,Black,FAQ,2026-07-31,4810,6123,5467,247
Madhya Pradesh,Indore,Indore,Mustard,Yellow,FAQ,2026-07-30,4752,6048,5400,162
Madhya Pradesh,Indore,Indore,Mustard,Black,FAQ,2026-07-29,4749,6044,5397,798
Madhya Pradesh,Indore,Indore,Mustard,Black,FAQ,2026-07-28,4744,6039,5392,774
Madhya Pradesh,Indore,Indore,Grapes,Thompson Seedless,FAQ,2026-08-26,4318,5495,4907,284
Madhya Pradesh,Indore,Indore,Grapes,Thompson Seedless,FAQ,2026-08-25,4312,5488,4900,437
Madhya Pradesh,Indore,Indore,Grapes,Thompson Seedless,FAQ,2026-08-24,4342,5527,4935,608
Madhya Pradesh,Indore,Indore,Grapes,Thompson Seedless,FAQ,2026-08-23,4354,5541,4948,348
Madhya Pradesh,Indore,Indore,Grapes,Thompson Seedless,FAQ,2026-08-22,4366,5557,4962,355
Madhya Pradesh,Indore,Indore,Grapes,Thompson Seedless,FAQ,2026-08-21,4418,5623,5021,581
Madhya Pradesh,Indore,Indore,Grapes,Thompson Seedless,FAQ,2026-08-20,4392,5591,4992,187
Madhya Pradesh,Indore,Indore,Grapes,Thompson Seedless,FAQ,2026-08-19,4418,5623,5021,449
Madhya Pradesh,Indore,Indore,Grapes,Thompson Seedless,FAQ,2026-08-18,4460,5677,5069,126
Madhya Pradesh,Indore,Indore,Grapes,Thompson Seedless,FAQ,2026-08-17,4456,5671,5064,678
Madhya Pradesh,Indore,Indore,Grapes,Thompson Seedless,FAQ,2026-08-16,4486,5709,5098,396
Madhya Pradesh,Indore,Indore,Grapes,Thompson Seedless,FAQ,2026-08-15,4504,5733,5119,702
Madhya Pradesh,Indore,Indore,Grapes,Thompson Seedless,FAQ,2026-08-14,4466,5685,5076,547
Madhya Pradesh,Indore,Indore,Grapes,Thompson Seedless,FAQ,2026-08-13,4471,5690,5081,297
Madhya Pradesh,Indore,Indore,Grapes,Thompson Seedless,FAQ,2026-08-12,4467,5686,5077,475
Madhya Pradesh,Indore,Indore,Grapes,Thompson Seedless,FAQ,2026-08-11,4453,5668,5061,158
Madhya Pradesh,Indore,Indore,Grapes,Thompson Seedless,FAQ,2026-08-10,4510,5740,5125,495
Madhya Pradesh,Indore,Indore,Grapes,Thompson Seedless,FAQ,2026-08-09,4482,5705,5094,435
Madhya Pradesh,Indore,Indore,Grapes,Thompson Seedless,FAQ,2026-08-08,4495,5720,5108,200
Madhya Pradesh,Indore,Indore,Grapes,Thompson Seedless,FAQ,2026-08-07,4491,5716,5104,789
Madhya Pradesh,Indore,Indore,Grapes,Thompson Seedless,FAQ,2026-08-06,4466,5684,5075,166
Madhya Pradesh,Indore,Indore,Grapes,Thompson Seedless,FAQ,2026-08-05,4465,5682,5074,536
Madhya Pradesh,Indore,Indore,Grapes,Thompson Seedless,FAQ,2026-08-04,4433,5642,5038,236
Madhya Pradesh,Indore,Indore,Grapes,Thompson Seedless,FAQ,2026-08-03,4419,5624,5022,431
Madhya Pradesh,Indore,Indore,Grapes,Thompson Seedless,FAQ,2026-08-02,4435,5644,5040,619
Madhya Pradesh,Indore,Indore,Grapes,Thompson Seedless,FAQ,2026-08-01,4434,5643,5039,288
Madhya Pradesh,Indore,Indore,Grapes,Thompson Seedless,FAQ,2026-07-31,4394,5593,4994,182
Madhya Pradesh,Indore,Indore,Grapes,Thompson Seedless,FAQ,2026-07-30,4387,5584,4986,155
Madhya Pradesh,Indore,Indore,Grapes,Thompson Seedless,FAQ,2026-07-29,4324,5503,4914,176
Madhya Pradesh,Indore,Indore,Grapes,Thompson Seedless,FAQ,2026-07-28,4357,5546,4952,465
Madhya Pradesh,Indore,Indore,Pomegranate,Bhagwa,FAQ,2026-08-26,5641,7180,6411,449
Madhya Pradesh,Indore,Indore,Pomegranate,Bhagwa,FAQ,2026-08-25,5636,7173,6405,768
Madhya Pradesh,Indore,Indore,Pomegranate,Bhagwa,FAQ,2026-08-24,5686,7237,6462,136
Madhya Pradesh,Indore,Indore,Pomegranate,Bhagwa,FAQ,2026-08-23,5702,7257,6480,437
Madhya Pradesh,Indore,Indore,Pomegranate,Bhagwa,FAQ,2026-08-22,5679,7228,6454,585
Madhya Pradesh,Indore,Indore,Pomegranate,Bhagwa,FAQ,2026-08-21,5724,7285,6505,281
Madhya Pradesh,Indore,Indore,Pomegranate,Bhagwa,FAQ,2026-08-20,5712,7271,6492,525
Madhya Pradesh,Indore,Indore,Pomegranate,Bhagwa,FAQ,2026-08-19,5727,7290,6509,729
Madhya Pradesh,Indore,Indore,Pomegranate,Bhagwa,FAQ,2026-08-18,5752,7321,6537,382
Madhya Pradesh,Indore,Indore,Pomegranate,Bhagwa,FAQ,2026-08-17,5796,7377,6587,169
Madhya Pradesh,Indore,Indore,Pomegranate,Bhagwa,FAQ,2026-08-16,5815,7402,6609,158
Madhya Pradesh,Indore,Indore,Pomegranate,Bhagwa,FAQ,2026-08-15,5816,7403,6610,211
Madhya Pradesh,Indore,Indore,Pomegranate,Bhagwa,FAQ,2026-08-14,5830,7421,6626,266
Madhya Pradesh,Indore,Indore,Pomegranate,Bhagwa,FAQ,2026-08-13,5770,7343,6557,759
Madhya Pradesh,Indore,Indore,Pomegranate,Bhagwa,FAQ,2026-08-12,5775,7350,6563,700
Madhya Pradesh,Indore,Indore,Pomegranate,Bhagwa,FAQ,2026-08-11,5829,7418,6624,493
Madhya Pradesh,Indore,Indore,Pomegranate,Bhagwa,FAQ,2026-08-10,5782,7359,6571,129
Madhya Pradesh,Indore,Indore,Pomegranate,Bhagwa,FAQ,2026-08-09,5781,7358,6570,581
Madhya Pradesh,Indore,Indore,Pomegranate,Bhagwa,FAQ,2026-08-08,5804,7387,6596,772
Madhya Pradesh,Indore,Indore,Pomegranate,Bhagwa,FAQ,2026-08-07,5793,7374,6584,274
Madhya Pradesh,Indore,Indore,Pomegranate,Bhagwa,FAQ,2026-08-06,5778,7353,6566,555
Madhya Pradesh,Indore,Indore,Pomegranate,Bhagwa,FAQ,2026-08-05,5812,7397,6605,201
Madhya Pradesh,Indore,Indore,Pomegranate,Bhagwa,FAQ,2026-08-04,5779,7356,6568,687
Madhya Pradesh,Indore,Indore,Pomegranate,Bhagwa,FAQ,2026-08-03,5736,7301,6519,642
Madhya Pradesh,Indore,Indore,Pomegranate,Bhagwa,FAQ,2026-08-02,5770,7343,6557,319
Madhya Pradesh,Indore,Indore,Pomegranate,Bhagwa,FAQ,2026-08-01,5698,7252,6475,623
Madhya Pradesh,Indore,Indore,Pomegranate,Bhagwa,FAQ,2026-07-31,5710,7267,6489,647
Madhya Pradesh,Indore,Indore,Pomegranate,Bhagwa,FAQ,2026-07-30,5689,7240,6465,625
Madhya Pradesh,Indore,Indore,Pomegranate,Bhagwa,FAQ,2026-07-29,5709,7266,6488,136
Madhya Pradesh,Indore,Indore,Pomegranate,Bhagwa,FAQ,2026-07-28,5684,7235,6460,302
Madhya Pradesh,Indore,Sanwer,Tomato,Local,FAQ,2026-08-26,1821,2318,2070,236
Madhya Pradesh,Indore,Sanwer,Tomato,Vaishali,FAQ,2026-08-25,1840,2341,2091,218
Madhya Pradesh,Indore,Sanwer,Tomato,Hybrid,FAQ,2026-08-24,1870,2381,2126,700
Madhya Pradesh,Indore,Sanwer,Tomato,Vaishali,FAQ,2026-08-23,1934,2461,2198,443
Madhya Pradesh,Indore,Sanwer,Tomato,Hybrid,FAQ,2026-08-22,1902,2421,2162,608
Madhya Pradesh,Indore,Sanwer,Tomato,Local,FAQ,2026-08-21,1958,2492,2225,367
Madhya Pradesh,Indore,Sanwer,Tomato,Local,FAQ,2026-08-20,1985,2526,2256,543
Madhya Pradesh,Indore,Sanwer,Tomato,Local,FAQ,2026-08-19,2005,2552,2279,660
Madhya Pradesh,Indore,Sanwer,Tomato,Vaishali,FAQ,2026-08-18,1992,2535,2264,363
Madhya Pradesh,Indore,Sanwer,Tomato,Hybrid,FAQ,2026-08-17,1987,2530,2259,573
Madhya Pradesh,Indore,Sanwer,Tomato,Vaishali,FAQ,2026-08-16,1986,2527,2257,188
Madhya Pradesh,Indore,Sanwer,Tomato,Local,FAQ,2026-08-15,1995,2540,2268,342
Madhya Pradesh,Indore,Sanwer,Tomato,Local,FAQ,2026-08-14,2052,2611,2332,405
Madhya Pradesh,Indore,Sanwer,Tomato,Local,FAQ,2026-08-13,2016,2567,2292,302
Madhya Pradesh,Indore,Sanwer,Tomato,Vaishali,FAQ,2026-08-12,1997,2542,2270,628
Madhya Pradesh,Indore,Sanwer,Tomato,Vaishali,FAQ,2026-08-11,2029,2582,2306,461
Madhya Pradesh,Indore,Sanwer,Tomato,Local,FAQ,2026-08-10,2056,2617,2337,153
Madhya Pradesh,Indore,Sanwer,Tomato,Vaishali,FAQ,2026-08-09,1995,2540,2268,586
Madhya Pradesh,Indore,Sanwer,Tomato,Vaishali,FAQ,2026-08-08,2003,2550,2277,187
Madhya Pradesh,Indore,Sanwer,Tomato,Vaishali,FAQ,2026-08-07,1980,2521,2251,428
Madhya Pradesh,Indore,Sanwer,Tomato,Local,FAQ,2026-08-06,2007,2554,2281,628
Madhya Pradesh,Indore,Sanwer,Tomato,Hybrid,FAQ,2026-08-05,2029,2582,2306,530
Madhya Pradesh,Indore,Sanwer,Tomato,Local,FAQ,2026-08-04,2009,2556,2283,694
Madhya Pradesh,Indore,Sanwer,Tomato,Vaishali,FAQ,2026-08-03,1987,2528,2258,521
Madhya Pradesh,Indore,Sanwer,Tomato,Local,FAQ,2026-08-02,1990,2533,2262,642
Madhya Pradesh,Indore,Sanwer,Tomato,Local,FAQ,2026-08-01,1932,2459,2196,348
Madhya Pradesh,Indore,Sanwer,Tomato,Hybrid,FAQ,2026-07-31,1914,2437,2176,681
Madhya Pradesh,Indore,Sanwer,Tomato,Hybrid,FAQ,2026-07-30,1936,2465,2201,267
Madhya Pradesh,Indore,Sanwer,Tomato,Vaishali,FAQ,2026-07-29,1896,2413,2155,799
Madhya Pradesh,Indore,Sanwer,Tomato,Vaishali,FAQ,2026-07-28,1841,2344,2093,504
Madhya Pradesh,Indore,Sanwer,Onion,Red,FAQ,2026-08-26,1544,1965,1755,124
Madhya Pradesh,Indore,Sanwer,Onion,Red,FAQ,2026-08-25,1576,2005,1791,646
Madhya Pradesh,Indore,Sanwer,Onion,White,FAQ,2026-08-24,1591,2026,1809,222
Madhya Pradesh,Indore,Sanwer,Onion,Garwa,FAQ,2026-08-23,1573,2002,1788,336
Madhya Pradesh,Indore,Sanwer,Onion,White,FAQ,2026-08-22,1642,2089,1866,429
Madhya Pradesh,Indore,Sanwer,Onion,Red,FAQ,2026-08-21,1613,2052,1833,646
Madhya Pradesh,Indore,Sanwer,Onion,Red,FAQ,2026-08-20,1650,2101,1876,545
Madhya Pradesh,Indore,Sanwer,Onion,Garwa,FAQ,2026-08-19,1699,2162,1931,245
Madhya Pradesh,Indore,Sanwer,Onion,White,FAQ,2026-08-18,1676,2133,1905,779
Madhya Pradesh,Indore,Sanwer,Onion,Red,FAQ,2026-08-17,1716,2184,1950,161
Madhya Pradesh,Indore,Sanwer,Onion,White,FAQ,2026-08-16,1682,2141,1912,544
Madhya Pradesh,Indore,Sanwer,Onion,White,FAQ,2026-08-15,1678,2135,1907,536
Madhya Pradesh,Indore,Sanwer,Onion,White,FAQ,2026-08-14,1743,2218,1981,121
Madhya Pradesh,Indore,Sanwer,Onion,Red,FAQ,2026-08-13,1686,2147,1917,688
Madhya Pradesh,Indore,Sanwer,Onion,Garwa,FAQ,2026-08-12,1714,2181,1948,350
Madhya Pradesh,Indore,Sanwer,Onion,White,FAQ,2026-08-11,1680,2139,1910,348
Madhya Pradesh,Indore,Sanwer,Onion,Garwa,FAQ,2026-08-10,1749,2226,1988,494
Madhya Pradesh,Indore,Sanwer,Onion,Red,FAQ,2026-08-09,1746,2223,1985,637
Madhya Pradesh,Indore,Sanwer,Onion,Red,FAQ,2026-08-08,1704,2169,1937,499
Madhya Pradesh,Indore,Sanwer,Onion,Red,FAQ,2026-08-07,1699,2162,1931,191
Madhya Pradesh,Indore,Sanwer,Onion,Red,FAQ,2026-08-06,1714,2181,1948,654
Madhya Pradesh,Indore,Sanwer,Onion,White,FAQ,2026-08-05,1686,2147,1917,703
Madhya Pradesh,Indore,Sanwer,Onion,Red,FAQ,2026-08-04,1657,2108,1883,529
Madhya Pradesh,Indore,Sanwer,Onion,Red,FAQ,2026-08-03,1678,2135,1907,103
Madhya Pradesh,Indore,Sanwer,Onion,Red,FAQ,2026-08-02,1649,2098,1874,524
Madhya Pradesh,Indore,Sanwer,Onion,Red,FAQ,2026-08-01,1621,2064,1843,745
Madhya Pradesh,Indore,Sanwer,Onion,Garwa,FAQ,2026-07-31,1639,2086,1863,654
Madhya Pradesh,Indore,Sanwer,Onion,Red,FAQ,2026-07-30,1605,2042,1824,664
Madhya Pradesh,Indore,Sanwer,Onion,White,FAQ,2026-07-29,1606,2045,1826,747
Madhya Pradesh,Indore,Sanwer,Onion,Garwa,FAQ,2026-07-28,1537,1956,1747,666
Madhya Pradesh,Indore,Sanwer,Wheat,FAQ,FAQ,2026-08-26,2071,2636,2354,470
Madhya Pradesh,Indore,Sanwer,Wheat,Lok-1,FAQ,2026-08-25,2090,2660,2375,428
Madhya Pradesh,Indore,Sanwer,Wheat,Lok-1,FAQ,2026-08-24,2138,2721,2430,788
Madhya Pradesh,Indore,Sanwer,Wheat,Sharbati,FAQ,2026-08-23,2108,2683,2396,427
Madhya Pradesh,Indore,Sanwer,Wheat,FAQ,FAQ,2026-08-22,2129,2710,2420,376
Madhya Pradesh,Indore,Sanwer,Wheat,Sharbati,FAQ,2026-08-21,2185,2782,2484,457
Madhya Pradesh,Indore,Sanwer,Wheat,Lok-1,FAQ,2026-08-20,2155,2742,2449,484
Madhya Pradesh,Indore,Sanwer,Wheat,Sharbati,FAQ,2026-08-19,2221,2826,2524,394
Madhya Pradesh,Indore,Sanwer,Wheat,FAQ,FAQ,2026-08-18,2181,2776,2479,379
Madhya Pradesh,Indore,Sanwer,Wheat,Sharbati,FAQ,2026-08-17,2196,2795,2496,315
Madhya Pradesh,Indore,Sanwer,Wheat,Sharbati,FAQ,2026-08-16,2251,2864,2558,519
Madhya Pradesh,Indore,Sanwer,Wheat,FAQ,FAQ,2026-08-15,2196,2795,2496,562
Madhya Pradesh,Indore,Sanwer,Wheat,Sharbati,FAQ,2026-08-14,2222,2829,2526,315
Madhya Pradesh,Indore,Sanwer,Wheat,Lok-1,FAQ,2026-08-13,2220,2825,2523,356
Madhya Pradesh,Indore,Sanwer,Wheat,Sharbati,FAQ,2026-08-12,2233,2842,2538,663
Madhya Pradesh,Indore,Sanwer,Wheat,Lok-1,FAQ,2026-08-11,2268,2887,2578,435
Madhya Pradesh,Indore,Sanwer,Wheat,Sharbati,FAQ,2026-08-10,2272,2891,2582,262
Madhya Pradesh,Indore,Sanwer,Wheat,Lok-1,FAQ,2026-08-09,2253,2868,2561,378
Madhya Pradesh,Indore,Sanwer,Wheat,FAQ,FAQ,2026-08-08,2217,2822,2520,782
Madhya Pradesh,Indore,Sanwer,Wheat,FAQ,FAQ,2026-08-07,2242,2853,2548,383
Madhya Pradesh,Indore,Sanwer,Wheat,Lok-1,FAQ,2026-08-06,2209,2812,2511,513
Madhya Pradesh,Indore,Sanwer,Wheat,Sharbati,FAQ,2026-08-05,2182,2777,2480,397
Madhya Pradesh,Indore,Sanwer,Wheat,FAQ,FAQ,2026-08-04,2177,2770,2474,440
Madhya Pradesh,Indore,Sanwer,Wheat,Sharbati,FAQ,2026-08-03,2192,2791,2492,178
Madhya Pradesh,Indore,Sanwer,Wheat,FAQ,FAQ,2026-08-02,2151,2738,2445,645
Madhya Pradesh,Indore,Sanwer,Wheat,FAQ,FAQ,2026-08-01,2141,2724,2433,618
Madhya Pradesh,Indore,Sanwer,Wheat,Lok-1,FAQ,2026-07-31,2170,2763,2467,596
Madhya Pradesh,Indore,Sanwer,Wheat,Sharbati,FAQ,2026-07-30,2140,2723,2432,776
Madhya Pradesh,Indore,Sanwer,Wheat,Lok-1,FAQ,2026-07-29,2138,2721,2430,451
Madhya Pradesh,Indore,Sanwer,Wheat,FAQ,FAQ,2026-07-28,2067,2630,2349,341
Madhya Pradesh,Indore,Sanwer,Rice,Paddy(Dpr),FAQ,2026-08-26,2227,2834,2531,167
Madhya Pradesh,Indore,Sanwer,Rice,Paddy(Dpr),FAQ,2026-08-25,2225,2832,2529,201
Madhya Pradesh,Indore,Sanwer,Rice,Swarna,FAQ,2026-08-24,2212,2815,2514,579
Madhya Pradesh,Indore,Sanwer,Rice,Basmati,FAQ,2026-08-23,2235,2844,2540,567
Madhya Pradesh,Indore,Sanwer,Rice,Paddy(Dpr),FAQ,2026-08-22,2273,2894,2584,322
Madhya Pradesh,Indore,Sanwer,Rice,Paddy(Dpr),FAQ,2026-08-21,2330,2965,2648,300
Madhya Pradesh,Indore,Sanwer,Rice,Swarna,FAQ,2026-08-20,2337,2974,2656,315
Madhya Pradesh,Indore,Sanwer,Rice,Basmati,FAQ,2026-08-19,2351,2992,2672,324
Madhya Pradesh,Indore,Sanwer,Rice,Swarna,FAQ,2026-08-18,2319,2952,2636,725
Madhya Pradesh,Indore,Sanwer,Rice,Paddy(Dpr),FAQ,2026-08-17,2360,3003,2682,312
Madhya Pradesh,Indore,Sanwer,Rice,Swarna,FAQ,2026-08-16,2380,3029,2705,516
Madhya Pradesh,Indore,Sanwer,Rice,Basmati,FAQ,2026-08-15,2340,2979,2660,139
Madhya Pradesh,Indore,Sanwer,Rice,Basmati,FAQ,2026-08-14,2363,3008,2686,564
Madhya Pradesh,Indore,Sanwer,Rice,Basmati,FAQ,2026-08-13,2339,2976,2658,493
Madhya Pradesh,Indore,Sanwer,Rice,Paddy(Dpr),FAQ,2026-08-12,2355,2998,2677,778
Madhya Pradesh,Indore,Sanwer,Rice,Paddy(Dpr),FAQ,2026-08-11,2383,3034,2709,420
Madhya Pradesh,Indore,Sanwer,Rice,Paddy(Dpr),FAQ,2026-08-10,2403,3058,2731,619
Madhya Pradesh,Indore,Sanwer,Rice,Basmati,FAQ,2026-08-09,2357,3000,2679,615
Madhya Pradesh,Indore,Sanwer,Rice,Paddy(Dpr),FAQ,2026-08-08,2365,3010,2688,708
Madhya Pradesh,Indore,Sanwer,Rice,Basmati,FAQ,2026-08-07,2361,3004,2683,775
Madhya Pradesh,Indore,Sanwer,Rice,Paddy(Dpr),FAQ,2026-08-06,2326,2961,2644,683
Madhya Pradesh,Indore,Sanwer,Rice,Basmati,FAQ,2026-08-05,2378,3027,2703,504
Madhya Pradesh,Indore,Sanwer,Rice,Basmati,FAQ,2026-08-04,2354,2996,2675,467
Madhya Pradesh,Indore,Sanwer,Rice,Basmati,FAQ,2026-08-03,2324,2959,2642,228
Madhya Pradesh,Indore,Sanwer,Rice,Paddy(Dpr),FAQ,2026-08-02,2288,2913,2601,177
Madhya Pradesh,Indore,Sanwer,Rice,Paddy(Dpr),FAQ,2026-08-01,2303,2932,2618,604
Madhya Pradesh,Indore,Sanwer,Rice,Paddy(Dpr),FAQ,2026-07-31,2267,2886,2577,545
Madhya Pradesh,Indore,Sanwer,Rice,Basmati,FAQ,2026-07-30,2266,2884,2575,311
Madhya Pradesh,Indore,Sanwer,Rice,Swarna,FAQ,2026-07-29,2237,2848,2543,613
Madhya Pradesh,Indore,Sanwer,Rice,Swarna,FAQ,2026-07-28,2257,2872,2565,299
Madhya Pradesh,Indore,Sanwer,Potato,Kufri,FAQ,2026-08-26,1238,1575,1407,289
Madhya Pradesh,Indore,Sanwer,Potato,Jyoti,FAQ,2026-08-25,1279,1628,1454,724
Madhya Pradesh,Indore,Sanwer,Potato,Jyoti,FAQ,2026-08-24,1293,1646,1470,275
Madhya Pradesh,Indore,Sanwer,Potato,Kufri,FAQ,2026-08-23,1272,1619,1446,680
Madhya Pradesh,Indore,Sanwer,Potato,Kufri,FAQ,2026-08-22,1340,1705,1523,415
Madhya Pradesh,Indore,Sanwer,Potato,Kufri,FAQ,2026-08-21,1348,1715,1532,709
Madhya Pradesh,Indore,Sanwer,Potato,Kufri,FAQ,2026-08-20,1327,1690,1509,689
Madhya Pradesh,Indore,Sanwer,Potato,Kufri,FAQ,2026-08-19,1373,1748,1561,323
Madhya Pradesh,Indore,Sanwer,Potato,Kufri,FAQ,2026-08-18,1338,1703,1521,628
Madhya Pradesh,Indore,Sanwer,Potato,Kufri,FAQ,2026-08-17,1357,1728,1543,338
Madhya Pradesh,Indore,Sanwer,Potato,Jyoti,FAQ,2026-08-16,1408,1793,1601,110
Madhya Pradesh,Indore,Sanwer,Potato,Kufri,FAQ,2026-08-15,1428,1817,1623,748
Madhya Pradesh,Indore,Sanwer,Potato,Kufri,FAQ,2026-08-14,1421,1808,1615,285
Madhya Pradesh,Indore,Sanwer,Potato,Kufri,FAQ,2026-08-13,1432,1823,1628,681
Madhya Pradesh,Indore,Sanwer,Potato,Jyoti,FAQ,2026-08-12,1416,1803,1610,162
Madhya Pradesh,Indore,Sanwer,Potato,Kufri,FAQ,2026-08-11,1389,1768,1579,165
Madhya Pradesh,Indore,Sanwer,Potato,Jyoti,FAQ,2026-08-10,1431,1822,1627,314
Madhya Pradesh,Indore,Sanwer,Potato,Jyoti,FAQ,2026-08-09,1393,1772,1583,502
Madhya Pradesh,Indore,Sanwer,Potato,Kufri,FAQ,2026-08-08,1426,1815,1621,416
Madhya Pradesh,Indore,Sanwer,Potato,Kufri,FAQ,2026-08-07,1398,1779,1589,201
Madhya Pradesh,Indore,Sanwer,Potato,Kufri,FAQ,2026-08-06,1375,1750,1563,661
Madhya Pradesh,Indore,Sanwer,Potato,Jyoti,FAQ,2026-08-05,1400,1781,1591,283
Madhya Pradesh,Indore,Sanwer,Potato,Jyoti,FAQ,2026-08-04,1373,1748,1561,510
Madhya Pradesh,Indore,Sanwer,Potato,Kufri,FAQ,2026-08-03,1366,1739,1553,755
Madhya Pradesh,Indore,Sanwer,Potato,Jyoti,FAQ,2026-08-02,1340,1705,1523,586
Madhya Pradesh,Indore,Sanwer,Potato,Jyoti,FAQ,2026-08-01,1349,1716,1533,688
Madhya Pradesh,Indore,Sanwer,Potato,Jyoti,FAQ,2026-07-31,1279,1628,1454,658
Madhya Pradesh,Indore,Sanwer,Potato,Jyoti,FAQ,2026-07-30,1308,1665,1487,594
Madhya Pradesh,Indore,Sanwer,Potato,Jyoti,FAQ,2026-07-29,1255,1598,1427,252
Madhya Pradesh,Indore,Sanwer,Potato,Kufri,FAQ,2026-07-28,1284,1635,1460,795
Madhya Pradesh,Indore,Sanwer,Soyabean,JS-335,FAQ,2026-08-26,3756,4781,4269,459
Madhya Pradesh,Indore,Sanwer,Soyabean,Yellow,FAQ,2026-08-25,3835,4882,4359,335
Madhya Pradesh,Indore,Sanwer,Soyabean,Yellow,FAQ,2026-08-24,3832,4877,4355,240
Madhya Pradesh,Indore,Sanwer,Soyabean,JS-335,FAQ,2026-08-23,3842,4891,4367,781
Madhya Pradesh,Indore,Sanwer,Soyabean,JS-335,FAQ,2026-08-22,3858,4911,4385,152
Madhya Pradesh,Indore,Sanwer,Soyabean,JS-335,FAQ,2026-08-21,3874,4931,4403,324
Madhya Pradesh,Indore,Sanwer,Soyabean,Yellow,FAQ,2026-08-20,3923,4994,4459,162
Madhya Pradesh,Indore,Sanwer,Soyabean,JS-335,FAQ,2026-08-19,3911,4978,4445,637
Madhya Pradesh,Indore,Sanwer,Soyabean,JS-335,FAQ,2026-08-18,3937,5010,4474,713
Madhya Pradesh,Indore,Sanwer,Soyabean,Yellow,FAQ,2026-08-17,3899,4962,4431,594
Madhya Pradesh,Indore,Sanwer,Soyabean,JS-335,FAQ,2026-08-16,3935,5008,4472,537
Madhya Pradesh,Indore,Sanwer,Soyabean,JS-335,FAQ,2026-08-15,3966,5047,4507,397
Madhya Pradesh,Indore,Sanwer,Soyabean,Yellow,FAQ,2026-08-14,3974,5059,4517,481
Madhya Pradesh,Indore,Sanwer,Soyabean,JS-335,FAQ,2026-08-13,3945,5022,4484,773
Madhya Pradesh,Indore,Sanwer,Soyabean,JS-335,FAQ,2026-08-12,3952,5029,4491,677
Madhya Pradesh,Indore,Sanwer,Soyabean,JS-335,FAQ,2026-08-11,3930,5001,4466,320
Madhya Pradesh,Indore,Sanwer,Soyabean,JS-335,FAQ,2026-08-10,3967,5050,4509,442
Madhya Pradesh,Indore,Sanwer,Soyabean,JS-335,FAQ,2026-08-09,3941,5016,4479,184
Madhya Pradesh,Indore,Sanwer,Soyabean,JS-335,FAQ,2026-08-08,3975,5060,4518,561
Madhya Pradesh,Indore,Sanwer,Soyabean,Yellow,FAQ,2026-08-07,3919,4988,4454,486
Madhya Pradesh,Indore,Sanwer,Soyabean,Yellow,FAQ,2026-08-06,3952,5031,4492,260
Madhya Pradesh,Indore,Sanwer,Soyabean,JS-335,FAQ,2026-08-05,3919,4988,4454,596
Madhya Pradesh,Indore,Sanwer,Soyabean,JS-335,FAQ,2026-08-04,3932,5005,4469,787
Madhya Pradesh,Indore,Sanwer,Soyabean,Yellow,FAQ,2026-08-03,3921,4990,4456,532
Madhya Pradesh,Indore,Sanwer,Soyabean,JS-335,FAQ,2026-08-02,3869,4924,4397,434
Madhya Pradesh,Indore,Sanwer,Soyabean,JS-335,FAQ,2026-08-01,3862,4915,4389,674
Madhya Pradesh,Indore,Sanwer,Soyabean,Yellow,FAQ,2026-07-31,3886,4947,4417,795
Madhya Pradesh,Indore,Sanwer,Soyabean,Yellow,FAQ,2026-07-30,3829,4874,4352,718
Madhya Pradesh,Indore,Sanwer,Soyabean,JS-335,FAQ,2026-07-29,3832,4877,4355,158
Madhya Pradesh,Indore,Sanwer,Soyabean,JS-335,FAQ,2026-07-28,3774,4803,4289,134
Madhya Pradesh,Indore,Sanwer,Maize,Hybrid,FAQ,2026-08-26,1628,2072,1850,240
Madhya Pradesh,Indore,Sanwer,Maize,Hybrid,FAQ,2026-08-25,1647,2096,1872,170
Madhya Pradesh,Indore,Sanwer,Maize,Yellow,FAQ,2026-08-24,1656,2107,1882,238
Madhya Pradesh,Indore,Sanwer,Maize,Hybrid,FAQ,2026-08-23,1675,2132,1904,398
Madhya Pradesh,Indore,Sanwer,Maize,Yellow,FAQ,2026-08-22,1721,2190,1956,108
Madhya Pradesh,Indore,Sanwer,Maize,Hybrid,FAQ,2026-08-21,1700,2163,1932,745
Madhya Pradesh,Indore,Sanwer,Maize,Hybrid,FAQ,2026-08-20,1743,2218,1981,325
Madhya Pradesh,Indore,Sanwer,Maize,Yellow,FAQ,2026-08-19,1731,2204,1968,367
Madhya Pradesh,Indore,Sanwer,Maize,Hybrid,FAQ,2026-08-18,1750,2227,1989,786
Madhya Pradesh,Indore,Sanwer,Maize,Yellow,FAQ,2026-08-17,1753,2232,1993,558
Madhya Pradesh,Indore,Sanwer,Maize,Yellow,FAQ,2026-08-16,1801,2292,2047,468
Madhya Pradesh,Indore,Sanwer,Maize,Yellow,FAQ,2026-08-15,1788,2275,2032,564
Madhya Pradesh,Indore,Sanwer,Maize,Hybrid,FAQ,2026-08-14,1780,2265,2023,674
Madhya Pradesh,Indore,Sanwer,Maize,Hybrid,FAQ,2026-08-13,1818,2313,2066,461
Madhya Pradesh,Indore,Sanwer,Maize,Hybrid,FAQ,2026-08-12,1832,2331,2082,415
Madhya Pradesh,Indore,Sanwer,Maize,Yellow,FAQ,2026-08-11,1804,2297,2051,582
Madhya Pradesh,Indore,Sanwer,Maize,Yellow,FAQ,2026-08-10,1787,2274,2031,740
Madhya Pradesh,Indore,Sanwer,Maize,Hybrid,FAQ,2026-08-09,1784,2271,2028,646
Madhya Pradesh,Indore,Sanwer,Maize,Hybrid,FAQ,2026-08-08,1804,2296,2050,533
Madhya Pradesh,Indore,Sanwer,Maize,Yellow,FAQ,2026-08-07,1789,2278,2034,626
Madhya Pradesh,Indore,Sanwer,Maize,Yellow,FAQ,2026-08-06,1807,2300,2054,488
Madhya Pradesh,Indore,Sanwer,Maize,Hybrid,FAQ,2026-08-05,1771,2254,2013,611
Madhya Pradesh,Indore,Sanwer,Maize,Yellow,FAQ,2026-08-04,1789,2276,2033,353
Madhya Pradesh,Indore,Sanwer,Maize,Yellow,FAQ,2026-08-03,1760,2241,2001,275
Madhya Pradesh,Indore,Sanwer,Maize,Yellow,FAQ,2026-08-02,1724,2195,1960,426
Madhya Pradesh,Indore,Sanwer,Maize,Yellow,FAQ,2026-08-01,1706,2171,1939,334
Madhya Pradesh,Indore,Sanwer,Maize,Hybrid,FAQ,2026-07-31,1704,2169,1937,153
Madhya Pradesh,Indore,Sanwer,Maize,Yellow,FAQ,2026-07-30,1722,2191,1957,657
Madhya Pradesh,Indore,Sanwer,Maize,Yellow,FAQ,2026-07-29,1677,2134,1906,567
Madhya Pradesh,Indore,Sanwer,Maize,Yellow,FAQ,2026-07-28,1667,2122,1895,558
Madhya Pradesh,Indore,Sanwer,Cotton,Medium Staple,FAQ,2026-08-26,5744,7311,6528,596
Madhya Pradesh,Indore,Sanwer,Cotton,Medium Staple,FAQ,2026-08-25,5728,7291,6510,397
Madhya Pradesh,Indore,Sanwer,Cotton,Medium Staple,FAQ,2026-08-24,5753,7322,6538,772
Madhya Pradesh,Indore,Sanwer,Cotton,Medium Staple,FAQ,2026-08-23,5769,7342,6556,177
Madhya Pradesh,Indore,Sanwer,Cotton,Medium Staple,FAQ,2026-08-22,5836,7427,6632,651
Madhya Pradesh,Indore,Sanwer,Cotton,Medium Staple,FAQ,2026-08-21,5808,7392,6600,262
Madhya Pradesh,Indore,Sanwer,Cotton,Medium Staple,FAQ,2026-08-20,5862,7461,6662,161
Madhya Pradesh,Indore,Sanwer,Cotton,Medium Staple,FAQ,2026-08-19,5873,7474,6674,151
Madhya Pradesh,Indore,Sanwer,Cotton,Medium Staple,FAQ,2026-08-18,5876,7479,6678,679
Madhya Pradesh,Indore,Sanwer,Cotton,Medium Staple,FAQ,2026-08-17,5883,7488,6686,684
Madhya Pradesh,Indore,Sanwer,Cotton,Medium Staple,FAQ,2026-08-16,5853,7450,6652,633
Madhya Pradesh,Indore,Sanwer,Cotton,Medium Staple,FAQ,2026-08-15,5849,7444,6647,159
Madhya Pradesh,Indore,Sanwer,Cotton,Medium Staple,FAQ,2026-08-14,5873,7474,6674,746
Madhya Pradesh,Indore,Sanwer,Cotton,Medium Staple,FAQ,2026-08-13,5908,7519,6714,341
Madhya Pradesh,Indore,Sanwer,Cotton,Medium Staple,FAQ,2026-08-12,5923,7538,6731,476
Madhya Pradesh,Indore,Sanwer,Cotton,Medium Staple,FAQ,2026-08-11,5885,7490,6688,231
Madhya Pradesh,Indore,Sanwer,Cotton,Medium Staple,FAQ,2026-08-10,5868,7469,6669,270
Madhya Pradesh,Indore,Sanwer,Cotton,Medium Staple,FAQ,2026-08-09,5924,7539,6732,504
Madhya Pradesh,Indore,Sanwer,Cotton,Medium Staple,FAQ,2026-08-08,5874,7477,6676,780
Madhya Pradesh,Indore,Sanwer,Cotton,Medium Staple,FAQ,2026-08-07,5895,7502,6699,598
Madhya Pradesh,Indore,Sanwer,Cotton,Medium Staple,FAQ,2026-08-06,5900,7509,6705,196
Madhya Pradesh,Indore,Sanwer,Cotton,Medium Staple,FAQ,2026-08-05,5841,7434,6638,420
Madhya Pradesh,Indore,Sanwer,Cotton,Medium Staple,FAQ,2026-08-04,5831,7422,6627,283
Madhya Pradesh,Indore,Sanwer,Cotton,Medium Staple,FAQ,2026-08-03,5858,7455,6657,357
Madhya Pradesh,Indore,Sanwer,Cotton,Medium Staple,FAQ,2026-08-02,5848,7443,6646,466
Madhya Pradesh,Indore,Sanwer,Cotton,Medium Staple,FAQ,2026-08-01,5793,7374,6584,607
Madhya Pradesh,Indore,Sanwer,Cotton,Medium Staple,FAQ,2026-07-31,5815,7402,6609,106
Madhya Pradesh,Indore,Sanwer,Cotton,Medium Staple,FAQ,2026-07-30,5749,7316,6533,578
Madhya Pradesh,Indore,Sanwer,Cotton,Medium Staple,FAQ,2026-07-29,5786,7364,6575,607
Madhya Pradesh,Indore,Sanwer,Cotton,Medium Staple,FAQ,2026-07-28,5719,7278,6499,563
Madhya Pradesh,Indore,Sanwer,Sugarcane,Co-86032,FAQ,2026-08-26,264,336,300,344
Madhya Pradesh,Indore,Sanwer,Sugarcane,Co-86032,FAQ,2026-08-25,264,336,300,527
Madhya Pradesh,Indore,Sanwer,Sugarcane,Co-86032,FAQ,2026-08-24,264,336,300,107
Madhya Pradesh,Indore,Sanwer,Sugarcane,Co-86032,FAQ,2026-08-23,264,336,300,318
Madhya Pradesh,Indore,Sanwer,Sugarcane,Co-86032,FAQ,2026-08-22,264,336,300,125
Madhya Pradesh,Indore,Sanwer,Sugarcane,Co-86032,FAQ,2026-08-21,264,336,300,720
Madhya Pradesh,Indore,Sanwer,Sugarcane,Co-86032,FAQ,2026-08-20,326,415,371,630
Madhya Pradesh,Indore,Sanwer,Sugarcane,Co-86032,FAQ,2026-08-19,338,431,385,694
Madhya Pradesh,Indore,Sanwer,Sugarcane,Co-86032,FAQ,2026-08-18,352,449,401,412
Madhya Pradesh,Indore,Sanwer,Sugarcane,Co-86032,FAQ,2026-08-17,319,406,363,290
Madhya Pradesh,Indore,Sanwer,Sugarcane,Co-86032,FAQ,2026-08-16,355,452,404,215
Madhya Pradesh,Indore,Sanwer,Sugarcane,Co-86032,FAQ,2026-08-15,327,416,372,605
Madhya Pradesh,Indore,Sanwer,Sugarcane,Co-86032,FAQ,2026-08-14,371,472,422,785
Madhya Pradesh,Indore,Sanwer,Sugarcane,Co-86032,FAQ,2026-08-13,374,477,426,287
Madhya Pradesh,Indore,Sanwer,Sugarcane,Co-86032,FAQ,2026-08-12,362,461,412,440
Madhya Pradesh,Indore,Sanwer,Sugarcane,Co-86032,FAQ,2026-08-11,396,505,451,326
Madhya Pradesh,Indore,Sanwer,Sugarcane,Co-86032,FAQ,2026-08-10,378,481,430,155
Madhya Pradesh,Indore,Sanwer,Sugarcane,Co-86032,FAQ,2026-08-09,361,460,411,235
Madhya Pradesh,Indore,Sanwer,Sugarcane,Co-86032,FAQ,2026-08-08,340,433,387,461
Madhya Pradesh,Indore,Sanwer,Sugarcane,Co-86032,FAQ,2026-08-07,374,476,425,471
Madhya Pradesh,Indore,Sanwer,Sugarcane,Co-86032,FAQ,2026-08-06,327,416,372,450
Madhya Pradesh,Indore,Sanwer,Sugarcane,Co-86032,FAQ,2026-08-05,326,415,371,429
Madhya Pradesh,Indore,Sanwer,Sugarcane,Co-86032,FAQ,2026-08-04,352,449,401,388
Madhya Pradesh,Indore,Sanwer,Sugarcane,Co-86032,FAQ,2026-08-03,302,385,344,696
Madhya Pradesh,Indore,Sanwer,Sugarcane,Co-86032,FAQ,2026-08-02,325,414,370,727
Madhya Pradesh,Indore,Sanwer,Sugarcane,Co-86032,FAQ,2026-08-01,264,336,300,350
Madhya Pradesh,Indore,Sanwer,Sugarcane,Co-86032,FAQ,2026-07-31,264,336,300,264
Madhya Pradesh,Indore,Sanwer,Sugarcane,Co-86032,FAQ,2026-07-30,289,368,329,240
Madhya Pradesh,Indore,Sanwer,Sugarcane,Co-86032,FAQ,2026-07-29,264,336,300,403
Madhya Pradesh,Indore,Sanwer,Sugarcane,Co-86032,FAQ,2026-07-28,264,336,300,332
Madhya Pradesh,Indore,Sanwer,Mustard,Yellow,FAQ,2026-08-26,4686,5964,5325,726
Madhya Pradesh,Indore,Sanwer,Mustard,Black,FAQ,2026-08-25,4708,5992,5350,176
Madhya Pradesh,Indore,Sanwer,Mustard,Yellow,FAQ,2026-08-24,4750,6045,5398,247
Madhya Pradesh,Indore,Sanwer,Mustard,Black,FAQ,2026-08-23,4757,6054,5406,707
Madhya Pradesh,Indore,Sanwer,Mustard,Yellow,FAQ,2026-08-22,4821,6136,5479,161
Madhya Pradesh,Indore,Sanwer,Mustard,Yellow,FAQ,2026-08-21,4814,6127,5471,161
Madhya Pradesh,Indore,Sanwer,Mustard,Yellow,FAQ,2026-08-20,4827,6144,5486,649
Madhya Pradesh,Indore,Sanwer,Mustard,Yellow,FAQ,2026-08-19,4811,6124,5468,641
Madhya Pradesh,Indore,Sanwer,Mustard,Black,FAQ,2026-08-18,4856,6181,5519,566
Madhya Pradesh,Indore,Sanwer,Mustard,Yellow,FAQ,2026-08-17,4826,6143,5485,302
Madhya Pradesh,Indore,Sanwer,Mustard,Black,FAQ,2026-08-16,4869,6198,5534,580
Madhya Pradesh,Indore,Sanwer,Mustard,Black,FAQ,2026-08-15,4849,6172,5511,346
Madhya Pradesh,Indore,Sanwer,Mustard,Yellow,FAQ,2026-08-14,4851,6174,5513,364
Madhya Pradesh,Indore,Sanwer,Mustard,Black,FAQ,2026-08-13,4854,6179,5517,764
Madhya Pradesh,Indore,Sanwer,Mustard,Black,FAQ,2026-08-12,4899,6236,5568,699
Madhya Pradesh,Indore,Sanwer,Mustard,Yellow,FAQ,2026-08-11,4894,6229,5562,350
Madhya Pradesh,Indore,Sanwer,Mustard,Yellow,FAQ,2026-08-10,4850,6173,5512,640
Madhya Pradesh,Indore,Sanwer,Mustard,Yellow,FAQ,2026-08-09,4885,6218,5552,385
Madhya Pradesh,Indore,Sanwer,Mustard,Yellow,FAQ,2026-08-08,4870,6199,5535,334
Madhya Pradesh,Indore,Sanwer,Mustard,Black,FAQ,2026-08-07,4840,6161,5501,193
Madhya Pradesh,Indore,Sanwer,Mustard,Yellow,FAQ,2026-08-06,4859,6184,5522,796
Madhya Pradesh,Indore,Sanwer,Mustard,Black,FAQ,2026-08-05,4891,6224,5558,769
Madhya Pradesh,Indore,Sanwer,Mustard,Yellow,FAQ,2026-08-04,4830,6147,5489,532
Madhya Pradesh,Indore,Sanwer,Mustard,Black,FAQ,2026-08-03,4804,6115,5460,241
Madhya Pradesh,Indore,Sanwer,Mustard,Yellow,FAQ,2026-08-02,4839,6158,5499,639
Madhya Pradesh,Indore,Sanwer,Mustard,Yellow,FAQ,2026-08-01,4799,6108,5454,717
Madhya Pradesh,Indore,Sanwer,Mustard,Black,FAQ,2026-07-31,4798,6107,5453,565
Madhya Pradesh,Indore,Sanwer,Mustard,Black,FAQ,2026-07-30,4779,6082,5431,404
Madhya Pradesh,Indore,Sanwer,Mustard,Yellow,FAQ,2026-07-29,4755,6052,5404,231
Madhya Pradesh,Indore,Sanwer,Mustard,Black,FAQ,2026-07-28,4744,6037,5391,390
Madhya Pradesh,Indore,Sanwer,Grapes,Thompson Seedless,FAQ,2026-08-26,4347,5532,4940,188
Madhya Pradesh,Indore,Sanwer,Grapes,Thompson Seedless,FAQ,2026-08-25,4366,5557,4962,211
Madhya Pradesh,Indore,Sanwer,Grapes,Thompson Seedless,FAQ,2026-08-24,4370,5563,4967,305
Madhya Pradesh,Indore,Sanwer,Grapes,Thompson Seedless,FAQ,2026-08-23,4374,5567,4971,296
Madhya Pradesh,Indore,Sanwer,Grapes,Thompson Seedless,FAQ,2026-08-22,4397,5596,4997,619
Madhya Pradesh,Indore,Sanwer,Grapes,Thompson Seedless,FAQ,2026-08-21,4381,5576,4979,226
Madhya Pradesh,Indore,Sanwer,Grapes,Thompson Seedless,FAQ,2026-08-20,4410,5613,5012,535
Madhya Pradesh,Indore,Sanwer,Grapes,Thompson Seedless,FAQ,2026-08-19,4432,5641,5037,495
Madhya Pradesh,Indore,Sanwer,Grapes,Thompson Seedless,FAQ,2026-08-18,4446,5659,5053,624
Madhya Pradesh,Indore,Sanwer,Grapes,Thompson Seedless,FAQ,2026-08-17,4443,5654,5049,344
Madhya Pradesh,Indore,Sanwer,Grapes,Thompson Seedless,FAQ,2026-08-16,4481,5704,5093,351
Madhya Pradesh,Indore,Sanwer,Grapes,Thompson Seedless,FAQ,2026-08-15,4494,5719,5107,138
Madhya Pradesh,Indore,Sanwer,Grapes,Thompson Seedless,FAQ,2026-08-14,4452,5667,5060,681
Madhya Pradesh,Indore,Sanwer,Grapes,Thompson Seedless,FAQ,2026-08-13,4503,5732,5118,606
Madhya Pradesh,Indore,Sanwer,Grapes,Thompson Seedless,FAQ,2026-08-12,4508,5737,5123,208
Madhya Pradesh,Indore,Sanwer,Grapes,Thompson Seedless,FAQ,2026-08-11,4478,5699,5089,782
Madhya Pradesh,Indore,Sanwer,Grapes,Thompson Seedless,FAQ,2026-08-10,4502,5729,5116,285
Madhya Pradesh,Indore,Sanwer,Grapes,Thompson Seedless,FAQ,2026-08-09,4498,5725,5112,489
Madhya Pradesh,Indore,Sanwer,Grapes,Thompson Seedless,FAQ,2026-08-08,4516,5747,5132,261
Madhya Pradesh,Indore,Sanwer,Grapes,Thompson Seedless,FAQ,2026-08-07,4502,5729,5116,226
Madhya Pradesh,Indore,Sanwer,Grapes,Thompson Seedless,FAQ,2026-08-06,4473,5692,5083,149
Madhya Pradesh,Indore,Sanwer,Grapes,Thompson Seedless,FAQ,2026-08-05,4444,5657,5051,591
Madhya Pradesh,Indore,Sanwer,Grapes,Thompson Seedless,FAQ,2026-08-04,4429,5638,5034,502
Madhya Pradesh,Indore,Sanwer,Grapes,Thompson Seedless,FAQ,2026-08-03,4402,5603,5003,162
Madhya Pradesh,Indore,Sanwer,Grapes,Thompson Seedless,FAQ,2026-08-02,4414,5619,5017,240
Madhya Pradesh,Indore,Sanwer,Grapes,Thompson Seedless,FAQ,2026-08-01,4398,5597,4998,601
Madhya Pradesh,Indore,Sanwer,Grapes,Thompson Seedless,FAQ,2026-07-31,4414,5617,5016,404
Madhya Pradesh,Indore,Sanwer,Grapes,Thompson Seedless,FAQ,2026-07-30,4343,5528,4936,630
Madhya Pradesh,Indore,Sanwer,Grapes,Thompson Seedless,FAQ,2026-07-29,4341,5526,4934,648
Madhya Pradesh,Indore,Sanwer,Grapes,Thompson Seedless,FAQ,2026-07-28,4312,5489,4901,355
Madhya Pradesh,Indore,Sanwer,Pomegranate,Bhagwa,FAQ,2026-08-26,5664,7209,6437,618
Madhya Pradesh,Indore,Sanwer,Pomegranate,Bhagwa,FAQ,2026-08-25,5690,7241,6466,787
Madhya Pradesh,Indore,Sanwer,Pomegranate,Bhagwa,FAQ,2026-08-24,5647,7188,6418,746
Madhya Pradesh,Indore,Sanwer,Pomegranate,Bhagwa,FAQ,2026-08-23,5662,7207,6435,358
Madhya Pradesh,Indore,Sanwer,Pomegranate,Bhagwa,FAQ,2026-08-22,5691,7244,6468,375
Madhya Pradesh,Indore,Sanwer,Pomegranate,Bhagwa,FAQ,2026-08-21,5726,7287,6507,425
Madhya Pradesh,Indore,Sanwer,Pomegranate,Bhagwa,FAQ,2026-08-20,5735,7300,6518,119
Madhya Pradesh,Indore,Sanwer,Pomegranate,Bhagwa,FAQ,2026-08-19,5752,7321,6537,337
Madhya Pradesh,Indore,Sanwer,Pomegranate,Bhagwa,FAQ,2026-08-18,5772,7347,6560,103
Madhya Pradesh,Indore,Sanwer,Pomegranate,Bhagwa,FAQ,2026-08-17,5806,7389,6598,321
Madhya Pradesh,Indore,Sanwer,Pomegranate,Bhagwa,FAQ,2026-08-16,5812,7397,6605,497
Madhya Pradesh,Indore,Sanwer,Pomegranate,Bhagwa,FAQ,2026-08-15,5820,7407,6614,328
Madhya Pradesh,Indore,Sanwer,Pomegranate,Bhagwa,FAQ,2026-08-14,5817,7404,6611,287
Madhya Pradesh,Indore,Sanwer,Pomegranate,Bhagwa,FAQ,2026-08-13,5791,7370,6581,740
Madhya Pradesh,Indore,Sanwer,Pomegranate,Bhagwa,FAQ,2026-08-12,5815,7400,6608,562
Madhya Pradesh,Indore,Sanwer,Pomegranate,Bhagwa,FAQ,2026-08-11,5837,7428,6633,117
Madhya Pradesh,Indore,Sanwer,Pomegranate,Bhagwa,FAQ,2026-08-10,5808,7393,6601,294
Madhya Pradesh,Indore,Sanwer,Pomegranate,Bhagwa,FAQ,2026-08-09,5804,7387,6596,431
Madhya Pradesh,Indore,Sanwer,Pomegranate,Bhagwa,FAQ,2026-08-08,5804,7387,6596,329
Madhya Pradesh,Indore,Sanwer,Pomegranate,Bhagwa,FAQ,2026-08-07,5800,7381,6591,315
Madhya Pradesh,Indore,Sanwer,Pomegranate,Bhagwa,FAQ,2026-08-06,5795,7376,6586,678
Madhya Pradesh,Indore,Sanwer,Pomegranate,Bhagwa,FAQ,2026-08-05,5757,7328,6543,575
Madhya Pradesh,Indore,Sanwer,Pomegranate,Bhagwa,FAQ,2026-08-04,5801,7384,6593,100
Madhya Pradesh,Indore,Sanwer,Pomegranate,Bhagwa,FAQ,2026-08-03,5783,7360,6572,149
Madhya Pradesh,Indore,Sanwer,Pomegranate,Bhagwa,FAQ,2026-08-02,5717,7276,6497,355
Madhya Pradesh,Indore,Sanwer,Pomegranate,Bhagwa,FAQ,2026-08-01,5748,7315,6532,375
Madhya Pradesh,Indore,Sanwer,Pomegranate,Bhagwa,FAQ,2026-07-31,5736,7301,6519,179
Madhya Pradesh,Indore,Sanwer,Pomegranate,Bhagwa,FAQ,2026-07-30,5676,7225,6451,446
Madhya Pradesh,Indore,Sanwer,Pomegranate,Bhagwa,FAQ,2026-07-29,5706,7263,6485,531
Madhya Pradesh,Indore,Sanwer,Pomegranate,Bhagwa,FAQ,2026-07-28,5623,7156,6390,783
Madhya Pradesh,Ujjain,Ujjain,Tomato,Vaishali,FAQ,2026-08-26,1847,2350,2099,710
Madhya Pradesh,Ujjain,Ujjain,Tomato,Local,FAQ,2026-08-25,1891,2406,2149,591
Madhya Pradesh,Ujjain,Ujjain,Tomato,Vaishali,FAQ,2026-08-24,1860,2367,2114,580
Madhya Pradesh,Ujjain,Ujjain,Tomato,Local,FAQ,2026-08-23,1899,2416,2158,367
Madhya Pradesh,Ujjain,Ujjain,Tomato,Hybrid,FAQ,2026-08-22,1926,2451,2189,456
Madhya Pradesh,Ujjain,Ujjain,Tomato,Local,FAQ,2026-08-21,1925,2450,2188,330
Madhya Pradesh,Ujjain,Ujjain,Tomato,Local,FAQ,2026-08-20,1965,2500,2233,755
Madhya Pradesh,Ujjain,Ujjain,Tomato,Local,FAQ,2026-08-19,1962,2497,2230,395
Madhya Pradesh,Ujjain,Ujjain,Tomato,Local,FAQ,2026-08-18,1993,2536,2265,789
Madhya Pradesh,Ujjain,Ujjain,Tomato,Vaishali,FAQ,2026-08-17,2012,2561,2287,774
Madhya Pradesh,Ujjain,Ujjain,Tomato,Local,FAQ,2026-08-16,1990,2533,2262,611
Madhya Pradesh,Ujjain,Ujjain,Tomato,Local,FAQ,2026-08-15,1984,2525,2255,352
Madhya Pradesh,Ujjain,Ujjain,Tomato,Hybrid,FAQ,2026-08-14,2010,2559,2285,103
Madhya Pradesh,Ujjain,Ujjain,Tomato,Local,FAQ,2026-08-13,2016,2567,2292,615
Madhya Pradesh,Ujjain,Ujjain,Tomato,Vaishali,FAQ,2026-08-12,2043,2600,2322,757
Madhya Pradesh,Ujjain,Ujjain,Tomato,Local,FAQ,2026-08-11,2049,2608,2329,309
Madhya Pradesh,Ujjain,Ujjain,Tomato,Hybrid,FAQ,2026-08-10,2002,2549,2276,785
Madhya Pradesh,Ujjain,Ujjain,Tomato,Vaishali,FAQ,2026-08-09,1993,2536,2265,756
Madhya Pradesh,Ujjain,Ujjain,Tomato,Vaishali,FAQ,2026-08-08,1988,2531,2260,683
Madhya Pradesh,Ujjain,Ujjain,Tomato,Local,FAQ,2026-08-07,2032,2587,2310,792
Madhya Pradesh,Ujjain,Ujjain,Tomato,Local,FAQ,2026-08-06,2021,2572,2297,704
Madhya Pradesh,Ujjain,Ujjain,Tomato,Hybrid,FAQ,2026-08-05,1963,2498,2231,537
Madhya Pradesh,Ujjain,Ujjain,Tomato,Vaishali,FAQ,2026-08-04,2016,2567,2292,744
Madhya Pradesh,Ujjain,Ujjain,Tomato,Local,FAQ,2026-08-03,1973,2512,2243,380
Madhya Pradesh,Ujjain,Ujjain,Tomato,Vaishali,FAQ,2026-08-02,1943,2472,2208,637
Madhya Pradesh,Ujjain,Ujjain,Tomato,Vaishali,FAQ,2026-08-01,1911,2432,2172,409
Madhya Pradesh,Ujjain,Ujjain,Tomato,Local,FAQ,2026-07-31,1905,2424,2165,568
Madhya Pradesh,Ujjain,Ujjain,Tomato,Vaishali,FAQ,2026-07-30,1943,2474,2209,651
Madhya Pradesh,Ujjain,Ujjain,Tomato,Local,FAQ,2026-07-29,1859,2366,2113,575
Madhya Pradesh,Ujjain,Ujjain,Tomato,Hybrid,FAQ,2026-07-28,1849,2354,2102,185
Madhya Pradesh,Ujjain,Ujjain,Onion,Garwa,FAQ,2026-08-26,1509,1920,1715,205
Madhya Pradesh,Ujjain,Ujjain,Onion,Garwa,FAQ,2026-08-25,1576,2005,1791,143
Madhya Pradesh,Ujjain,Ujjain,Onion,White,FAQ,2026-08-24,1597,2032,1815,276
Madhya Pradesh,Ujjain,Ujjain,Onion,Red,FAQ,2026-08-23,1620,2063,1842,731
Madhya Pradesh,Ujjain,Ujjain,Onion,Red,FAQ,2026-08-22,1637,2084,1861,634
Madhya Pradesh,Ujjain,Ujjain,Onion,White,FAQ,2026-08-21,1664,2117,1891,313
Madhya Pradesh,Ujjain,Ujjain,Onion,Garwa,FAQ,2026-08-20,1639,2086,1863,174
Madhya Pradesh,Ujjain,Ujjain,Onion,White,FAQ,2026-08-19,1635,2080,1858,109
Madhya Pradesh,Ujjain,Ujjain,Onion,White,FAQ,2026-08-18,1695,2158,1927,583
Madhya Pradesh,Ujjain,Ujjain,Onion,White,FAQ,2026-08-17,1696,2159,1928,645
Madhya Pradesh,Ujjain,Ujjain,Onion,Red,FAQ,2026-08-16,1682,2141,1912,681
Madhya Pradesh,Ujjain,Ujjain,Onion,Red,FAQ,2026-08-15,1694,2157,1926,617
Madhya Pradesh,Ujjain,Ujjain,Onion,Red,FAQ,2026-08-14,1689,2150,1920,524
Madhya Pradesh,Ujjain,Ujjain,Onion,Red,FAQ,2026-08-13,1710,2177,1944,158
Madhya Pradesh,Ujjain,Ujjain,Onion,Red,FAQ,2026-08-12,1715,2182,1949,488
Madhya Pradesh,Ujjain,Ujjain,Onion,White,FAQ,2026-08-11,1709,2176,1943,257
Madhya Pradesh,Ujjain,Ujjain,Onion,White,FAQ,2026-08-10,1730,2203,1967,476
Madhya Pradesh,Ujjain,Ujjain,Onion,White,FAQ,2026-08-09,1696,2159,1928,703
Madhya Pradesh,Ujjain,Ujjain,Onion,White,FAQ,2026-08-08,1716,2184,1950,695
Madhya Pradesh,Ujjain,Ujjain,Onion,Red,FAQ,2026-08-07,1681,2140,1911,770
Madhya Pradesh,Ujjain,Ujjain,Onion,White,FAQ,2026-08-06,1694,2157,1926,778
Madhya Pradesh,Ujjain,Ujjain,Onion,Garwa,FAQ,2026-08-05,1713,2180,1947,790
Madhya Pradesh,Ujjain,Ujjain,Onion,White,FAQ,2026-08-04,1680,2139,1910,533
Madhya Pradesh,Ujjain,Ujjain,Onion,Red,FAQ,2026-08-03,1693,2154,1924,500
Madhya Pradesh,Ujjain,Ujjain,Onion,White,FAQ,2026-08-02,1674,2131,1903,719
Madhya Pradesh,Ujjain,Ujjain,Onion,Garwa,FAQ,2026-08-01,1629,2074,1852,212
Madhya Pradesh,Ujjain,Ujjain,Onion,Garwa,FAQ,2026-07-31,1592,2027,1810,388
Madhya Pradesh,Ujjain,Ujjain,Onion,White,FAQ,2026-07-30,1603,2040,1822,471
Madhya Pradesh,Ujjain,Ujjain,Onion,Garwa,FAQ,2026-07-29,1615,2056,1836,538
Madhya Pradesh,Ujjain,Ujjain,Onion,Red,FAQ,2026-07-28,1589,2022,1806,459
Madhya Pradesh,Ujjain,Ujjain,Wheat,FAQ,FAQ,2026-08-26,2052,2611,2332,685
Madhya Pradesh,Ujjain,Ujjain,Wheat,Lok-1,FAQ,2026-08-25,2065,2628,2347,455
Madhya Pradesh,Ujjain,Ujjain,Wheat,FAQ,FAQ,2026-08-24,2125,2704,2415,633
Madhya Pradesh,Ujjain,Ujjain,Wheat,Lok-1,FAQ,2026-08-23,2126,2705,2416,582
Madhya Pradesh,Ujjain,Ujjain,Wheat,Sharbati,FAQ,2026-08-22,2121,2700,2411,435
Madhya Pradesh,Ujjain,Ujjain,Wheat,Lok-1,FAQ,2026-08-21,2139,2722,2431,380
Madhya Pradesh,Ujjain,Ujjain,Wheat,Sharbati,FAQ,2026-08-20,2180,2775,2478,790
Madhya Pradesh,Ujjain,Ujjain,Wheat,Sharbati,FAQ,2026-08-19,2227,2834,2531,579
Madhya Pradesh,Ujjain,Ujjain,Wheat,FAQ,FAQ,2026-08-18,2229,2838,2534,549
Madhya Pradesh,Ujjain,Ujjain,Wheat,Lok-1,FAQ,2026-08-17,2203,2804,2504,249
Madhya Pradesh,Ujjain,Ujjain,Wheat,Lok-1,FAQ,2026-08-16,2249,2862,2556,504
Madhya Pradesh,Ujjain,Ujjain,Wheat,FAQ,FAQ,2026-08-15,2207,2810,2509,681
Madhya Pradesh,Ujjain,Ujjain,Wheat,Sharbati,FAQ,2026-08-14,2248,2861,2555,223
Madhya Pradesh,Ujjain,Ujjain,Wheat,Sharbati,FAQ,2026-08-13,2242,2853,2548,173
Madhya Pradesh,Ujjain,Ujjain,Wheat,Lok-1,FAQ,2026-08-12,2228,2835,2532,276
Madhya Pradesh,Ujjain,Ujjain,Wheat,FAQ,FAQ,2026-08-11,2264,2881,2573,667
Madhya Pradesh,Ujjain,Ujjain,Wheat,Lok-1,FAQ,2026-08-10,2277,2898,2588,571
Madhya Pradesh,Ujjain,Ujjain,Wheat,Sharbati,FAQ,2026-08-09,2240,2851,2546,714
Madhya Pradesh,Ujjain,Ujjain,Wheat,Sharbati,FAQ,2026-08-08,2212,2815,2514,756
Madhya Pradesh,Ujjain,Ujjain,Wheat,Lok-1,FAQ,2026-08-07,2218,2823,2521,243
Madhya Pradesh,Ujjain,Ujjain,Wheat,FAQ,FAQ,2026-08-06,2208,2811,2510,516
Madhya Pradesh,Ujjain,Ujjain,Wheat,Lok-1,FAQ,2026-08-05,2218,2823,2521,236
Madhya Pradesh,Ujjain,Ujjain,Wheat,Sharbati,FAQ,2026-08-04,2233,2842,2538,592
Madhya Pradesh,Ujjain,Ujjain,Wheat,Sharbati,FAQ,2026-08-03,2187,2784,2486,477
Madhya Pradesh,Ujjain,Ujjain,Wheat,FAQ,FAQ,2026-08-02,2170,2763,2467,699
Madhya Pradesh,Ujjain,Ujjain,Wheat,Sharbati,FAQ,2026-08-01,2186,2783,2485,746
Madhya Pradesh,Ujjain,Ujjain,Wheat,FAQ,FAQ,2026-07-31,2141,2726,2434,455
Madhya Pradesh,Ujjain,Ujjain,Wheat,Sharbati,FAQ,2026-07-30,2150,2737,2444,641
Madhya Pradesh,Ujjain,Ujjain,Wheat,Sharbati,FAQ,2026-07-29,2134,2717,2426,373
Madhya Pradesh,Ujjain,Ujjain,Wheat,Lok-1,FAQ,2026-07-28,2107,2682,2395,493
Madhya Pradesh,Ujjain,Ujjain,Rice,Swarna,FAQ,2026-08-26,2181,2776,2479,211
Madhya Pradesh,Ujjain,Ujjain,Rice,Swarna,FAQ,2026-08-25,2218,2823,2521,320
Madhya Pradesh,Ujjain,Ujjain,Rice,Basmati,FAQ,2026-08-24,2229,2838,2534,716
Madhya Pradesh,Ujjain,Ujjain,Rice,Paddy(Dpr),FAQ,2026-08-23,2239,2850,2545,221
Madhya Pradesh,Ujjain,Ujjain,Rice,Basmati,FAQ,2026-08-22,2306,2935,2621,158
Madhya Pradesh,Ujjain,Ujjain,Rice,Swarna,FAQ,2026-08-21,2323,2956,2640,239
Madhya Pradesh,Ujjain,Ujjain,Rice,Paddy(Dpr),FAQ,2026-08-20,2285,2908,2597,212
Madhya Pradesh,Ujjain,Ujjain,Rice,Swarna,FAQ,2026-08-19,2349,2990,2670,316
Madhya Pradesh,Ujjain,Ujjain,Rice,Paddy(Dpr),FAQ,2026-08-18,2362,3007,2685,147
Madhya Pradesh,Ujjain,Ujjain,Rice,Basmati,FAQ,2026-08-17,2315,2946,2631,356
Madhya Pradesh,Ujjain,Ujjain,Rice,Swarna,FAQ,2026-08-16,2348,2989,2669,187
Madhya Pradesh,Ujjain,Ujjain,Rice,Swarna,FAQ,2026-08-15,2381,3030,2706,656
Madhya Pradesh,Ujjain,Ujjain,Rice,Paddy(Dpr),FAQ,2026-08-14,2388,3039,2714,674
Madhya Pradesh,Ujjain,Ujjain,Rice,Paddy(Dpr),FAQ,2026-08-13,2370,3017,2694,389
Madhya Pradesh,Ujjain,Ujjain,Rice,Swarna,FAQ,2026-08-12,2396,3049,2723,543
Madhya Pradesh,Ujjain,Ujjain,Rice,Swarna,FAQ,2026-08-11,2343,2982,2663,800
Madhya Pradesh,Ujjain,Ujjain,Rice,Swarna,FAQ,2026-08-10,2405,3060,2733,381
Madhya Pradesh,Ujjain,Ujjain,Rice,Paddy(Dpr),FAQ,2026-08-09,2370,3017,2694,197
Madhya Pradesh,Ujjain,Ujjain,Rice,Swarna,FAQ,2026-08-08,2336,2973,2655,435
Madhya Pradesh,Ujjain,Ujjain,Rice,Basmati,FAQ,2026-08-07,2359,3002,2681,739
Madhya Pradesh,Ujjain,Ujjain,Rice,Basmati,FAQ,2026-08-06,2356,2999,2678,683
Madhya Pradesh,Ujjain,Ujjain,Rice,Basmati,FAQ,2026-08-05,2326,2961,2644,241
Madhya Pradesh,Ujjain,Ujjain,Rice,Paddy(Dpr),FAQ,2026-08-04,2326,2961,2644,555
Madhya Pradesh,Ujjain,Ujjain,Rice,Paddy(Dpr),FAQ,2026-08-03,2322,2955,2639,196
Madhya Pradesh,Ujjain,Ujjain,Rice,Paddy(Dpr),FAQ,2026-08-02,2345,2984,2665,630
Madhya Pradesh,Ujjain,Ujjain,Rice,Paddy(Dpr),FAQ,2026-08-01,2280,2903,2592,506
Madhya Pradesh,Ujjain,Ujjain,Rice,Paddy(Dpr),FAQ,2026-07-31,2296,2923,2610,338
Madhya Pradesh,Ujjain,Ujjain,Rice,Paddy(Dpr),FAQ,2026-07-30,2270,2889,2580,715
Madhya Pradesh,Ujjain,Ujjain,Rice,Swarna,FAQ,2026-07-29,2213,2816,2515,540
Madhya Pradesh,Ujjain,Ujjain,Rice,Paddy(Dpr),FAQ,2026-07-28,2208,2811,2510,225
Madhya Pradesh,Ujjain,Ujjain,Potato,Kufri,FAQ,2026-08-26,1243,1582,1413,602
Madhya Pradesh,Ujjain,Ujjain,Potato,Jyoti,FAQ,2026-08-25,1232,1568,1400,570
Madhya Pradesh,Ujjain,Ujjain,Potato,Jyoti,FAQ,2026-08-24,1276,1625,1451,164
Madhya Pradesh,Ujjain,Ujjain,Potato,Jyoti,FAQ,2026-08-23,1315,1674,1495,673
Madhya Pradesh,Ujjain,Ujjain,Potato,Kufri,FAQ,2026-08-22,1315,1674,1495,351
Madhya Pradesh,Ujjain,Ujjain,Potato,Kufri,FAQ,2026-08-21,1332,1695,1514,501
Madhya Pradesh,Ujjain,Ujjain,Potato,Jyoti,FAQ,2026-08-20,1337,1702,1520,196
Madhya Pradesh,Ujjain,Ujjain,Potato,Kufri,FAQ,2026-08-19,1353,1722,1538,321
Madhya Pradesh,Ujjain,Ujjain,Potato,Jyoti,FAQ,2026-08-18,1368,1741,1555,242
Madhya Pradesh,Ujjain,Ujjain,Potato,Jyoti,FAQ,2026-08-17,1396,1777,1587,583
Madhya Pradesh,Ujjain,Ujjain,Potato,Jyoti,FAQ,2026-08-16,1380,1757,1569,316
Madhya Pradesh,Ujjain,Ujjain,Potato,Kufri,FAQ,2026-08-15,1415,1800,1608,505
Madhya Pradesh,Ujjain,Ujjain,Potato,Kufri,FAQ,2026-08-14,1392,1771,1582,285
Madhya Pradesh,Ujjain,Ujjain,Potato,Jyoti,FAQ,2026-08-13,1424,1813,1619,791
Madhya Pradesh,Ujjain,Ujjain,Potato,Kufri,FAQ,2026-08-12,1390,1769,1580,522
Madhya Pradesh,Ujjain,Ujjain,Potato,Jyoti,FAQ,2026-08-11,1408,1793,1601,362
Madhya Pradesh,Ujjain,Ujjain,Potato,Jyoti,FAQ,2026-08-10,1414,1799,1607,593
Madhya Pradesh,Ujjain,Ujjain,Potato,Jyoti,FAQ,2026-08-09,1438,1831,1635,677
Madhya Pradesh,Ujjain,Ujjain,Potato,Jyoti,FAQ,2026-08-08,1403,1786,1595,705
Madhya Pradesh,Ujjain,Ujjain,Potato,Kufri,FAQ,2026-08-07,1361,1732,1547,453
Madhya Pradesh,Ujjain,Ujjain,Potato,Jyoti,FAQ,2026-08-06,1366,1739,1553,225
Madhya Pradesh,Ujjain,Ujjain,Potato,Jyoti,FAQ,2026-08-05,1352,1721,1537,669
Madhya Pradesh,Ujjain,Ujjain,Potato,Kufri,FAQ,2026-08-04,1378,1753,1566,538
Madhya Pradesh,Ujjain,Ujjain,Potato,Kufri,FAQ,2026-08-03,1361,1732,1547,278
Madhya Pradesh,Ujjain,Ujjain,Potato,Kufri,FAQ,2026-08-02,1379,1756,1568,490
Madhya Pradesh,Ujjain,Ujjain,Potato,Jyoti,FAQ,2026-08-01,1327,1690,1509,153
Madhya Pradesh,Ujjain,Ujjain,Potato,Kufri,FAQ,2026-07-31,1320,1680,1500,530
Madhya Pradesh,Ujjain,Ujjain,Potato,Kufri,FAQ,2026-07-30,1290,1641,1466,461
Madhya Pradesh,Ujjain,Ujjain,Potato,Kufri,FAQ,2026-07-29,1245,1584,1415,102
Madhya Pradesh,Ujjain,Ujjain,Potato,Kufri,FAQ,2026-07-28,1243,1582,1413,734
Madhya Pradesh,Ujjain,Ujjain,Soyabean,Yellow,FAQ,2026-08-26,3756,4781,4269,345
Madhya Pradesh,Ujjain,Ujjain,Soyabean,Yellow,FAQ,2026-08-25,3798,4833,4316,227
Madhya Pradesh,Ujjain,Ujjain,Soyabean,Yellow,FAQ,2026-08-24,3835,4880,4358,357
Madhya Pradesh,Ujjain,Ujjain,Soyabean,Yellow,FAQ,2026-08-23,3838,4885,4362,391
Madhya Pradesh,Ujjain,Ujjain,Soyabean,JS-335,FAQ,2026-08-22,3865,4920,4393,478
Madhya Pradesh,Ujjain,Ujjain,Soyabean,Yellow,FAQ,2026-08-21,3888,4949,4419,711
Madhya Pradesh,Ujjain,Ujjain,Soyabean,JS-335,FAQ,2026-08-20,3877,4934,4406,414
Madhya Pradesh,Ujjain,Ujjain,Soyabean,Yellow,FAQ,2026-08-19,3895,4958,4427,618
Madhya Pradesh,Ujjain,Ujjain,Soyabean,Yellow,FAQ,2026-08-18,3938,5013,4476,119
Madhya Pradesh,Ujjain,Ujjain,Soyabean,JS-335,FAQ,2026-08-17,3908,4975,4442,767
Madhya Pradesh,Ujjain,Ujjain,Soyabean,JS-335,FAQ,2026-08-16,3913,4980,4447,626
Madhya Pradesh,Ujjain,Ujjain,Soyabean,Yellow,FAQ,2026-08-15,3934,5007,4471,520
Madhya Pradesh,Ujjain,Ujjain,Soyabean,JS-335,FAQ,2026-08-14,3952,5029,4491,450
Madhya Pradesh,Ujjain,Ujjain,Soyabean,Yellow,FAQ,2026-08-13,3945,5020,4483,587
Madhya Pradesh,Ujjain,Ujjain,Soyabean,JS-335,FAQ,2026-08-12,3938,5013,4476,464
Madhya Pradesh,Ujjain,Ujjain,Soyabean,Yellow,FAQ,2026-08-11,3966,5047,4507,294
Madhya Pradesh,Ujjain,Ujjain,Soyabean,JS-335,FAQ,2026-08-10,3966,5047,4507,186
Madhya Pradesh,Ujjain,Ujjain,Soyabean,Yellow,FAQ,2026-08-09,3938,5012,4475,604
Madhya Pradesh,Ujjain,Ujjain,Soyabean,JS-335,FAQ,2026-08-08,3933,5006,4470,520
Madhya Pradesh,Ujjain,Ujjain,Soyabean,Yellow,FAQ,2026-08-07,3971,5054,4513,729
Madhya Pradesh,Ujjain,Ujjain,Soyabean,JS-335,FAQ,2026-08-06,3968,5051,4510,612
Madhya Pradesh,Ujjain,Ujjain,Soyabean,Yellow,FAQ,2026-08-05,3930,5001,4466,544
Madhya Pradesh,Ujjain,Ujjain,Soyabean,Yellow,FAQ,2026-08-04,3901,4964,4433,389
Madhya Pradesh,Ujjain,Ujjain,Soyabean,JS-335,FAQ,2026-08-03,3925,4996,4461,404
Madhya Pradesh,Ujjain,Ujjain,Soyabean,JS-335,FAQ,2026-08-02,3916,4985,4451,346
Madhya Pradesh,Ujjain,Ujjain,Soyabean,Yellow,FAQ,2026-08-01,3916,4984,4450,326
Madhya Pradesh,Ujjain,Ujjain,Soyabean,JS-335,FAQ,2026-07-31,3855,4906,4381,787
Madhya Pradesh,Ujjain,Ujjain,Soyabean,Yellow,FAQ,2026-07-30,3844,4893,4369,189
Madhya Pradesh,Ujjain,Ujjain,Soyabean,Yellow,FAQ,2026-07-29,3842,4891,4367,677
Madhya Pradesh,Ujjain,Ujjain,Soyabean,Yellow,FAQ,2026-07-28,3791,4824,4308,146
Madhya Pradesh,Ujjain,Ujjain,Maize,Hybrid,FAQ,2026-08-26,1619,2060,1840,693
Madhya Pradesh,Ujjain,Ujjain,Maize,Yellow,FAQ,2026-08-25,1645,2094,1870,439
Madhya Pradesh,Ujjain,Ujjain,Maize,Yellow,FAQ,2026-08-24,1702,2167,1935,719
Madhya Pradesh,Ujjain,Ujjain,Maize,Yellow,FAQ,2026-08-23,1696,2159,1928,127
Madhya Pradesh,Ujjain,Ujjain,Maize,Hybrid,FAQ,2026-08-22,1737,2210,1974,201
Madhya Pradesh,Ujjain,Ujjain,Maize,Yellow,FAQ,2026-08-21,1739,2214,1977,337
Madhya Pradesh,Ujjain,Ujjain,Maize,Hybrid,FAQ,2026-08-20,1765,2246,2006,127
Madhya Pradesh,Ujjain,Ujjain,Maize,Hybrid,FAQ,2026-08-19,1738,2212,1975,552
Madhya Pradesh,Ujjain,Ujjain,Maize,Hybrid,FAQ,2026-08-18,1786,2273,2030,264
Madhya Pradesh,Ujjain,Ujjain,Maize,Hybrid,FAQ,2026-08-17,1773,2256,2015,118
Madhya Pradesh,Ujjain,Ujjain,Maize,Yellow,FAQ,2026-08-16,1767,2248,2008,269
Madhya Pradesh,Ujjain,Ujjain,Maize,Hybrid,FAQ,2026-08-15,1816,2311,2064,376
Madhya Pradesh,Ujjain,Ujjain,Maize,Yellow,FAQ,2026-08-14,1769,2252,2011,471
Madhya Pradesh,Ujjain,Ujjain,Maize,Yellow,FAQ,2026-08-13,1814,2309,2062,467
Madhya Pradesh,Ujjain,Ujjain,Maize,Hybrid,FAQ,2026-08-12,1824,2321,2073,233
Madhya Pradesh,Ujjain,Ujjain,Maize,Yellow,FAQ,2026-08-11,1777,2262,2020,258
Madhya Pradesh,Ujjain,Ujjain,Maize,Hybrid,FAQ,2026-08-10,1805,2298,2052,256
Madhya Pradesh,Ujjain,Ujjain,Maize,Yellow,FAQ,2026-08-09,1818,2315,2067,206
Madhya Pradesh,Ujjain,Ujjain,Maize,Yellow,FAQ,2026-08-08,1775,2260,2018,185
Madhya Pradesh,Ujjain,Ujjain,Maize,Hybrid,FAQ,2026-08-07,1787,2274,2031,439
Madhya Pradesh,Ujjain,Ujjain,Maize,Yellow,FAQ,2026-08-06,1801,2292,2047,585
Madhya Pradesh,Ujjain,Ujjain,Maize,Yellow,FAQ,2026-08-05,1810,2303,2057,192
Madhya Pradesh,Ujjain,Ujjain,Maize,Hybrid,FAQ,2026-08-04,1737,2210,1974,380
Madhya Pradesh,Ujjain,Ujjain,Maize,Hybrid,FAQ,2026-08-03,1762,2243,2003,500
Madhya Pradesh,Ujjain,Ujjain,Maize,Hybrid,FAQ,2026-08-02,1752,2229,1991,625
Madhya Pradesh,Ujjain,Ujjain,Maize,Hybrid,FAQ,2026-08-01,1745,2222,1984,574
Madhya Pradesh,Ujjain,Ujjain,Maize,Hybrid,FAQ,2026-07-31,1744,2219,1982,380
Madhya Pradesh,Ujjain,Ujjain,Maize,Hybrid,FAQ,2026-07-30,1708,2175,1942,732
Madhya Pradesh,Ujjain,Ujjain,Maize,Yellow,FAQ,2026-07-29,1641,2088,1865,359
Madhya Pradesh,Ujjain,Ujjain,Maize,Yellow,FAQ,2026-07-28,1615,2056,1836,493
Madhya Pradesh,Ujjain,Ujjain,Cotton,Medium Staple,FAQ,2026-08-26,5739,7304,6522,304
Madhya Pradesh,Ujjain,Ujjain,Cotton,Medium Staple,FAQ,2026-08-25,5748,7315,6532,491
Madhya Pradesh,Ujjain,Ujjain,Cotton,Medium Staple,FAQ,2026-08-24,5771,7346,6559,681
Madhya Pradesh,Ujjain,Ujjain,Cotton,Medium Staple,FAQ,2026-08-23,5792,7371,6582,525
Madhya Pradesh,Ujjain,Ujjain,Cotton,Medium Staple,FAQ,2026-08-22,5820,7407,6614,257
Madhya Pradesh,Ujjain,Ujjain,Cotton,Medium Staple,FAQ,2026-08-21,5821,7408,6615,383
Madhya Pradesh,Ujjain,Ujjain,Cotton,Medium Staple,FAQ,2026-08-20,5825,7414,6620,790
Madhya Pradesh,Ujjain,Ujjain,Cotton,Medium Staple,FAQ,2026-08-19,5841,7434,6638,523
Madhya Pradesh,Ujjain,Ujjain,Cotton,Medium Staple,FAQ,2026-08-18,5878,7481,6680,756
Madhya Pradesh,Ujjain,Ujjain,Cotton,Medium Staple,FAQ,2026-08-17,5847,7442,6645,736
Madhya Pradesh,Ujjain,Ujjain,Cotton,Medium Staple,FAQ,2026-08-16,5895,7502,6699,524
Madhya Pradesh,Ujjain,Ujjain,Cotton,Medium Staple,FAQ,2026-08-15,5883,7488,6686,631
Madhya Pradesh,Ujjain,Ujjain,Cotton,Medium Staple,FAQ,2026-08-14,5899,7508,6704,140
Madhya Pradesh,Ujjain,Ujjain,Cotton,Medium Staple,FAQ,2026-08-13,5908,7519,6714,416
Madhya Pradesh,Ujjain,Ujjain,Cotton,Medium Staple,FAQ,2026-08-12,5864,7463,6664,685
Madhya Pradesh,Ujjain,Ujjain,Cotton,Medium Staple,FAQ,2026-08-11,5922,7537,6730,333
Madhya Pradesh,Ujjain,Ujjain,Cotton,Medium Staple,FAQ,2026-08-10,5909,7520,6715,132
Madhya Pradesh,Ujjain,Ujjain,Cotton,Medium Staple,FAQ,2026-08-09,5886,7491,6689,345
Madhya Pradesh,Ujjain,Ujjain,Cotton,Medium Staple,FAQ,2026-08-08,5908,7519,6714,575
Madhya Pradesh,Ujjain,Ujjain,Cotton,Medium Staple,FAQ,2026-08-07,5888,7493,6691,449
Madhya Pradesh,Ujjain,Ujjain,Cotton,Medium Staple,FAQ,2026-08-06,5852,7449,6651,723
Madhya Pradesh,Ujjain,Ujjain,Cotton,Medium Staple,FAQ,2026-08-05,5846,7441,6644,120
Madhya Pradesh,Ujjain,Ujjain,Cotton,Medium Staple,FAQ,2026-08-04,5862,7461,6662,302
Madhya Pradesh,Ujjain,Ujjain,Cotton,Medium Staple,FAQ,2026-08-03,5881,7484,6683,236
Madhya Pradesh,Ujjain,Ujjain,Cotton,Medium Staple,FAQ,2026-08-02,5861,7460,6661,755
Madhya Pradesh,Ujjain,Ujjain,Cotton,Medium Staple,FAQ,2026-08-01,5793,7372,6583,422
Madhya Pradesh,Ujjain,Ujjain,Cotton,Medium Staple,FAQ,2026-07-31,5828,7417,6623,448
Madhya Pradesh,Ujjain,Ujjain,Cotton,Medium Staple,FAQ,2026-07-30,5803,7386,6595,727
Madhya Pradesh,Ujjain,Ujjain,Cotton,Medium Staple,FAQ,2026-07-29,5757,7328,6543,477
Madhya Pradesh,Ujjain,Ujjain,Cotton,Medium Staple,FAQ,2026-07-28,5711,7268,6490,436
Madhya Pradesh,Ujjain,Ujjain,Sugarcane,Co-86032,FAQ,2026-08-26,264,336,300,763
Madhya Pradesh,Ujjain,Ujjain,Sugarcane,Co-86032,FAQ,2026-08-25,264,336,300,224
Madhya Pradesh,Ujjain,Ujjain,Sugarcane,Co-86032,FAQ,2026-08-24,264,336,300,770
Madhya Pradesh,Ujjain,Ujjain,Sugarcane,Co-86032,FAQ,2026-08-23,270,343,307,353
Madhya Pradesh,Ujjain,Ujjain,Sugarcane,Co-86032,FAQ,2026-08-22,292,371,332,719
Madhya Pradesh,Ujjain,Ujjain,Sugarcane,Co-86032,FAQ,2026-08-21,264,336,300,374
Madhya Pradesh,Ujjain,Ujjain,Sugarcane,Co-86032,FAQ,2026-08-20,301,384,343,369
Madhya Pradesh,Ujjain,Ujjain,Sugarcane,Co-86032,FAQ,2026-08-19,326,415,371,638
Madhya Pradesh,Ujjain,Ujjain,Sugarcane,Co-86032,FAQ,2026-08-18,319,406,363,681
Madhya Pradesh,Ujjain,Ujjain,Sugarcane,Co-86032,FAQ,2026-08-17,366,465,416,199
Madhya Pradesh,Ujjain,Ujjain,Sugarcane,Co-86032,FAQ,2026-08-16,316,403,360,474
Madhya Pradesh,Ujjain,Ujjain,Sugarcane,Co-86032,FAQ,2026-08-15,355,452,404,232
Madhya Pradesh,Ujjain,Ujjain,Sugarcane,Co-86032,FAQ,2026-08-14,386,491,439,613
Madhya Pradesh,Ujjain,Ujjain,Sugarcane,Co-86032,FAQ,2026-08-13,375,478,427,444
Madhya Pradesh,Ujjain,Ujjain,Sugarcane,Co-86032,FAQ,2026-08-12,380,483,432,751
Madhya Pradesh,Ujjain,Ujjain,Sugarcane,Co-86032,FAQ,2026-08-11,351,446,399,182
Madhya Pradesh,Ujjain,Ujjain,Sugarcane,Co-86032,FAQ,2026-08-10,359,456,408,523
Madhya Pradesh,Ujjain,Ujjain,Sugarcane,Co-86032,FAQ,2026-08-09,388,495,442,649
Madhya Pradesh,Ujjain,Ujjain,Sugarcane,Co-86032,FAQ,2026-08-08,352,449,401,286
Madhya Pradesh,Ujjain,Ujjain,Sugarcane,Co-86032,FAQ,2026-08-07,374,477,426,371
Madhya Pradesh,Ujjain,Ujjain,Sugarcane,Co-86032,FAQ,2026-08-06,366,465,416,588
Madhya Pradesh,Ujjain,Ujjain,Sugarcane,Co-86032,FAQ,2026-08-05,366,465,416,757
Madhya Pradesh,Ujjain,Ujjain,Sugarcane,Co-86032,FAQ,2026-08-04,331,422,377,501
Madhya Pradesh,Ujjain,Ujjain,Sugarcane,Co-86032,FAQ,2026-08-03,342,435,389,692
Madhya Pradesh,Ujjain,Ujjain,Sugarcane,Co-86032,FAQ,2026-08-02,293,372,333,357
Madhya Pradesh,Ujjain,Ujjain,Sugarcane,Co-86032,FAQ,2026-08-01,297,378,338,720
Madhya Pradesh,Ujjain,Ujjain,Sugarcane,Co-86032,FAQ,2026-07-31,264,336,300,495
Madhya Pradesh,Ujjain,Ujjain,Sugarcane,Co-86032,FAQ,2026-07-30,264,336,300,797
Madhya Pradesh,Ujjain,Ujjain,Sugarcane,Co-86032,FAQ,2026-07-29,264,336,300,750
Madhya Pradesh,Ujjain,Ujjain,Sugarcane,Co-86032,FAQ,2026-07-28,264,336,300,405
Madhya Pradesh,Ujjain,Ujjain,Mustard,Yellow,FAQ,2026-08-26,4687,5966,5327,412
Madhya Pradesh,Ujjain,Ujjain,Mustard,Black,FAQ,2026-08-25,4757,6054,5406,194
Madhya Pradesh,Ujjain,Ujjain,Mustard,Black,FAQ,2026-08-24,4736,6027,5382,265
Madhya Pradesh,Ujjain,Ujjain,Mustard,Yellow,FAQ,2026-08-23,4744,6037,5391,613
Madhya Pradesh,Ujjain,Ujjain,Mustard,Black,FAQ,2026-08-22,4813,6126,5470,353
Madhya Pradesh,Ujjain,Ujjain,Mustard,Yellow,FAQ,2026-08-21,4776,6079,5428,165
Madhya Pradesh,Ujjain,Ujjain,Mustard,Black,FAQ,2026-08-20,4788,6093,5441,157
Madhya Pradesh,Ujjain,Ujjain,Mustard,Yellow,FAQ,2026-08-19,4835,6154,5495,674
Madhya Pradesh,Ujjain,Ujjain,Mustard,Black,FAQ,2026-08-18,4813,6126,5470,763
Madhya Pradesh,Ujjain,Ujjain,Mustard,Black,FAQ,2026-08-17,4864,6191,5528,491
Madhya Pradesh,Ujjain,Ujjain,Mustard,Black,FAQ,2026-08-16,4892,6227,5560,357
Madhya Pradesh,Ujjain,Ujjain,Mustard,Yellow,FAQ,2026-08-15,4900,6237,5569,402
Madhya Pradesh,Ujjain,Ujjain,Mustard,Black,FAQ,2026-08-14,4874,6203,5539,456
Madhya Pradesh,Ujjain,Ujjain,Mustard,Yellow,FAQ,2026-08-13,4893,6228,5561,260
Madhya Pradesh,Ujjain,Ujjain,Mustard,Yellow,FAQ,2026-08-12,4853,6176,5515,321
Madhya Pradesh,Ujjain,Ujjain,Mustard,Black,FAQ,2026-08-11,4892,6227,5560,738
Madhya Pradesh,Ujjain,Ujjain,Mustard,Yellow,FAQ,2026-08-10,4878,6209,5544,253
Madhya Pradesh,Ujjain,Ujjain,Mustard,Yellow,FAQ,2026-08-09,4896,6231,5564,694
Madhya Pradesh,Ujjain,Ujjain,Mustard,Black,FAQ,2026-08-08,4905,6242,5574,228
Madhya Pradesh,Ujjain,Ujjain,Mustard,Black,FAQ,2026-08-07,4838,6157,5498,133
Madhya Pradesh,Ujjain,Ujjain,Mustard,Black,FAQ,2026-08-06,4876,6207,5542,760
Madhya Pradesh,Ujjain,Ujjain,Mustard,Yellow,FAQ,2026-08-05,4886,6219,5553,234
Madhya Pradesh,Ujjain,Ujjain,Mustard,Black,FAQ,2026-08-04,4834,6153,5494,207
Madhya Pradesh,Ujjain,Ujjain,Mustard,Yellow,FAQ,2026-08-03,4859,6184,5522,108
Madhya Pradesh,Ujjain,Ujjain,Mustard,Yellow,FAQ,2026-08-02,4818,6133,5476,474
Madhya Pradesh,Ujjain,Ujjain,Mustard,Black,FAQ,2026-08-01,4819,6134,5477,666
Madhya Pradesh,Ujjain,Ujjain,Mustard,Yellow,FAQ,2026-07-31,4782,6087,5435,800
Madhya Pradesh,Ujjain,Ujjain,Mustard,Yellow,FAQ,2026-07-30,4796,6104,5450,340
Madhya Pradesh,Ujjain,Ujjain,Mustard,Yellow,FAQ,2026-07-29,4761,6060,5411,565
Madhya Pradesh,Ujjain,Ujjain,Mustard,Yellow,FAQ,2026-07-28,4703,5986,5345,150
Madhya Pradesh,Ujjain,Ujjain,Grapes,Thompson Seedless,FAQ,2026-08-26,4342,5527,4935,534
Madhya Pradesh,Ujjain,Ujjain,Grapes,Thompson Seedless,FAQ,2026-08-25,4367,5558,4963,685
Madhya Pradesh,Ujjain,Ujjain,Grapes,Thompson Seedless,FAQ,2026-08-24,4320,5499,4910,289
Madhya Pradesh,Ujjain,Ujjain,Grapes,Thompson Seedless,FAQ,2026-08-23,4369,5560,4965,787
Madhya Pradesh,Ujjain,Ujjain,Grapes,Thompson Seedless,FAQ,2026-08-22,4369,5560,4965,638
Madhya Pradesh,Ujjain,Ujjain,Grapes,Thompson Seedless,FAQ,2026-08-21,4392,5589,4991,199
Madhya Pradesh,Ujjain,Ujjain,Grapes,Thompson Seedless,FAQ,2026-08-20,4416,5621,5019,432
Madhya Pradesh,Ujjain,Ujjain,Grapes,Thompson Seedless,FAQ,2026-08-19,4455,5670,5063,360
Madhya Pradesh,Ujjain,Ujjain,Grapes,Thompson Seedless,FAQ,2026-08-18,4482,5705,5094,375
Madhya Pradesh,Ujjain,Ujjain,Grapes,Thompson Seedless,FAQ,2026-08-17,4486,5709,5098,653
Madhya Pradesh,Ujjain,Ujjain,Grapes,Thompson Seedless,FAQ,2026-08-16,4501,5728,5115,410
Madhya Pradesh,Ujjain,Ujjain,Grapes,Thompson Seedless,FAQ,2026-08-15,4461,5678,5070,393
Madhya Pradesh,Ujjain,Ujjain,Grapes,Thompson Seedless,FAQ,2026-08-14,4445,5658,5052,227
Madhya Pradesh,Ujjain,Ujjain,Grapes,Thompson Seedless,FAQ,2026-08-13,4462,5679,5071,485
Madhya Pradesh,Ujjain,Ujjain,Grapes,Thompson Seedless,FAQ,2026-08-12,4496,5723,5110,740
Madhya Pradesh,Ujjain,Ujjain,Grapes,Thompson Seedless,FAQ,2026-08-11,4510,5740,5125,130
Madhya Pradesh,Ujjain,Ujjain,Grapes,Thompson Seedless,FAQ,2026-08-10,4458,5675,5067,687
Madhya Pradesh,Ujjain,Ujjain,Grapes,Thompson Seedless,FAQ,2026-08-09,4497,5724,5111,543
Madhya Pradesh,Ujjain,Ujjain,Grapes,Thompson Seedless,FAQ,2026-08-08,4461,5678,5070,124
Madhya Pradesh,Ujjain,Ujjain,Grapes,Thompson Seedless,FAQ,2026-08-07,4480,5703,5092,441
Madhya Pradesh,Ujjain,Ujjain,Grapes,Thompson Seedless,FAQ,2026-08-06,4438,5649,5044,491
Madhya Pradesh,Ujjain,Ujjain,Grapes,Thompson Seedless,FAQ,2026-08-05,4460,5677,5069,131
Madhya Pradesh,Ujjain,Ujjain,Grapes,Thompson Seedless,FAQ,2026-08-04,4466,5685,5076,298
Madhya Pradesh,Ujjain,Ujjain,Grapes,Thompson Seedless,FAQ,2026-08-03,4456,5671,5064,232
Madhya Pradesh,Ujjain,Ujjain,Grapes,Thompson Seedless,FAQ,2026-08-02,4455,5670,5063,272
Madhya Pradesh,Ujjain,Ujjain,Grapes,Thompson Seedless,FAQ,2026-08-01,4407,5608,5008,638
Madhya Pradesh,Ujjain,Ujjain,Grapes,Thompson Seedless,FAQ,2026-07-31,4361,5550,4956,575
Madhya Pradesh,Ujjain,Ujjain,Grapes,Thompson Seedless,FAQ,2026-07-30,4392,5589,4991,675
Madhya Pradesh,Ujjain,Ujjain,Grapes,Thompson Seedless,FAQ,2026-07-29,4334,5516,4925,305
Madhya Pradesh,Ujjain,Ujjain,Grapes,Thompson Seedless,FAQ,2026-07-28,4315,5492,4904,252
Madhya Pradesh,Ujjain,Ujjain,Pomegranate,Bhagwa,FAQ,2026-08-26,5633,7170,6402,254
Madhya Pradesh,Ujjain,Ujjain,Pomegranate,Bhagwa,FAQ,2026-08-25,5686,7237,6462,455
Madhya Pradesh,Ujjain,Ujjain,Pomegranate,Bhagwa,FAQ,2026-08-24,5654,7196,6425,640
Madhya Pradesh,Ujjain,Ujjain,Pomegranate,Bhagwa,FAQ,2026-08-23,5695,7248,6472,361
Madhya Pradesh,Ujjain,Ujjain,Pomegranate,Bhagwa,FAQ,2026-08-22,5684,7235,6460,386
Madhya Pradesh,Ujjain,Ujjain,Pomegranate,Bhagwa,FAQ,2026-08-21,5703,7258,6481,717
Madhya Pradesh,Ujjain,Ujjain,Pomegranate,Bhagwa,FAQ,2026-08-20,5754,7323,6539,227
Madhya Pradesh,Ujjain,Ujjain,Pomegranate,Bhagwa,FAQ,2026-08-19,5729,7292,6511,641
Madhya Pradesh,Ujjain,Ujjain,Pomegranate,Bhagwa,FAQ,2026-08-18,5749,7318,6534,248
Madhya Pradesh,Ujjain,Ujjain,Pomegranate,Bhagwa,FAQ,2026-08-17,5783,7360,6572,101
Madhya Pradesh,Ujjain,Ujjain,Pomegranate,Bhagwa,FAQ,2026-08-16,5803,7386,6595,281
Madhya Pradesh,Ujjain,Ujjain,Pomegranate,Bhagwa,FAQ,2026-08-15,5771,7346,6559,116
Madhya Pradesh,Ujjain,Ujjain,Pomegranate,Bhagwa,FAQ,2026-08-14,5776,7351,6564,272
Madhya Pradesh,Ujjain,Ujjain,Pomegranate,Bhagwa,FAQ,2026-08-13,5808,7392,6600,490
Madhya Pradesh,Ujjain,Ujjain,Pomegranate,Bhagwa,FAQ,2026-08-12,5796,7377,6587,543
Madhya Pradesh,Ujjain,Ujjain,Pomegranate,Bhagwa,FAQ,2026-08-11,5776,7351,6564,316
Madhya Pradesh,Ujjain,Ujjain,Pomegranate,Bhagwa,FAQ,2026-08-10,5805,7388,6597,232
Madhya Pradesh,Ujjain,Ujjain,Pomegranate,Bhagwa,FAQ,2026-08-09,5808,7393,6601,256
Madhya Pradesh,Ujjain,Ujjain,Pomegranate,Bhagwa,FAQ,2026-08-08,5815,7400,6608,340
Madhya Pradesh,Ujjain,Ujjain,Pomegranate,Bhagwa,FAQ,2026-08-07,5764,7336,6550,288
Madhya Pradesh,Ujjain,Ujjain,Pomegranate,Bhagwa,FAQ,2026-08-06,5766,7339,6553,177
Madhya Pradesh,Ujjain,Ujjain,Pomegranate,Bhagwa,FAQ,2026-08-05,5778,7355,6567,431
Madhya Pradesh,Ujjain,Ujjain,Pomegranate,Bhagwa,FAQ,2026-08-04,5797,7378,6588,304
Madhya Pradesh,Ujjain,Ujjain,Pomegranate,Bhagwa,FAQ,2026-08-03,5757,7328,6543,792
Madhya Pradesh,Ujjain,Ujjain,Pomegranate,Bhagwa,FAQ,2026-08-02,5712,7269,6491,691
Madhya Pradesh,Ujjain,Ujjain,Pomegranate,Bhagwa,FAQ,2026-08-01,5705,7260,6483,539
Madhya Pradesh,Ujjain,Ujjain,Pomegranate,Bhagwa,FAQ,2026-07-31,5744,7311,6528,187
Madhya Pradesh,Ujjain,Ujjain,Pomegranate,Bhagwa,FAQ,2026-07-30,5676,7224,6450,777
Madhya Pradesh,Ujjain,Ujjain,Pomegranate,Bhagwa,FAQ,2026-07-29,5689,7240,6465,444
Madhya Pradesh,Ujjain,Ujjain,Pomegranate,Bhagwa,FAQ,2026-07-28,5661,7206,6434,612
Punjab,Ludhiana,Ludhiana,Tomato,Vaishali,FAQ,2026-08-26,1861,2368,2115,345
Punjab,Ludhiana,Ludhiana,Tomato,Hybrid,FAQ,2026-08-25,1900,2419,2160,721
Punjab,Ludhiana,Ludhiana,Tomato,Vaishali,FAQ,2026-08-24,1903,2422,2163,260
Punjab,Ludhiana,Ludhiana,Tomato,Local,FAQ,2026-08-23,1917,2440,2179,584
Punjab,Ludhiana,Ludhiana,Tomato,Hybrid,FAQ,2026-08-22,1944,2475,2210,759
Punjab,Ludhiana,Ludhiana,Tomato,Vaishali,FAQ,2026-08-21,1910,2431,2171,547
Punjab,Ludhiana,Ludhiana,Tomato,Vaishali,FAQ,2026-08-20,1971,2508,2240,165
Punjab,Ludhiana,Ludhiana,Tomato,Local,FAQ,2026-08-19,1942,2471,2207,628
Punjab,Ludhiana,Ludhiana,Tomato,Local,FAQ,2026-08-18,2008,2555,2282,133
Punjab,Ludhiana,Ludhiana,Tomato,Local,FAQ,2026-08-17,1966,2503,2235,554
Punjab,Ludhiana,Ludhiana,Tomato,Hybrid,FAQ,2026-08-16,1989,2532,2261,287
Punjab,Ludhiana,Ludhiana,Tomato,Vaishali,FAQ,2026-08-15,2006,2553,2280,453
Punjab,Ludhiana,Ludhiana,Tomato,Local,FAQ,2026-08-14,1995,2540,2268,118
Punjab,Ludhiana,Ludhiana,Tomato,Local,FAQ,2026-08-13,2031,2586,2309,632
Punjab,Ludhiana,Ludhiana,Tomato,Vaishali,FAQ,2026-08-12,2023,2574,2299,337
Punjab,Ludhiana,Ludhiana,Tomato,Vaishali,FAQ,2026-08-11,2016,2565,2291,745
Punjab,Ludhiana,Ludhiana,Tomato,Vaishali,FAQ,2026-08-10,2050,2609,2330,114
Punjab,Ludhiana,Ludhiana,Tomato,Local,FAQ,2026-08-09,2023,2574,2299,480
Punjab,Ludhiana,Ludhiana,Tomato,Vaishali,FAQ,2026-08-08,2032,2587,2310,561
Punjab,Ludhiana,Ludhiana,Tomato,Vaishali,FAQ,2026-08-07,1995,2540,2268,245
Punjab,Ludhiana,Ludhiana,Tomato,Vaishali,FAQ,2026-08-06,1980,2521,2251,228
Punjab,Ludhiana,Ludhiana,Tomato,Hybrid,FAQ,2026-08-05,1998,2543,2271,552
Punjab,Ludhiana,Ludhiana,Tomato,Local,FAQ,2026-08-04,2016,2565,2291,624
Punjab,Ludhiana,Ludhiana,Tomato,Vaishali,FAQ,2026-08-03,1991,2534,2263,689
Punjab,Ludhiana,Ludhiana,Tomato,Hybrid,FAQ,2026-08-02,1926,2451,2189,206
Punjab,Ludhiana,Ludhiana,Tomato,Local,FAQ,2026-08-01,1951,2484,2218,142
Punjab,Ludhiana,Ludhiana,Tomato,Local,FAQ,2026-07-31,1922,2447,2185,656
Punjab,Ludhiana,Ludhiana,Tomato,Hybrid,FAQ,2026-07-30,1932,2459,2196,725
Punjab,Ludhiana,Ludhiana,Tomato,Hybrid,FAQ,2026-07-29,1917,2440,2179,365
Punjab,Ludhiana,Ludhiana,Tomato,Vaishali,FAQ,2026-07-28,1855,2360,2108,468
Punjab,Ludhiana,Ludhiana,Onion,Red,FAQ,2026-08-26,1546,1967,1757,608
Punjab,Ludhiana,Ludhiana,Onion,Red,FAQ,2026-08-25,1544,1965,1755,132
Punjab,Ludhiana,Ludhiana,Onion,Garwa,FAQ,2026-08-24,1554,1979,1767,105
Punjab,Ludhiana,Ludhiana,Onion,Garwa,FAQ,2026-08-23,1606,2045,1826,693
Punjab,Ludhiana,Ludhiana,Onion,Red,FAQ,2026-08-22,1650,2100,1875,517
Punjab,Ludhiana,Ludhiana,Onion,Garwa,FAQ,2026-08-21,1666,2121,1894,105
Punjab,Ludhiana,Ludhiana,Onion,White,FAQ,2026-08-20,1651,2102,1877,687
Punjab,Ludhiana,Ludhiana,Onion,Garwa,FAQ,2026-08-19,1637,2084,1861,765
Punjab,Ludhiana,Ludhiana,Onion,Garwa,FAQ,2026-08-18,1703,2168,1936,763
Punjab,Ludhiana,Ludhiana,Onion,White,FAQ,2026-08-17,1674,2131,1903,536
Punjab,Ludhiana,Ludhiana,Onion,Garwa,FAQ,2026-08-16,1672,2129,1901,698
Punjab,Ludhiana,Ludhiana,Onion,Red,FAQ,2026-08-15,1719,2188,1954,319
Punjab,Ludhiana,Ludhiana,Onion,White,FAQ,2026-08-14,1722,2191,1957,214
Punjab,Ludhiana,Ludhiana,Onion,White,FAQ,2026-08-13,1695,2158,1927,237
Punjab,Ludhiana,Ludhiana,Onion,Garwa,FAQ,2026-08-12,1723,2192,1958,306
Punjab,Ludhiana,Ludhiana,Onion,Red,FAQ,2026-08-11,1697,2160,1929,347
Punjab,Ludhiana,Ludhiana,Onion,Red,FAQ,2026-08-10,1706,2171,1939,590
Punjab,Ludhiana,Ludhiana,Onion,White,FAQ,2026-08-09,1741,2216,1979,123
Punjab,Ludhiana,Ludhiana,Onion,Garwa,FAQ,2026-08-08,1677,2134,1906,232
Punjab,Ludhiana,Ludhiana,Onion,Red,FAQ,2026-08-07,1727,2198,1963,273
Punjab,Ludhiana,Ludhiana,Onion,Red,FAQ,2026-08-06,1698,2161,1930,784
Punjab,Ludhiana,Ludhiana,Onion,Red,FAQ,2026-08-05,1719,2188,1954,779
Punjab,Ludhiana,Ludhiana,Onion,Garwa,FAQ,2026-08-04,1664,2119,1892,462
Punjab,Ludhiana,Ludhiana,Onion,White,FAQ,2026-08-03,1677,2134,1906,245
Punjab,Ludhiana,Ludhiana,Onion,White,FAQ,2026-08-02,1655,2106,1881,785
Punjab,Ludhiana,Ludhiana,Onion,Garwa,FAQ,2026-08-01,1669,2124,1897,137
Punjab,Ludhiana,Ludhiana,Onion,Garwa,FAQ,2026-07-31,1655,2106,1881,176
Punjab,Ludhiana,Ludhiana,Onion,Red,FAQ,2026-07-30,1587,2020,1804,685
Punjab,Ludhiana,Ludhiana,Onion,Garwa,FAQ,2026-07-29,1605,2042,1824,740
Punjab,Ludhiana,Ludhiana,Onion,Red,FAQ,2026-07-28,1565,1992,1779,101
Punjab,Ludhiana,Ludhiana,Wheat,Sharbati,FAQ,2026-08-26,2051,2610,2331,677
Punjab,Ludhiana,Ludhiana,Wheat,Lok-1,FAQ,2026-08-25,2119,2698,2409,120
Punjab,Ludhiana,Ludhiana,Wheat,Sharbati,FAQ,2026-08-24,2092,2663,2378,623
Punjab,Ludhiana,Ludhiana,Wheat,Sharbati,FAQ,2026-08-23,2116,2693,2405,777
Punjab,Ludhiana,Ludhiana,Wheat,FAQ,FAQ,2026-08-22,2162,2751,2457,119
Punjab,Ludhiana,Ludhiana,Wheat,Lok-1,FAQ,2026-08-21,2152,2739,2446,768
Punjab,Ludhiana,Ludhiana,Wheat,Lok-1,FAQ,2026-08-20,2204,2805,2505,120
Punjab,Ludhiana,Ludhiana,Wheat,FAQ,FAQ,2026-08-19,2200,2801,2501,367
Punjab,Ludhiana,Ludhiana,Wheat,FAQ,FAQ,2026-08-18,2239,2850,2545,118
Punjab,Ludhiana,Ludhiana,Wheat,Sharbati,FAQ,2026-08-17,2208,2811,2510,535
Punjab,Ludhiana,Ludhiana,Wheat,FAQ,FAQ,2026-08-16,2252,2867,2560,788
Punjab,Ludhiana,Ludhiana,Wheat,FAQ,FAQ,2026-08-15,2223,2830,2527,553
Punjab,Ludhiana,Ludhiana,Wheat,Sharbati,FAQ,2026-08-14,2257,2872,2565,318
Punjab,Ludhiana,Ludhiana,Wheat,Sharbati,FAQ,2026-08-13,2246,2859,2553,567
Punjab,Ludhiana,Ludhiana,Wheat,Lok-1,FAQ,2026-08-12,2216,2821,2519,169
Punjab,Ludhiana,Ludhiana,Wheat,Sharbati,FAQ,2026-08-11,2258,2873,2566,112
Punjab,Ludhiana,Ludhiana,Wheat,Lok-1,FAQ,2026-08-10,2265,2882,2574,248
Punjab,Ludhiana,Ludhiana,Wheat,Sharbati,FAQ,2026-08-09,2228,2835,2532,320
Punjab,Ludhiana,Ludhiana,Wheat,Lok-1,FAQ,2026-08-08,2237,2848,2543,648
Punjab,Ludhiana,Ludhiana,Wheat,Sharbati,FAQ,2026-08-07,2222,2828,2525,787
Punjab,Ludhiana,Ludhiana,Wheat,Sharbati,FAQ,2026-08-06,2223,2830,2527,631
Punjab,Ludhiana,Ludhiana,Wheat,FAQ,FAQ,2026-08-05,2195,2794,2495,340
Punjab,Ludhiana,Ludhiana,Wheat,Sharbati,FAQ,2026-08-04,2200,2801,2501,771
Punjab,Ludhiana,Ludhiana,Wheat,Lok-1,FAQ,2026-08-03,2188,2785,2487,330
Punjab,Ludhiana,Ludhiana,Wheat,Lok-1,FAQ,2026-08-02,2185,2780,2483,364
Punjab,Ludhiana,Ludhiana,Wheat,Lok-1,FAQ,2026-08-01,2160,2749,2455,219
Punjab,Ludhiana,Ludhiana,Wheat,Sharbati,FAQ,2026-07-31,2165,2756,2461,316
Punjab,Ludhiana,Ludhiana,Wheat,Sharbati,FAQ,2026-07-30,2158,2747,2453,651
Punjab,Ludhiana,Ludhiana,Wheat,Sharbati,FAQ,2026-07-29,2112,2689,2401,217
Punjab,Ludhiana,Ludhiana,Wheat,FAQ,FAQ,2026-07-28,2125,2704,2415,382
Punjab,Ludhiana,Ludhiana,Rice,Swarna,FAQ,2026-08-26,2209,2812,2511,776
Punjab,Ludhiana,Ludhiana,Rice,Basmati,FAQ,2026-08-25,2242,2853,2548,699
Punjab,Ludhiana,Ludhiana,Rice,Paddy(Dpr),FAQ,2026-08-24,2255,2870,2563,260
Punjab,Ludhiana,Ludhiana,Rice,Basmati,FAQ,2026-08-23,2289,2914,2602,514
Punjab,Ludhiana,Ludhiana,Rice,Basmati,FAQ,2026-08-22,2300,2927,2614,414
Punjab,Ludhiana,Ludhiana,Rice,Swarna,FAQ,2026-08-21,2330,2965,2648,560
Punjab,Ludhiana,Ludhiana,Rice,Paddy(Dpr),FAQ,2026-08-20,2324,2957,2641,727
Punjab,Ludhiana,Ludhiana,Rice,Paddy(Dpr),FAQ,2026-08-19,2332,2969,2651,736
Punjab,Ludhiana,Ludhiana,Rice,Basmati,FAQ,2026-08-18,2322,2955,2639,119
Punjab,Ludhiana,Ludhiana,Rice,Basmati,FAQ,2026-08-17,2327,2962,2645,390
Punjab,Ludhiana,Ludhiana,Rice,Swarna,FAQ,2026-08-16,2331,2966,2649,714
Punjab,Ludhiana,Ludhiana,Rice,Swarna,FAQ,2026-08-15,2391,3044,2718,132
Punjab,Ludhiana,Ludhiana,Rice,Basmati,FAQ,2026-08-14,2393,3046,2720,706
Punjab,Ludhiana,Ludhiana,Rice,Swarna,FAQ,2026-08-13,2364,3009,2687,511
Punjab,Ludhiana,Ludhiana,Rice,Swarna,FAQ,2026-08-12,2395,3048,2722,168
Punjab,Ludhiana,Ludhiana,Rice,Basmati,FAQ,2026-08-11,2350,2991,2671,292
Punjab,Ludhiana,Ludhiana,Rice,Paddy(Dpr),FAQ,2026-08-10,2387,3038,2713,281
Punjab,Ludhiana,Ludhiana,Rice,Basmati,FAQ,2026-08-09,2390,3041,2716,231
Punjab,Ludhiana,Ludhiana,Rice,Paddy(Dpr),FAQ,2026-08-08,2391,3044,2718,109
Punjab,Ludhiana,Ludhiana,Rice,Basmati,FAQ,2026-08-07,2357,3000,2679,450
Punjab,Ludhiana,Ludhiana,Rice,Paddy(Dpr),FAQ,2026-08-06,2325,2960,2643,117
Punjab,Ludhiana,Ludhiana,Rice,Basmati,FAQ,2026-08-05,2361,3004,2683,643
Punjab,Ludhiana,Ludhiana,Rice,Basmati,FAQ,2026-08-04,2340,2979,2660,656
Punjab,Ludhiana,Ludhiana,Rice,Swarna,FAQ,2026-08-03,2308,2937,2623,647
Punjab,Ludhiana,Ludhiana,Rice,Swarna,FAQ,2026-08-02,2287,2910,2599,635
Punjab,Ludhiana,Ludhiana,Rice,Swarna,FAQ,2026-08-01,2267,2886,2577,241
Punjab,Ludhiana,Ludhiana,Rice,Paddy(Dpr),FAQ,2026-07-31,2248,2861,2555,230
Punjab,Ludhiana,Ludhiana,Rice,Paddy(Dpr),FAQ,2026-07-30,2298,2925,2612,484
Punjab,Ludhiana,Ludhiana,Rice,Swarna,FAQ,2026-07-29,2224,2831,2528,659
Punjab,Ludhiana,Ludhiana,Rice,Basmati,FAQ,2026-07-28,2209,2812,2511,702
Punjab,Ludhiana,Ludhiana,Potato,Jyoti,FAQ,2026-08-26,1261,1604,1433,472
Punjab,Ludhiana,Ludhiana,Potato,Jyoti,FAQ,2026-08-25,1224,1557,1391,381
Punjab,Ludhiana,Ludhiana,Potato,Jyoti,FAQ,2026-08-24,1309,1666,1488,745
Punjab,Ludhiana,Ludhiana,Potato,Kufri,FAQ,2026-08-23,1295,1648,1472,724
Punjab,Ludhiana,Ludhiana,Potato,Kufri,FAQ,2026-08-22,1329,1692,1511,313
Punjab,Ludhiana,Ludhiana,Potato,Kufri,FAQ,2026-08-21,1334,1699,1517,168
Punjab,Ludhiana,Ludhiana,Potato,Kufri,FAQ,2026-08-20,1328,1691,1510,629
Punjab,Ludhiana,Ludhiana,Potato,Kufri,FAQ,2026-08-19,1334,1697,1516,217
Punjab,Ludhiana,Ludhiana,Potato,Jyoti,FAQ,2026-08-18,1346,1713,1530,148
Punjab,Ludhiana,Ludhiana,Potato,Kufri,FAQ,2026-08-17,1408,1792,1600,674
Punjab,Ludhiana,Ludhiana,Potato,Kufri,FAQ,2026-08-16,1405,1788,1597,799
Punjab,Ludhiana,Ludhiana,Potato,Kufri,FAQ,2026-08-15,1363,1734,1549,414
Punjab,Ludhiana,Ludhiana,Potato,Jyoti,FAQ,2026-08-14,1416,1803,1610,228
Punjab,Ludhiana,Ludhiana,Potato,Jyoti,FAQ,2026-08-13,1405,1788,1597,630
Punjab,Ludhiana,Ludhiana,Potato,Kufri,FAQ,2026-08-12,1394,1775,1585,654
Punjab,Ludhiana,Ludhiana,Potato,Kufri,FAQ,2026-08-11,1374,1749,1562,641
Punjab,Ludhiana,Ludhiana,Potato,Jyoti,FAQ,2026-08-10,1437,1828,1633,391
Punjab,Ludhiana,Ludhiana,Potato,Jyoti,FAQ,2026-08-09,1425,1814,1620,281
Punjab,Ludhiana,Ludhiana,Potato,Jyoti,FAQ,2026-08-08,1403,1786,1595,501
Punjab,Ludhiana,Ludhiana,Potato,Kufri,FAQ,2026-08-07,1422,1809,1616,657
Punjab,Ludhiana,Ludhiana,Potato,Jyoti,FAQ,2026-08-06,1392,1771,1582,594
Punjab,Ludhiana,Ludhiana,Potato,Jyoti,FAQ,2026-08-05,1365,1738,1552,687
Punjab,Ludhiana,Ludhiana,Potato,Kufri,FAQ,2026-08-04,1353,1722,1538,620
Punjab,Ludhiana,Ludhiana,Potato,Kufri,FAQ,2026-08-03,1364,1736,1550,684
Punjab,Ludhiana,Ludhiana,Potato,Jyoti,FAQ,2026-08-02,1361,1732,1547,136
Punjab,Ludhiana,Ludhiana,Potato,Jyoti,FAQ,2026-08-01,1305,1662,1484,233
Punjab,Ludhiana,Ludhiana,Potato,Kufri,FAQ,2026-07-31,1323,1684,1504,622
Punjab,Ludhiana,Ludhiana,Potato,Jyoti,FAQ,2026-07-30,1271,1618,1445,582
Punjab,Ludhiana,Ludhiana,Potato,Jyoti,FAQ,2026-07-29,1249,1590,1420,568
Punjab,Ludhiana,Ludhiana,Potato,Kufri,FAQ,2026-07-28,1229,1564,1397,614
Punjab,Ludhiana,Ludhiana,Soyabean,Yellow,FAQ,2026-08-26,3790,4823,4307,394
Punjab,Ludhiana,Ludhiana,Soyabean,Yellow,FAQ,2026-08-25,3806,4844,4325,573
Punjab,Ludhiana,Ludhiana,Soyabean,Yellow,FAQ,2026-08-24,3818,4859,4339,265
Punjab,Ludhiana,Ludhiana,Soyabean,Yellow,FAQ,2026-08-23,3814,4855,4335,648
Punjab,Ludhiana,Ludhiana,Soyabean,JS-335,FAQ,2026-08-22,3863,4916,4390,622
Punjab,Ludhiana,Ludhiana,Soyabean,Yellow,FAQ,2026-08-21,3854,4905,4380,344
Punjab,Ludhiana,Ludhiana,Soyabean,JS-335,FAQ,2026-08-20,3881,4940,4411,557
Punjab,Ludhiana,Ludhiana,Soyabean,JS-335,FAQ,2026-08-19,3898,4961,4430,597
Punjab,Ludhiana,Ludhiana,Soyabean,JS-335,FAQ,2026-08-18,3944,5019,4482,352
Punjab,Ludhiana,Ludhiana,Soyabean,Yellow,FAQ,2026-08-17,3963,5044,4504,102
Punjab,Ludhiana,Ludhiana,Soyabean,Yellow,FAQ,2026-08-16,3972,5055,4514,268
Punjab,Ludhiana,Ludhiana,Soyabean,Yellow,FAQ,2026-08-15,3959,5038,4499,128
Punjab,Ludhiana,Ludhiana,Soyabean,JS-335,FAQ,2026-08-14,3981,5066,4524,686
Punjab,Ludhiana,Ludhiana,Soyabean,Yellow,FAQ,2026-08-13,3981,5066,4524,562
Punjab,Ludhiana,Ludhiana,Soyabean,Yellow,FAQ,2026-08-12,3944,5019,4482,385
Punjab,Ludhiana,Ludhiana,Soyabean,Yellow,FAQ,2026-08-11,3976,5061,4519,436
Punjab,Ludhiana,Ludhiana,Soyabean,JS-335,FAQ,2026-08-10,3968,5051,4510,448
Punjab,Ludhiana,Ludhiana,Soyabean,JS-335,FAQ,2026-08-09,3971,5054,4513,469
Punjab,Ludhiana,Ludhiana,Soyabean,JS-335,FAQ,2026-08-08,3928,4999,4464,634
Punjab,Ludhiana,Ludhiana,Soyabean,Yellow,FAQ,2026-08-07,3929,5000,4465,288
Punjab,Ludhiana,Ludhiana,Soyabean,Yellow,FAQ,2026-08-06,3937,5010,4474,551
Punjab,Ludhiana,Ludhiana,Soyabean,Yellow,FAQ,2026-08-05,3923,4994,4459,420
Punjab,Ludhiana,Ludhiana,Soyabean,JS-335,FAQ,2026-08-04,3898,4961,4430,651
Punjab,Ludhiana,Ludhiana,Soyabean,Yellow,FAQ,2026-08-03,3941,5016,4479,763
Punjab,Ludhiana,Ludhiana,Soyabean,JS-335,FAQ,2026-08-02,3912,4979,4446,636
Punjab,Ludhiana,Ludhiana,Soyabean,JS-335,FAQ,2026-08-01,3900,4963,4432,628
Punjab,Ludhiana,Ludhiana,Soyabean,JS-335,FAQ,2026-07-31,3883,4942,4413,161
Punjab,Ludhiana,Ludhiana,Soyabean,JS-335,FAQ,2026-07-30,3828,4873,4351,184
Punjab,Ludhiana,Ludhiana,Soyabean,JS-335,FAQ,2026-07-29,3852,4903,4378,645
Punjab,Ludhiana,Ludhiana,Soyabean,JS-335,FAQ,2026-07-28,3780,4811,4296,776
Punjab,Ludhiana,Ludhiana,Maize,Hybrid,FAQ,2026-08-26,1663,2116,1890,737
Punjab,Ludhiana,Ludhiana,Maize,Hybrid,FAQ,2026-08-25,1622,2065,1844,771
Punjab,Ludhiana,Ludhiana,Maize,Hybrid,FAQ,2026-08-24,1663,2116,1890,389
Punjab,Ludhiana,Ludhiana,Maize,Hybrid,FAQ,2026-08-23,1720,2189,1955,677
Punjab,Ludhiana,Ludhiana,Maize,Yellow,FAQ,2026-08-22,1716,2185,1951,756
Punjab,Ludhiana,Ludhiana,Maize,Hybrid,FAQ,2026-08-21,1697,2160,1929,559
Punjab,Ludhiana,Ludhiana,Maize,Yellow,FAQ,2026-08-20,1744,2219,1982,696
Punjab,Ludhiana,Ludhiana,Maize,Hybrid,FAQ,2026-08-19,1780,2265,2023,232
Punjab,Ludhiana,Ludhiana,Maize,Yellow,FAQ,2026-08-18,1770,2253,2012,275
Punjab,Ludhiana,Ludhiana,Maize,Yellow,FAQ,2026-08-17,1764,2245,2005,193
Punjab,Ludhiana,Ludhiana,Maize,Yellow,FAQ,2026-08-16,1811,2304,2058,514
Punjab,Ludhiana,Ludhiana,Maize,Yellow,FAQ,2026-08-15,1804,2296,2050,394
Punjab,Ludhiana,Ludhiana,Maize,Hybrid,FAQ,2026-08-14,1785,2272,2029,104
Punjab,Ludhiana,Ludhiana,Maize,Yellow,FAQ,2026-08-13,1813,2308,2061,431
Punjab,Ludhiana,Ludhiana,Maize,Yellow,FAQ,2026-08-12,1822,2319,2071,272
Punjab,Ludhiana,Ludhiana,Maize,Hybrid,FAQ,2026-08-11,1787,2274,2031,774
Punjab,Ludhiana,Ludhiana,Maize,Yellow,FAQ,2026-08-10,1795,2284,2040,706
Punjab,Ludhiana,Ludhiana,Maize,Hybrid,FAQ,2026-08-09,1801,2292,2047,765
Punjab,Ludhiana,Ludhiana,Maize,Yellow,FAQ,2026-08-08,1813,2308,2061,764
Punjab,Ludhiana,Ludhiana,Maize,Hybrid,FAQ,2026-08-07,1785,2272,2029,578
Punjab,Ludhiana,Ludhiana,Maize,Hybrid,FAQ,2026-08-06,1790,2279,2035,792
Punjab,Ludhiana,Ludhiana,Maize,Hybrid,FAQ,2026-08-05,1789,2276,2033,527
Punjab,Ludhiana,Ludhiana,Maize,Yellow,FAQ,2026-08-04,1742,2217,1980,575
Punjab,Ludhiana,Ludhiana,Maize,Hybrid,FAQ,2026-08-03,1720,2189,1955,404
Punjab,Ludhiana,Ludhiana,Maize,Hybrid,FAQ,2026-08-02,1706,2171,1939,315
Punjab,Ludhiana,Ludhiana,Maize,Hybrid,FAQ,2026-08-01,1699,2162,1931,701
Punjab,Ludhiana,Ludhiana,Maize,Yellow,FAQ,2026-07-31,1694,2156,1925,402
Punjab,Ludhiana,Ludhiana,Maize,Hybrid,FAQ,2026-07-30,1663,2116,1890,298
Punjab,Ludhiana,Ludhiana,Maize,Hybrid,FAQ,2026-07-29,1683,2142,1913,454
Punjab,Ludhiana,Ludhiana,Maize,Hybrid,FAQ,2026-07-28,1665,2120,1893,461
Punjab,Ludhiana,Ludhiana,Cotton,Medium Staple,FAQ,2026-08-26,5721,7282,6502,170
Punjab,Ludhiana,Ludhiana,Cotton,Medium Staple,FAQ,2026-08-25,5763,7334,6549,144
Punjab,Ludhiana,Ludhiana,Cotton,Medium Staple,FAQ,2026-08-24,5799,7380,6590,728
Punjab,Ludhiana,Ludhiana,Cotton,Medium Staple,FAQ,2026-08-23,5815,7402,6609,407
Punjab,Ludhiana,Ludhiana,Cotton,Medium Staple,FAQ,2026-08-22,5767,7340,6554,427
Punjab,Ludhiana,Ludhiana,Cotton,Medium Staple,FAQ,2026-08-21,5799,7380,6590,582
Punjab,Ludhiana,Ludhiana,Cotton,Medium Staple,FAQ,2026-08-20,5826,7415,6621,747
Punjab,Ludhiana,Ludhiana,Cotton,Medium Staple,FAQ,2026-08-19,5833,7424,6629,630
Punjab,Ludhiana,Ludhiana,Cotton,Medium Staple,FAQ,2026-08-18,5849,7444,6647,118
Punjab,Ludhiana,Ludhiana,Cotton,Medium Staple,FAQ,2026-08-17,5882,7487,6685,744
Punjab,Ludhiana,Ludhiana,Cotton,Medium Staple,FAQ,2026-08-16,5873,7474,6674,203
Punjab,Ludhiana,Ludhiana,Cotton,Medium Staple,FAQ,2026-08-15,5908,7519,6714,254
Punjab,Ludhiana,Ludhiana,Cotton,Medium Staple,FAQ,2026-08-14,5906,7517,6712,310
Punjab,Ludhiana,Ludhiana,Cotton,Medium Staple,FAQ,2026-08-13,5924,7539,6732,446
Punjab,Ludhiana,Ludhiana,Cotton,Medium Staple,FAQ,2026-08-12,5863,7462,6663,374
Punjab,Ludhiana,Ludhiana,Cotton,Medium Staple,FAQ,2026-08-11,5896,7504,6700,616
Punjab,Ludhiana,Ludhiana,Cotton,Medium Staple,FAQ,2026-08-10,5900,7509,6705,507
Punjab,Ludhiana,Ludhiana,Cotton,Medium Staple,FAQ,2026-08-09,5921,7536,6729,130
Punjab,Ludhiana,Ludhiana,Cotton,Medium Staple,FAQ,2026-08-08,5890,7497,6694,722
Punjab,Ludhiana,Ludhiana,Cotton,Medium Staple,FAQ,2026-08-07,5851,7446,6649,372
Punjab,Ludhiana,Ludhiana,Cotton,Medium Staple,FAQ,2026-08-06,5856,7453,6655,479
Punjab,Ludhiana,Ludhiana,Cotton,Medium Staple,FAQ,2026-08-05,5888,7495,6692,412
Punjab,Ludhiana,Ludhiana,Cotton,Medium Staple,FAQ,2026-08-04,5853,7450,6652,349
Punjab,Ludhiana,Ludhiana,Cotton,Medium Staple,FAQ,2026-08-03,5860,7459,6660,454
Punjab,Ludhiana,Ludhiana,Cotton,Medium Staple,FAQ,2026-08-02,5844,7437,6641,176
Punjab,Ludhiana,Ludhiana,Cotton,Medium Staple,FAQ,2026-08-01,5808,7392,6600,350
Punjab,Ludhiana,Ludhiana,Cotton,Medium Staple,FAQ,2026-07-31,5791,7370,6581,776
Punjab,Ludhiana,Ludhiana,Cotton,Medium Staple,FAQ,2026-07-30,5792,7371,6582,292
Punjab,Ludhiana,Ludhiana,Cotton,Medium Staple,FAQ,2026-07-29,5790,7369,6580,482
Punjab,Ludhiana,Ludhiana,Cotton,Medium Staple,FAQ,2026-07-28,5726,7287,6507,643
Punjab,Ludhiana,Ludhiana,Sugarcane,Co-86032,FAQ,2026-08-26,264,336,300,682
Punjab,Ludhiana,Ludhiana,Sugarcane,Co-86032,FAQ,2026-08-25,264,336,300,550
Punjab,Ludhiana,Ludhiana,Sugarcane,Co-86032,FAQ,2026-08-24,264,336,300,434
Punjab,Ludhiana,Ludhiana,Sugarcane,Co-86032,FAQ,2026-08-23,264,336,300,446
Punjab,Ludhiana,Ludhiana,Sugarcane,Co-86032,FAQ,2026-08-22,299,380,340,345
Punjab,Ludhiana,Ludhiana,Sugarcane,Co-86032,FAQ,2026-08-21,322,411,367,538
Punjab,Ludhiana,Ludhiana,Sugarcane,Co-86032,FAQ,2026-08-20,330,421,376,132
Punjab,Ludhiana,Ludhiana,Sugarcane,Co-86032,FAQ,2026-08-19,298,379,339,237
Punjab,Ludhiana,Ludhiana,Sugarcane,Co-86032,FAQ,2026-08-18,362,461,412,351
Punjab,Ludhiana,Ludhiana,Sugarcane,Co-86032,FAQ,2026-08-17,337,430,384,249
Punjab,Ludhiana,Ludhiana,Sugarcane,Co-86032,FAQ,2026-08-16,369,470,420,259
Punjab,Ludhiana,Ludhiana,Sugarcane,Co-86032,FAQ,2026-08-15,337,430,384,503
Punjab,Ludhiana,Ludhiana,Sugarcane,Co-86032,FAQ,2026-08-14,389,496,443,499
Punjab,Ludhiana,Ludhiana,Sugarcane,Co-86032,FAQ,2026-08-13,347,442,395,640
Punjab,Ludhiana,Ludhiana,Sugarcane,Co-86032,FAQ,2026-08-12,359,458,409,229
Punjab,Ludhiana,Ludhiana,Sugarcane,Co-86032,FAQ,2026-08-11,349,444,397,590
Punjab,Ludhiana,Ludhiana,Sugarcane,Co-86032,FAQ,2026-08-10,388,493,441,652
Punjab,Ludhiana,Ludhiana,Sugarcane,Co-86032,FAQ,2026-08-09,368,469,419,270
Punjab,Ludhiana,Ludhiana,Sugarcane,Co-86032,FAQ,2026-08-08,356,453,405,598
Punjab,Ludhiana,Ludhiana,Sugarcane,Co-86032,FAQ,2026-08-07,341,434,388,746
Punjab,Ludhiana,Ludhiana,Sugarcane,Co-86032,FAQ,2026-08-06,353,450,402,418
Punjab,Ludhiana,Ludhiana,Sugarcane,Co-86032,FAQ,2026-08-05,368,469,419,302
Punjab,Ludhiana,Ludhiana,Sugarcane,Co-86032,FAQ,2026-08-04,344,439,392,310
Punjab,Ludhiana,Ludhiana,Sugarcane,Co-86032,FAQ,2026-08-03,284,361,323,134
Punjab,Ludhiana,Ludhiana,Sugarcane,Co-86032,FAQ,2026-08-02,341,434,388,598
Punjab,Ludhiana,Ludhiana,Sugarcane,Co-86032,FAQ,2026-08-01,293,372,333,525
Punjab,Ludhiana,Ludhiana,Sugarcane,Co-86032,FAQ,2026-07-31,268,341,305,765
Punjab,Ludhiana,Ludhiana,Sugarcane,Co-86032,FAQ,2026-07-30,264,336,300,624
Punjab,Ludhiana,Ludhiana,Sugarcane,Co-86032,FAQ,2026-07-29,264,336,300,218
Punjab,Ludhiana,Ludhiana,Sugarcane,Co-86032,FAQ,2026-07-28,264,336,300,484
Punjab,Ludhiana,Ludhiana,Mustard,Yellow,FAQ,2026-08-26,4708,5993,5351,271
Punjab,Ludhiana,Ludhiana,Mustard,Yellow,FAQ,2026-08-25,4750,6045,5398,346
Punjab,Ludhiana,Ludhiana,Mustard,Black,FAQ,2026-08-24,4781,6084,5433,485
Punjab,Ludhiana,Ludhiana,Mustard,Black,FAQ,2026-08-23,4752,6048,5400,317
Punjab,Ludhiana,Ludhiana,Mustard,Yellow,FAQ,2026-08-22,4813,6126,5470,175
Punjab,Ludhiana,Ludhiana,Mustard,Black,FAQ,2026-08-21,4822,6137,5480,320
Punjab,Ludhiana,Ludhiana,Mustard,Yellow,FAQ,2026-08-20,4786,6091,5439,474
Punjab,Ludhiana,Ludhiana,Mustard,Black,FAQ,2026-08-19,4819,6134,5477,453
Punjab,Ludhiana,Ludhiana,Mustard,Black,FAQ,2026-08-18,4866,6193,5530,407
Punjab,Ludhiana,Ludhiana,Mustard,Black,FAQ,2026-08-17,4825,6140,5483,515
Punjab,Ludhiana,Ludhiana,Mustard,Yellow,FAQ,2026-08-16,4863,6190,5527,148
Punjab,Ludhiana,Ludhiana,Mustard,Black,FAQ,2026-08-15,4876,6207,5542,117
Punjab,Ludhiana,Ludhiana,Mustard,Yellow,FAQ,2026-08-14,4912,6251,5582,445
Punjab,Ludhiana,Ludhiana,Mustard,Black,FAQ,2026-08-13,4853,6176,5515,185
Punjab,Ludhiana,Ludhiana,Mustard,Yellow,FAQ,2026-08-12,4898,6233,5566,407
Punjab,Ludhiana,Ludhiana,Mustard,Yellow,FAQ,2026-08-11,4858,6183,5521,516
Punjab,Ludhiana,Ludhiana,Mustard,Black,FAQ,2026-08-10,4888,6221,5555,731
Punjab,Ludhiana,Ludhiana,Mustard,Yellow,FAQ,2026-08-09,4905,6242,5574,644
Punjab,Ludhiana,Ludhiana,Mustard,Yellow,FAQ,2026-08-08,4871,6200,5536,269
Punjab,Ludhiana,Ludhiana,Mustard,Black,FAQ,2026-08-07,4853,6176,5515,491
Punjab,Ludhiana,Ludhiana,Mustard,Yellow,FAQ,2026-08-06,4878,6209,5544,575
Punjab,Ludhiana,Ludhiana,Mustard,Black,FAQ,2026-08-05,4862,6189,5526,126
Punjab,Ludhiana,Ludhiana,Mustard,Black,FAQ,2026-08-04,4830,6147,5489,422
Punjab,Ludhiana,Ludhiana,Mustard,Black,FAQ,2026-08-03,4869,6196,5533,602
Punjab,Ludhiana,Ludhiana,Mustard,Yellow,FAQ,2026-08-02,4842,6163,5503,361
Punjab,Ludhiana,Ludhiana,Mustard,Yellow,FAQ,2026-08-01,4802,6111,5457,157
Punjab,Ludhiana,Ludhiana,Mustard,Black,FAQ,2026-07-31,4766,6065,5416,733
Punjab,Ludhiana,Ludhiana,Mustard,Yellow,FAQ,2026-07-30,4752,6048,5400,799
Punjab,Ludhiana,Ludhiana,Mustard,Black,FAQ,2026-07-29,4719,6006,5363,275
Punjab,Ludhiana,Ludhiana,Mustard,Yellow,FAQ,2026-07-28,4753,6050,5402,346
Punjab,Ludhiana,Ludhiana,Grapes,Thompson Seedless,FAQ,2026-08-26,4326,5505,4916,340
Punjab,Ludhiana,Ludhiana,Grapes,Thompson Seedless,FAQ,2026-08-25,4304,5479,4892,236
Punjab,Ludhiana,Ludhiana,Grapes,Thompson Seedless,FAQ,2026-08-24,4365,5556,4961,603
Punjab,Ludhiana,Ludhiana,Grapes,Thompson Seedless,FAQ,2026-08-23,4390,5587,4989,581
Punjab,Ludhiana,Ludhiana,Grapes,Thompson Seedless,FAQ,2026-08-22,4404,5605,5005,477
Punjab,Ludhiana,Ludhiana,Grapes,Thompson Seedless,FAQ,2026-08-21,4442,5653,5048,636
Punjab,Ludhiana,Ludhiana,Grapes,Thompson Seedless,FAQ,2026-08-20,4455,5670,5063,467
Punjab,Ludhiana,Ludhiana,Grapes,Thompson Seedless,FAQ,2026-08-19,4413,5616,5015,372
Punjab,Ludhiana,Ludhiana,Grapes,Thompson Seedless,FAQ,2026-08-18,4466,5684,5075,534
Punjab,Ludhiana,Ludhiana,Grapes,Thompson Seedless,FAQ,2026-08-17,4424,5631,5028,512
Punjab,Ludhiana,Ludhiana,Grapes,Thompson Seedless,FAQ,2026-08-16,4501,5728,5115,594
Punjab,Ludhiana,Ludhiana,Grapes,Thompson Seedless,FAQ,2026-08-15,4491,5716,5104,629
Punjab,Ludhiana,Ludhiana,Grapes,Thompson Seedless,FAQ,2026-08-14,4466,5685,5076,543
Punjab,Ludhiana,Ludhiana,Grapes,Thompson Seedless,FAQ,2026-08-13,4456,5671,5064,372
Punjab,Ludhiana,Ludhiana,Grapes,Thompson Seedless,FAQ,2026-08-12,4466,5684,5075,535
Punjab,Ludhiana,Ludhiana,Grapes,Thompson Seedless,FAQ,2026-08-11,4472,5691,5082,426
Punjab,Ludhiana,Ludhiana,Grapes,Thompson Seedless,FAQ,2026-08-10,4466,5684,5075,785
Punjab,Ludhiana,Ludhiana,Grapes,Thompson Seedless,FAQ,2026-08-09,4499,5726,5113,718
Punjab,Ludhiana,Ludhiana,Grapes,Thompson Seedless,FAQ,2026-08-08,4508,5737,5123,210
Punjab,Ludhiana,Ludhiana,Grapes,Thompson Seedless,FAQ,2026-08-07,4503,5732,5118,390
Punjab,Ludhiana,Ludhiana,Grapes,Thompson Seedless,FAQ,2026-08-06,4457,5672,5065,340
Punjab,Ludhiana,Ludhiana,Grapes,Thompson Seedless,FAQ,2026-08-05,4428,5635,5032,632
Punjab,Ludhiana,Ludhiana,Grapes,Thompson Seedless,FAQ,2026-08-04,4484,5707,5096,587
Punjab,Ludhiana,Ludhiana,Grapes,Thompson Seedless,FAQ,2026-08-03,4454,5669,5062,382
Punjab,Ludhiana,Ludhiana,Grapes,Thompson Seedless,FAQ,2026-08-02,4411,5614,5013,105
Punjab,Ludhiana,Ludhiana,Grapes,Thompson Seedless,FAQ,2026-08-01,4390,5587,4989,738
Punjab,Ludhiana,Ludhiana,Grapes,Thompson Seedless,FAQ,2026-07-31,4397,5596,4997,156
Punjab,Ludhiana,Ludhiana,Grapes,Thompson Seedless,FAQ,2026-07-30,4410,5613,5012,484
Punjab,Ludhiana,Ludhiana,Grapes,Thompson Seedless,FAQ,2026-07-29,4331,5512,4922,418
Punjab,Ludhiana,Ludhiana,Grapes,Thompson Seedless,FAQ,2026-07-28,4308,5483,4896,546
Punjab,Ludhiana,Ludhiana,Pomegranate,Bhagwa,FAQ,2026-08-26,5632,7168,6400,559
Punjab,Ludhiana,Ludhiana,Pomegranate,Bhagwa,FAQ,2026-08-25,5680,7229,6455,109
Punjab,Ludhiana,Ludhiana,Pomegranate,Bhagwa,FAQ,2026-08-24,5678,7227,6453,597
Punjab,Ludhiana,Ludhiana,Pomegranate,Bhagwa,FAQ,2026-08-23,5680,7229,6455,526
Punjab,Ludhiana,Ludhiana,Pomegranate,Bhagwa,FAQ,2026-08-22,5720,7280,6500,267
Punjab,Ludhiana,Ludhiana,Pomegranate,Bhagwa,FAQ,2026-08-21,5724,7285,6505,761
Punjab,Ludhiana,Ludhiana,Pomegranate,Bhagwa,FAQ,2026-08-20,5757,7328,6543,183
Punjab,Ludhiana,Ludhiana,Pomegranate,Bhagwa,FAQ,2026-08-19,5730,7293,6512,141
Punjab,Ludhiana,Ludhiana,Pomegranate,Bhagwa,FAQ,2026-08-18,5756,7327,6542,633
Punjab,Ludhiana,Ludhiana,Pomegranate,Bhagwa,FAQ,2026-08-17,5804,7387,6596,464
Punjab,Ludhiana,Ludhiana,Pomegranate,Bhagwa,FAQ,2026-08-16,5817,7404,6611,573
Punjab,Ludhiana,Ludhiana,Pomegranate,Bhagwa,FAQ,2026-08-15,5805,7388,6597,547
Punjab,Ludhiana,Ludhiana,Pomegranate,Bhagwa,FAQ,2026-08-14,5794,7375,6585,659
Punjab,Ludhiana,Ludhiana,Pomegranate,Bhagwa,FAQ,2026-08-13,5788,7367,6578,291
Punjab,Ludhiana,Ludhiana,Pomegranate,Bhagwa,FAQ,2026-08-12,5821,7408,6615,205
Punjab,Ludhiana,Ludhiana,Pomegranate,Bhagwa,FAQ,2026-08-11,5813,7398,6606,734
Punjab,Ludhiana,Ludhiana,Pomegranate,Bhagwa,FAQ,2026-08-10,5778,7355,6567,183
Punjab,Ludhiana,Ludhiana,Pomegranate,Bhagwa,FAQ,2026-08-09,5787,7366,6577,583
Punjab,Ludhiana,Ludhiana,Pomegranate,Bhagwa,FAQ,2026-08-08,5794,7375,6585,366
Punjab,Ludhiana,Ludhiana,Pomegranate,Bhagwa,FAQ,2026-08-07,5810,7395,6603,626
Punjab,Ludhiana,Ludhiana,Pomegranate,Bhagwa,FAQ,2026-08-06,5805,7388,6597,735
Punjab,Ludhiana,Ludhiana,Pomegranate,Bhagwa,FAQ,2026-08-05,5771,7346,6559,194
Punjab,Ludhiana,Ludhiana,Pomegranate,Bhagwa,FAQ,2026-08-04,5788,7367,6578,731
Punjab,Ludhiana,Ludhiana,Pomegranate,Bhagwa,FAQ,2026-08-03,5734,7299,6517,325
Punjab,Ludhiana,Ludhiana,Pomegranate,Bhagwa,FAQ,2026-08-02,5709,7266,6488,677
Punjab,Ludhiana,Ludhiana,Pomegranate,Bhagwa,FAQ,2026-08-01,5746,7313,6530,521
Punjab,Ludhiana,Ludhiana,Pomegranate,Bhagwa,FAQ,2026-07-31,5688,7239,6464,487
Punjab,Ludhiana,Ludhiana,Pomegranate,Bhagwa,FAQ,2026-07-30,5705,7260,6483,127
Punjab,Ludhiana,Ludhiana,Pomegranate,Bhagwa,FAQ,2026-07-29,5693,7246,6470,613
Punjab,Ludhiana,Ludhiana,Pomegranate,Bhagwa,FAQ,2026-07-28,5656,7199,6428,656
Odisha,Cuttack,Cuttack,Tomato,Local,FAQ,2026-08-26,1819,2316,2068,777
Odisha,Cuttack,Cuttack,Tomato,Local,FAQ,2026-08-25,1861,2368,2115,733
Odisha,Cuttack,Cuttack,Tomato,Local,FAQ,2026-08-24,1877,2390,2134,438
Odisha,Cuttack,Cuttack,Tomato,Vaishali,FAQ,2026-08-23,1900,2419,2160,659
Odisha,Cuttack,Cuttack,Tomato,Hybrid,FAQ,2026-08-22,1924,2449,2187,448
Odisha,Cuttack,Cuttack,Tomato,Local,FAQ,2026-08-21,1956,2489,2223,497
Odisha,Cuttack,Cuttack,Tomato,Local,FAQ,2026-08-20,1993,2536,2265,516
Odisha,Cuttack,Cuttack,Tomato,Local,FAQ,2026-08-19,2001,2546,2274,237
Odisha,Cuttack,Cuttack,Tomato,Vaishali,FAQ,2026-08-18,1958,2493,2226,276
Odisha,Cuttack,Cuttack,Tomato,Vaishali,FAQ,2026-08-17,1996,2541,2269,102
Odisha,Cuttack,Cuttack,Tomato,Vaishali,FAQ,2026-08-16,1987,2530,2259,739
Odisha,Cuttack,Cuttack,Tomato,Hybrid,FAQ,2026-08-15,1991,2534,2263,408
Odisha,Cuttack,Cuttack,Tomato,Local,FAQ,2026-08-14,2019,2570,2295,270
Odisha,Cuttack,Cuttack,Tomato,Hybrid,FAQ,2026-08-13,1993,2536,2265,191
Odisha,Cuttack,Cuttack,Tomato,Local,FAQ,2026-08-12,2036,2591,2314,530
Odisha,Cuttack,Cuttack,Tomato,Hybrid,FAQ,2026-08-11,2001,2546,2274,445
Odisha,Cuttack,Cuttack,Tomato,Vaishali,FAQ,2026-08-10,2038,2595,2317,705
Odisha,Cuttack,Cuttack,Tomato,Local,FAQ,2026-08-09,2027,2580,2304,330
Odisha,Cuttack,Cuttack,Tomato,Vaishali,FAQ,2026-08-08,1987,2530,2259,387
Odisha,Cuttack,Cuttack,Tomato,Local,FAQ,2026-08-07,2025,2578,2302,236
Odisha,Cuttack,Cuttack,Tomato,Vaishali,FAQ,2026-08-06,1993,2536,2265,679
Odisha,Cuttack,Cuttack,Tomato,Hybrid,FAQ,2026-08-05,2012,2561,2287,161
Odisha,Cuttack,Cuttack,Tomato,Local,FAQ,2026-08-04,1957,2490,2224,377
Odisha,Cuttack,Cuttack,Tomato,Hybrid,FAQ,2026-08-03,1958,2493,2226,139
Odisha,Cuttack,Cuttack,Tomato,Vaishali,FAQ,2026-08-02,1984,2525,2255,770
Odisha,Cuttack,Cuttack,Tomato,Local,FAQ,2026-08-01,1911,2432,2172,687
Odisha,Cuttack,Cuttack,Tomato,Vaishali,FAQ,2026-07-31,1965,2500,2233,355
Odisha,Cuttack,Cuttack,Tomato,Local,FAQ,2026-07-30,1937,2466,2202,200
Odisha,Cuttack,Cuttack,Tomato,Local,FAQ,2026-07-29,1905,2424,2165,672
Odisha,Cuttack,Cuttack,Tomato,Local,FAQ,2026-07-28,1836,2337,2087,395
Odisha,Cuttack,Cuttack,Onion,Garwa,FAQ,2026-08-26,1531,1948,1740,706
Odisha,Cuttack,Cuttack,Onion,Red,FAQ,2026-08-25,1578,2009,1794,201
Odisha,Cuttack,Cuttack,Onion,Red,FAQ,2026-08-24,1615,2056,1836,514
Odisha,Cuttack,Cuttack,Onion,Garwa,FAQ,2026-08-23,1579,2010,1795,303
Odisha,Cuttack,Cuttack,Onion,Red,FAQ,2026-08-22,1628,2072,1850,416
Odisha,Cuttack,Cuttack,Onion,Red,FAQ,2026-08-21,1669,2124,1897,143
Odisha,Cuttack,Cuttack,Onion,White,FAQ,2026-08-20,1671,2126,1899,688
Odisha,Cuttack,Cuttack,Onion,Garwa,FAQ,2026-08-19,1664,2117,1891,461
Odisha,Cuttack,Cuttack,Onion,White,FAQ,2026-08-18,1644,2093,1869,226
Odisha,Cuttack,Cuttack,Onion,White,FAQ,2026-08-17,1719,2188,1954,326
Odisha,Cuttack,Cuttack,Onion,Red,FAQ,2026-08-16,1729,2200,1965,263
Odisha,Cuttack,Cuttack,Onion,White,FAQ,2026-08-15,1733,2206,1970,153
Odisha,Cuttack,Cuttack,Onion,Red,FAQ,2026-08-14,1680,2139,1910,613
Odisha,Cuttack,Cuttack,Onion,Red,FAQ,2026-08-13,1738,2213,1976,521
Odisha,Cuttack,Cuttack,Onion,White,FAQ,2026-08-12,1740,2215,1978,507
Odisha,Cuttack,Cuttack,Onion,Garwa,FAQ,2026-08-11,1721,2190,1956,476
Odisha,Cuttack,Cuttack,Onion,White,FAQ,2026-08-10,1711,2178,1945,679
Odisha,Cuttack,Cuttack,Onion,Red,FAQ,2026-08-09,1735,2208,1972,799
Odisha,Cuttack,Cuttack,Onion,Garwa,FAQ,2026-08-08,1716,2184,1950,340
Odisha,Cuttack,Cuttack,Onion,Garwa,FAQ,2026-08-07,1730,2203,1967,671
Odisha,Cuttack,Cuttack,Onion,Garwa,FAQ,2026-08-06,1719,2188,1954,306
Odisha,Cuttack,Cuttack,Onion,Red,FAQ,2026-08-05,1696,2159,1928,707
Odisha,Cuttack,Cuttack,Onion,White,FAQ,2026-08-04,1697,2160,1929,246
Odisha,Cuttack,Cuttack,Onion,White,FAQ,2026-08-03,1633,2078,1856,647
Odisha,Cuttack,Cuttack,Onion,White,FAQ,2026-08-02,1642,2091,1867,454
Odisha,Cuttack,Cuttack,Onion,Garwa,FAQ,2026-08-01,1655,2106,1881,566
Odisha,Cuttack,Cuttack,Onion,Red,FAQ,2026-07-31,1613,2052,1833,111
Odisha,Cuttack,Cuttack,Onion,White,FAQ,2026-07-30,1608,2047,1828,261
Odisha,Cuttack,Cuttack,Onion,Garwa,FAQ,2026-07-29,1561,1986,1774,797
Odisha,Cuttack,Cuttack,Onion,Garwa,FAQ,2026-07-28,1542,1963,1753,710
Odisha,Cuttack,Cuttack,Wheat,Lok-1,FAQ,2026-08-26,2046,2604,2325,370
Odisha,Cuttack,Cuttack,Wheat,FAQ,FAQ,2026-08-25,2099,2672,2386,285
Odisha,Cuttack,Cuttack,Wheat,Sharbati,FAQ,2026-08-24,2146,2731,2439,729
Odisha,Cuttack,Cuttack,Wheat,Lok-1,FAQ,2026-08-23,2116,2693,2405,322
Odisha,Cuttack,Cuttack,Wheat,Lok-1,FAQ,2026-08-22,2118,2695,2407,463
Odisha,Cuttack,Cuttack,Wheat,FAQ,FAQ,2026-08-21,2166,2757,2462,548
Odisha,Cuttack,Cuttack,Wheat,FAQ,FAQ,2026-08-20,2148,2733,2441,555
Odisha,Cuttack,Cuttack,Wheat,FAQ,FAQ,2026-08-19,2176,2769,2473,612
Odisha,Cuttack,Cuttack,Wheat,FAQ,FAQ,2026-08-18,2222,2829,2526,502
Odisha,Cuttack,Cuttack,Wheat,Lok-1,FAQ,2026-08-17,2185,2780,2483,171
Odisha,Cuttack,Cuttack,Wheat,Lok-1,FAQ,2026-08-16,2244,2856,2550,715
Odisha,Cuttack,Cuttack,Wheat,FAQ,FAQ,2026-08-15,2243,2854,2549,482
Odisha,Cuttack,Cuttack,Wheat,Sharbati,FAQ,2026-08-14,2227,2834,2531,159
Odisha,Cuttack,Cuttack,Wheat,Lok-1,FAQ,2026-08-13,2243,2854,2549,357
Odisha,Cuttack,Cuttack,Wheat,Lok-1,FAQ,2026-08-12,2229,2838,2534,531
Odisha,Cuttack,Cuttack,Wheat,FAQ,FAQ,2026-08-11,2256,2871,2564,629
Odisha,Cuttack,Cuttack,Wheat,Lok-1,FAQ,2026-08-10,2217,2822,2520,745
Odisha,Cuttack,Cuttack,Wheat,FAQ,FAQ,2026-08-09,2222,2828,2525,246
Odisha,Cuttack,Cuttack,Wheat,Sharbati,FAQ,2026-08-08,2214,2817,2516,345
Odisha,Cuttack,Cuttack,Wheat,Lok-1,FAQ,2026-08-07,2199,2798,2499,467
Odisha,Cuttack,Cuttack,Wheat,FAQ,FAQ,2026-08-06,2192,2789,2491,139
Odisha,Cuttack,Cuttack,Wheat,FAQ,FAQ,2026-08-05,2247,2860,2554,418
Odisha,Cuttack,Cuttack,Wheat,Sharbati,FAQ,2026-08-04,2226,2833,2530,422
Odisha,Cuttack,Cuttack,Wheat,Sharbati,FAQ,2026-08-03,2215,2820,2518,328
Odisha,Cuttack,Cuttack,Wheat,Sharbati,FAQ,2026-08-02,2156,2745,2451,689
Odisha,Cuttack,Cuttack,Wheat,Sharbati,FAQ,2026-08-01,2197,2796,2497,433
Odisha,Cuttack,Cuttack,Wheat,Lok-1,FAQ,2026-07-31,2153,2740,2447,317
Odisha,Cuttack,Cuttack,Wheat,Lok-1,FAQ,2026-07-30,2132,2713,2423,117
Odisha,Cuttack,Cuttack,Wheat,FAQ,FAQ,2026-07-29,2099,2672,2386,210
Odisha,Cuttack,Cuttack,Wheat,FAQ,FAQ,2026-07-28,2066,2629,2348,643
Odisha,Cuttack,Cuttack,Rice,Basmati,FAQ,2026-08-26,2229,2838,2534,784
Odisha,Cuttack,Cuttack,Rice,Paddy(Dpr),FAQ,2026-08-25,2222,2829,2526,765
Odisha,Cuttack,Cuttack,Rice,Paddy(Dpr),FAQ,2026-08-24,2245,2858,2552,695
Odisha,Cuttack,Cuttack,Rice,Paddy(Dpr),FAQ,2026-08-23,2292,2917,2605,501
Odisha,Cuttack,Cuttack,Rice,Basmati,FAQ,2026-08-22,2314,2945,2630,701
Odisha,Cuttack,Cuttack,Rice,Basmati,FAQ,2026-08-21,2275,2896,2586,352
Odisha,Cuttack,Cuttack,Rice,Basmati,FAQ,2026-08-20,2287,2910,2599,302
Odisha,Cuttack,Cuttack,Rice,Swarna,FAQ,2026-08-19,2342,2981,2662,746
Odisha,Cuttack,Cuttack,Rice,Basmati,FAQ,2026-08-18,2335,2972,2654,799
Odisha,Cuttack,Cuttack,Rice,Paddy(Dpr),FAQ,2026-08-17,2319,2952,2636,401
Odisha,Cuttack,Cuttack,Rice,Basmati,FAQ,2026-08-16,2328,2963,2646,692
Odisha,Cuttack,Cuttack,Rice,Paddy(Dpr),FAQ,2026-08-15,2368,3013,2691,664
Odisha,Cuttack,Cuttack,Rice,Swarna,FAQ,2026-08-14,2342,2981,2662,656
Odisha,Cuttack,Cuttack,Rice,Basmati,FAQ,2026-08-13,2370,3017,2694,596
Odisha,Cuttack,Cuttack,Rice,Paddy(Dpr),FAQ,2026-08-12,2404,3059,2732,124
Odisha,Cuttack,Cuttack,Rice,Paddy(Dpr),FAQ,2026-08-11,2353,2994,2674,660
Odisha,Cuttack,Cuttack,Rice,Basmati,FAQ,2026-08-10,2377,3026,2702,366
Odisha,Cuttack,Cuttack,Rice,Basmati,FAQ,2026-08-09,2393,3046,2720,769
Odisha,Cuttack,Cuttack,Rice,Basmati,FAQ,2026-08-08,2340,2979,2660,288
Odisha,Cuttack,Cuttack,Rice,Swarna,FAQ,2026-08-07,2340,2979,2660,425
Odisha,Cuttack,Cuttack,Rice,Basmati,FAQ,2026-08-06,2351,2992,2672,241
Odisha,Cuttack,Cuttack,Rice,Swarna,FAQ,2026-08-05,2340,2979,2660,270
Odisha,Cuttack,Cuttack,Rice,Basmati,FAQ,2026-08-04,2313,2944,2629,537
Odisha,Cuttack,Cuttack,Rice,Paddy(Dpr),FAQ,2026-08-03,2321,2954,2638,345
Odisha,Cuttack,Cuttack,Rice,Swarna,FAQ,2026-08-02,2310,2941,2626,705
Odisha,Cuttack,Cuttack,Rice,Swarna,FAQ,2026-08-01,2267,2886,2577,472
Odisha,Cuttack,Cuttack,Rice,Basmati,FAQ,2026-07-31,2247,2860,2554,272
Odisha,Cuttack,Cuttack,Rice,Basmati,FAQ,2026-07-30,2251,2864,2558,439
Odisha,Cuttack,Cuttack,Rice,Basmati,FAQ,2026-07-29,2222,2829,2526,141
Odisha,Cuttack,Cuttack,Rice,Swarna,FAQ,2026-07-28,2197,2796,2497,551
Odisha,Cuttack,Cuttack,Potato,Kufri,FAQ,2026-08-26,1224,1559,1392,481
Odisha,Cuttack,Cuttack,Potato,Jyoti,FAQ,2026-08-25,1271,1618,1445,674
Odisha,Cuttack,Cuttack,Potato,Jyoti,FAQ,2026-08-24,1307,1664,1486,108
Odisha,Cuttack,Cuttack,Potato,Jyoti,FAQ,2026-08-23,1290,1643,1467,516
Odisha,Cuttack,Cuttack,Potato,Kufri,FAQ,2026-08-22,1340,1705,1523,489
Odisha,Cuttack,Cuttack,Potato,Jyoti,FAQ,2026-08-21,1345,1712,1529,592
Odisha,Cuttack,Cuttack,Potato,Jyoti,FAQ,2026-08-20,1355,1724,1540,689
Odisha,Cuttack,Cuttack,Potato,Kufri,FAQ,2026-08-19,1367,1740,1554,764
Odisha,Cuttack,Cuttack,Potato,Jyoti,FAQ,2026-08-18,1391,1770,1581,544
Odisha,Cuttack,Cuttack,Potato,Jyoti,FAQ,2026-08-17,1378,1753,1566,479
Odisha,Cuttack,Cuttack,Potato,Jyoti,FAQ,2026-08-16,1397,1778,1588,614
Odisha,Cuttack,Cuttack,Potato,Jyoti,FAQ,2026-08-15,1411,1796,1604,545
Odisha,Cuttack,Cuttack,Potato,Jyoti,FAQ,2026-08-14,1402,1785,1594,605
Odisha,Cuttack,Cuttack,Potato,Kufri,FAQ,2026-08-13,1438,1831,1635,186
Odisha,Cuttack,Cuttack,Potato,Jyoti,FAQ,2026-08-12,1376,1751,1564,391
Odisha,Cuttack,Cuttack,Potato,Kufri,FAQ,2026-08-11,1391,1770,1581,452
Odisha,Cuttack,Cuttack,Potato,Jyoti,FAQ,2026-08-10,1397,1778,1588,598
Odisha,Cuttack,Cuttack,Potato,Jyoti,FAQ,2026-08-09,1373,1748,1561,229
Odisha,Cuttack,Cuttack,Potato,Kufri,FAQ,2026-08-08,1384,1761,1573,214
Odisha,Cuttack,Cuttack,Potato,Jyoti,FAQ,2026-08-07,1402,1785,1594,638
Odisha,Cuttack,Cuttack,Potato,Kufri,FAQ,2026-08-06,1372,1747,1560,277
Odisha,Cuttack,Cuttack,Potato,Jyoti,FAQ,2026-08-05,1411,1796,1604,765
Odisha,Cuttack,Cuttack,Potato,Jyoti,FAQ,2026-08-04,1402,1785,1594,114
Odisha,Cuttack,Cuttack,Potato,Jyoti,FAQ,2026-08-03,1369,1742,1556,226
Odisha,Cuttack,Cuttack,Potato,Jyoti,FAQ,2026-08-02,1370,1743,1557,292
Odisha,Cuttack,Cuttack,Potato,Kufri,FAQ,2026-08-01,1336,1701,1519,647
Odisha,Cuttack,Cuttack,Potato,Jyoti,FAQ,2026-07-31,1308,1665,1487,157
Odisha,Cuttack,Cuttack,Potato,Kufri,FAQ,2026-07-30,1276,1625,1451,336
Odisha,Cuttack,Cuttack,Potato,Jyoti,FAQ,2026-07-29,1282,1631,1457,133
Odisha,Cuttack,Cuttack,Potato,Kufri,FAQ,2026-07-28,1288,1639,1464,473
Odisha,Cuttack,Cuttack,Soyabean,JS-335,FAQ,2026-08-26,3759,4784,4272,734
Odisha,Cuttack,Cuttack,Soyabean,JS-335,FAQ,2026-08-25,3785,4818,4302,192
Odisha,Cuttack,Cuttack,Soyabean,Yellow,FAQ,2026-08-24,3849,4898,4374,131
Odisha,Cuttack,Cuttack,Soyabean,JS-335,FAQ,2026-08-23,3818,4859,4339,595
Odisha,Cuttack,Cuttack,Soyabean,Yellow,FAQ,2026-08-22,3875,4932,4404,151
Odisha,Cuttack,Cuttack,Soyabean,JS-335,FAQ,2026-08-21,3911,4978,4445,273
Odisha,Cuttack,Cuttack,Soyabean,JS-335,FAQ,2026-08-20,3930,5003,4467,767
Odisha,Cuttack,Cuttack,Soyabean,JS-335,FAQ,2026-08-19,3920,4989,4455,561
Odisha,Cuttack,Cuttack,Soyabean,JS-335,FAQ,2026-08-18,3947,5024,4486,678
Odisha,Cuttack,Cuttack,Soyabean,Yellow,FAQ,2026-08-17,3917,4986,4452,430
Odisha,Cuttack,Cuttack,Soyabean,Yellow,FAQ,2026-08-16,3937,5010,4474,751
Odisha,Cuttack,Cuttack,Soyabean,JS-335,FAQ,2026-08-15,3960,5040,4500,612
Odisha,Cuttack,Cuttack,Soyabean,JS-335,FAQ,2026-08-14,3981,5066,4524,736
Odisha,Cuttack,Cuttack,Soyabean,JS-335,FAQ,2026-08-13,3935,5008,4472,286
Odisha,Cuttack,Cuttack,Soyabean,JS-335,FAQ,2026-08-12,3938,5013,4476,196
Odisha,Cuttack,Cuttack,Soyabean,Yellow,FAQ,2026-08-11,3927,4998,4463,700
Odisha,Cuttack,Cuttack,Soyabean,Yellow,FAQ,2026-08-10,3928,4999,4464,674
Odisha,Cuttack,Cuttack,Soyabean,JS-335,FAQ,2026-08-09,3976,5061,4519,506
Odisha,Cuttack,Cuttack,Soyabean,JS-335,FAQ,2026-08-08,3986,5073,4530,421
Odisha,Cuttack,Cuttack,Soyabean,JS-335,FAQ,2026-08-07,3955,5034,4495,517
Odisha,Cuttack,Cuttack,Soyabean,Yellow,FAQ,2026-08-06,3970,5053,4512,138
Odisha,Cuttack,Cuttack,Soyabean,Yellow,FAQ,2026-08-05,3916,4984,4450,218
Odisha,Cuttack,Cuttack,Soyabean,JS-335,FAQ,2026-08-04,3894,4956,4425,458
Odisha,Cuttack,Cuttack,Soyabean,Yellow,FAQ,2026-08-03,3902,4967,4435,272
Odisha,Cuttack,Cuttack,Soyabean,JS-335,FAQ,2026-08-02,3931,5004,4468,265
Odisha,Cuttack,Cuttack,Soyabean,Yellow,FAQ,2026-08-01,3859,4912,4386,641
Odisha,Cuttack,Cuttack,Soyabean,Yellow,FAQ,2026-07-31,3850,4900,4375,235
Odisha,Cuttack,Cuttack,Soyabean,Yellow,FAQ,2026-07-30,3880,4939,4410,300
Odisha,Cuttack,Cuttack,Soyabean,Yellow,FAQ,2026-07-29,3821,4864,4343,193
Odisha,Cuttack,Cuttack,Soyabean,JS-335,FAQ,2026-07-28,3778,4809,4294,289
Odisha,Cuttack,Cuttack,Maize,Hybrid,FAQ,2026-08-26,1628,2072,1850,362
Odisha,Cuttack,Cuttack,Maize,Hybrid,FAQ,2026-08-25,1659,2112,1886,174
Odisha,Cuttack,Cuttack,Maize,Hybrid,FAQ,2026-08-24,1686,2147,1917,396
Odisha,Cuttack,Cuttack,Maize,Hybrid,FAQ,2026-08-23,1720,2189,1955,652
Odisha,Cuttack,Cuttack,Maize,Hybrid,FAQ,2026-08-22,1733,2206,1970,622
Odisha,Cuttack,Cuttack,Maize,Hybrid,FAQ,2026-08-21,1708,2173,1941,536
Odisha,Cuttack,Cuttack,Maize,Yellow,FAQ,2026-08-20,1751,2228,1990,636
Odisha,Cuttack,Cuttack,Maize,Yellow,FAQ,2026-08-19,1737,2210,1974,376
Odisha,Cuttack,Cuttack,Maize,Yellow,FAQ,2026-08-18,1770,2253,2012,685
Odisha,Cuttack,Cuttack,Maize,Yellow,FAQ,2026-08-17,1782,2269,2026,775
Odisha,Cuttack,Cuttack,Maize,Hybrid,FAQ,2026-08-16,1779,2264,2022,460
Odisha,Cuttack,Cuttack,Maize,Yellow,FAQ,2026-08-15,1767,2250,2009,210
Odisha,Cuttack,Cuttack,Maize,Yellow,FAQ,2026-08-14,1780,2265,2023,403
Odisha,Cuttack,Cuttack,Maize,Hybrid,FAQ,2026-08-13,1800,2291,2046,543
Odisha,Cuttack,Cuttack,Maize,Hybrid,FAQ,2026-08-12,1834,2335,2085,190
Odisha,Cuttack,Cuttack,Maize,Hybrid,FAQ,2026-08-11,1827,2326,2077,123
Odisha,Cuttack,Cuttack,Maize,Yellow,FAQ,2026-08-10,1837,2338,2088,756
Odisha,Cuttack,Cuttack,Maize,Yellow,FAQ,2026-08-09,1794,2283,2039,447
Odisha,Cuttack,Cuttack,Maize,Hybrid,FAQ,2026-08-08,1763,2244,2004,576
Odisha,Cuttack,Cuttack,Maize,Hybrid,FAQ,2026-08-07,1765,2246,2006,354
Odisha,Cuttack,Cuttack,Maize,Yellow,FAQ,2026-08-06,1811,2304,2058,436
Odisha,Cuttack,Cuttack,Maize,Yellow,FAQ,2026-08-05,1789,2276,2033,794
Odisha,Cuttack,Cuttack,Maize,Hybrid,FAQ,2026-08-04,1791,2280,2036,119
Odisha,Cuttack,Cuttack,Maize,Hybrid,FAQ,2026-08-03,1719,2188,1954,448
Odisha,Cuttack,Cuttack,Maize,Hybrid,FAQ,2026-08-02,1713,2180,1947,395
Odisha,Cuttack,Cuttack,Maize,Hybrid,FAQ,2026-08-01,1752,2229,1991,350
Odisha,Cuttack,Cuttack,Maize,Hybrid,FAQ,2026-07-31,1694,2157,1926,403
Odisha,Cuttack,Cuttack,Maize,Hybrid,FAQ,2026-07-30,1662,2115,1889,387
Odisha,Cuttack,Cuttack,Maize,Hybrid,FAQ,2026-07-29,1676,2133,1905,606
Odisha,Cuttack,Cuttack,Maize,Hybrid,FAQ,2026-07-28,1672,2129,1901,143
Odisha,Cuttack,Cuttack,Cotton,Medium Staple,FAQ,2026-08-26,5754,7323,6539,144
Odisha,Cuttack,Cuttack,Cotton,Medium Staple,FAQ,2026-08-25,5759,7330,6545,315
Odisha,Cuttack,Cuttack,Cotton,Medium Staple,FAQ,2026-08-24,5756,7327,6542,100
Odisha,Cuttack,Cuttack,Cotton,Medium Staple,FAQ,2026-08-23,5813,7398,6606,649
Odisha,Cuttack,Cuttack,Cotton,Medium Staple,FAQ,2026-08-22,5802,7385,6594,391
Odisha,Cuttack,Cuttack,Cotton,Medium Staple,FAQ,2026-08-21,5807,7390,6599,239
Odisha,Cuttack,Cuttack,Cotton,Medium Staple,FAQ,2026-08-20,5864,7463,6664,345
Odisha,Cuttack,Cuttack,Cotton,Medium Staple,FAQ,2026-08-19,5833,7424,6629,644
Odisha,Cuttack,Cuttack,Cotton,Medium Staple,FAQ,2026-08-18,5844,7437,6641,551
Odisha,Cuttack,Cuttack,Cotton,Medium Staple,FAQ,2026-08-17,5874,7476,6675,453
Odisha,Cuttack,Cuttack,Cotton,Medium Staple,FAQ,2026-08-16,5856,7453,6655,731
Odisha,Cuttack,Cuttack,Cotton,Medium Staple,FAQ,2026-08-15,5854,7451,6653,686
Odisha,Cuttack,Cuttack,Cotton,Medium Staple,FAQ,2026-08-14,5882,7487,6685,365
Odisha,Cuttack,Cuttack,Cotton,Medium Staple,FAQ,2026-08-13,5903,7514,6709,208
Odisha,Cuttack,Cuttack,Cotton,Medium Staple,FAQ,2026-08-12,5893,7500,6697,463
Odisha,Cuttack,Cuttack,Cotton,Medium Staple,FAQ,2026-08-11,5873,7474,6674,204
Odisha,Cuttack,Cuttack,Cotton,Medium Staple,FAQ,2026-08-10,5897,7506,6702,613
Odisha,Cuttack,Cuttack,Cotton,Medium Staple,FAQ,2026-08-09,5900,7509,6705,138
Odisha,Cuttack,Cuttack,Cotton,Medium Staple,FAQ,2026-08-08,5907,7518,6713,612
Odisha,Cuttack,Cuttack,Cotton,Medium Staple,FAQ,2026-08-07,5854,7451,6653,753
Odisha,Cuttack,Cuttack,Cotton,Medium Staple,FAQ,2026-08-06,5856,7453,6655,799
Odisha,Cuttack,Cuttack,Cotton,Medium Staple,FAQ,2026-08-05,5870,7471,6671,511
Odisha,Cuttack,Cuttack,Cotton,Medium Staple,FAQ,2026-08-04,5823,7412,6618,315
Odisha,Cuttack,Cuttack,Cotton,Medium Staple,FAQ,2026-08-03,5876,7479,6678,584
Odisha,Cuttack,Cuttack,Cotton,Medium Staple,FAQ,2026-08-02,5835,7426,6631,462
Odisha,Cuttack,Cuttack,Cotton,Medium Staple,FAQ,2026-08-01,5790,7369,6580,613
Odisha,Cuttack,Cuttack,Cotton,Medium Staple,FAQ,2026-07-31,5807,7390,6599,740
Odisha,Cuttack,Cuttack,Cotton,Medium Staple,FAQ,2026-07-30,5804,7387,6596,532
Odisha,Cuttack,Cuttack,Cotton,Medium Staple,FAQ,2026-07-29,5781,7358,6570,411
Odisha,Cuttack,Cuttack,Cotton,Medium Staple,FAQ,2026-07-28,5720,7281,6501,638
Odisha,Cuttack,Cuttack,Sugarcane,Co-86032,FAQ,2026-08-26,264,336,300,746
Odisha,Cuttack,Cuttack,Sugarcane,Co-86032,FAQ,2026-08-25,264,336,300,394
Odisha,Cuttack,Cuttack,Sugarcane,Co-86032,FAQ,2026-08-24,264,336,300,698
Odisha,Cuttack,Cuttack,Sugarcane,Co-86032,FAQ,2026-08-23,264,336,300,541
Odisha,Cuttack,Cuttack,Sugarcane,Co-86032,FAQ,2026-08-22,264,336,300,669
Odisha,Cuttack,Cuttack,Sugarcane,Co-86032,FAQ,2026-08-21,297,378,338,746
Odisha,Cuttack,Cuttack,Sugarcane,Co-86032,FAQ,2026-08-20,292,371,332,546
Odisha,Cuttack,Cuttack,Sugarcane,Co-86032,FAQ,2026-08-19,342,435,389,785
Odisha,Cuttack,Cuttack,Sugarcane,Co-86032,FAQ,2026-08-18,328,417,373,171
Odisha,Cuttack,Cuttack,Sugarcane,Co-86032,FAQ,2026-08-17,344,437,391,142
Odisha,Cuttack,Cuttack,Sugarcane,Co-86032,FAQ,2026-08-16,318,405,362,132
Odisha,Cuttack,Cuttack,Sugarcane,Co-86032,FAQ,2026-08-15,323,412,368,207
Odisha,Cuttack,Cuttack,Sugarcane,Co-86032,FAQ,2026-08-14,378,481,430,624
Odisha,Cuttack,Cuttack,Sugarcane,Co-86032,FAQ,2026-08-13,379,482,431,337
Odisha,Cuttack,Cuttack,Sugarcane,Co-86032,FAQ,2026-08-12,363,462,413,512
Odisha,Cuttack,Cuttack,Sugarcane,Co-86032,FAQ,2026-08-11,371,472,422,704
Odisha,Cuttack,Cuttack,Sugarcane,Co-86032,FAQ,2026-08-10,351,446,399,355
Odisha,Cuttack,Cuttack,Sugarcane,Co-86032,FAQ,2026-08-09,357,454,406,720
Odisha,Cuttack,Cuttack,Sugarcane,Co-86032,FAQ,2026-08-08,343,436,390,760
Odisha,Cuttack,Cuttack,Sugarcane,Co-86032,FAQ,2026-08-07,360,459,410,349
Odisha,Cuttack,Cuttack,Sugarcane,Co-86032,FAQ,2026-08-06,366,465,416,790
Odisha,Cuttack,Cuttack,Sugarcane,Co-86032,FAQ,2026-08-05,349,444,397,214
Odisha,Cuttack,Cuttack,Sugarcane,Co-86032,FAQ,2026-08-04,337,430,384,114
Odisha,Cuttack,Cuttack,Sugarcane,Co-86032,FAQ,2026-08-03,352,448,400,429
Odisha,Cuttack,Cuttack,Sugarcane,Co-86032,FAQ,2026-08-02,286,365,326,335
Odisha,Cuttack,Cuttack,Sugarcane,Co-86032,FAQ,2026-08-01,326,415,371,675
Odisha,Cuttack,Cuttack,Sugarcane,Co-86032,FAQ,2026-07-31,264,336,300,564
Odisha,Cuttack,Cuttack,Sugarcane,Co-86032,FAQ,2026-07-30,290,369,330,313
Odisha,Cuttack,Cuttack,Sugarcane,Co-86032,FAQ,2026-07-29,264,337,301,572
Odisha,Cuttack,Cuttack,Sugarcane,Co-86032,FAQ,2026-07-28,264,336,300,542
Odisha,Cuttack,Cuttack,Mustard,Yellow,FAQ,2026-08-26,4676,5951,5314,724
Odisha,Cuttack,Cuttack,Mustard,Black,FAQ,2026-08-25,4744,6039,5392,362
Odisha,Cuttack,Cuttack,Mustard,Black,FAQ,2026-08-24,4774,6076,5425,621
Odisha,Cuttack,Cuttack,Mustard,Yellow,FAQ,2026-08-23,4777,6080,5429,336
Odisha,Cuttack,Cuttack,Mustard,Yellow,FAQ,2026-08-22,4762,6061,5412,219
Odisha,Cuttack,Cuttack,Mustard,Black,FAQ,2026-08-21,4833,6152,5493,784
Odisha,Cuttack,Cuttack,Mustard,Black,FAQ,2026-08-20,4803,6114,5459,327
Odisha,Cuttack,Cuttack,Mustard,Yellow,FAQ,2026-08-19,4821,6136,5479,526
Odisha,Cuttack,Cuttack,Mustard,Black,FAQ,2026-08-18,4831,6148,5490,162
Odisha,Cuttack,Cuttack,Mustard,Black,FAQ,2026-08-17,4877,6208,5543,130
Odisha,Cuttack,Cuttack,Mustard,Black,FAQ,2026-08-16,4848,6171,5510,247
Odisha,Cuttack,Cuttack,Mustard,Black,FAQ,2026-08-15,4884,6217,5551,600
Odisha,Cuttack,Cuttack,Mustard,Black,FAQ,2026-08-14,4857,6182,5520,756
Odisha,Cuttack,Cuttack,Mustard,Yellow,FAQ,2026-08-13,4863,6190,5527,605
Odisha,Cuttack,Cuttack,Mustard,Black,FAQ,2026-08-12,4886,6219,5553,246
Odisha,Cuttack,Cuttack,Mustard,Black,FAQ,2026-08-11,4875,6204,5540,582
Odisha,Cuttack,Cuttack,Mustard,Yellow,FAQ,2026-08-10,4878,6209,5544,431
Odisha,Cuttack,Cuttack,Mustard,Yellow,FAQ,2026-08-09,4872,6201,5537,369
Odisha,Cuttack,Cuttack,Mustard,Black,FAQ,2026-08-08,4891,6224,5558,687
Odisha,Cuttack,Cuttack,Mustard,Black,FAQ,2026-08-07,4857,6182,5520,608
Odisha,Cuttack,Cuttack,Mustard,Yellow,FAQ,2026-08-06,4889,6222,5556,778
Odisha,Cuttack,Cuttack,Mustard,Yellow,FAQ,2026-08-05,4862,6189,5526,136
Odisha,Cuttack,Cuttack,Mustard,Yellow,FAQ,2026-08-04,4830,6147,5489,606
Odisha,Cuttack,Cuttack,Mustard,Yellow,FAQ,2026-08-03,4824,6139,5482,325
Odisha,Cuttack,Cuttack,Mustard,Black,FAQ,2026-08-02,4809,6120,5465,764
Odisha,Cuttack,Cuttack,Mustard,Black,FAQ,2026-08-01,4775,6078,5427,620
Odisha,Cuttack,Cuttack,Mustard,Black,FAQ,2026-07-31,4796,6104,5450,270
Odisha,Cuttack,Cuttack,Mustard,Black,FAQ,2026-07-30,4762,6061,5412,409
Odisha,Cuttack,Cuttack,Mustard,Yellow,FAQ,2026-07-29,4765,6064,5415,264
Odisha,Cuttack,Cuttack,Mustard,Black,FAQ,2026-07-28,4739,6032,5386,301
Odisha,Cuttack,Cuttack,Grapes,Thompson Seedless,FAQ,2026-08-26,4277,5444,4861,214
Odisha,Cuttack,Cuttack,Grapes,Thompson Seedless,FAQ,2026-08-25,4325,5504,4915,784
Odisha,Cuttack,Cuttack,Grapes,Thompson Seedless,FAQ,2026-08-24,4388,5585,4987,788
Odisha,Cuttack,Cuttack,Grapes,Thompson Seedless,FAQ,2026-08-23,4391,5588,4990,789
Odisha,Cuttack,Cuttack,Grapes,Thompson Seedless,FAQ,2026-08-22,4363,5554,4959,262
Odisha,Cuttack,Cuttack,Grapes,Thompson Seedless,FAQ,2026-08-21,4414,5619,5017,697
Odisha,Cuttack,Cuttack,Grapes,Thompson Seedless,FAQ,2026-08-20,4391,5588,4990,265
Odisha,Cuttack,Cuttack,Grapes,Thompson Seedless,FAQ,2026-08-19,4473,5692,5083,538
Odisha,Cuttack,Cuttack,Grapes,Thompson Seedless,FAQ,2026-08-18,4444,5656,5050,284
Odisha,Cuttack,Cuttack,Grapes,Thompson Seedless,FAQ,2026-08-17,4466,5684,5075,583
Odisha,Cuttack,Cuttack,Grapes,Thompson Seedless,FAQ,2026-08-16,4486,5709,5098,707
Odisha,Cuttack,Cuttack,Grapes,Thompson Seedless,FAQ,2026-08-15,4506,5735,5121,165
Odisha,Cuttack,Cuttack,Grapes,Thompson Seedless,FAQ,2026-08-14,4464,5681,5073,536
Odisha,Cuttack,Cuttack,Grapes,Thompson Seedless,FAQ,2026-08-13,4510,5741,5126,782
Odisha,Cuttack,Cuttack,Grapes,Thompson Seedless,FAQ,2026-08-12,4507,5736,5122,278
Odisha,Cuttack,Cuttack,Grapes,Thompson Seedless,FAQ,2026-08-11,4463,5680,5072,461
Odisha,Cuttack,Cuttack,Grapes,Thompson Seedless,FAQ,2026-08-10,4461,5678,5070,622
Odisha,Cuttack,Cuttack,Grapes,Thompson Seedless,FAQ,2026-08-09,4507,5736,5122,643
Odisha,Cuttack,Cuttack,Grapes,Thompson Seedless,FAQ,2026-08-08,4483,5706,5095,231
Odisha,Cuttack,Cuttack,Grapes,Thompson Seedless,FAQ,2026-08-07,4490,5715,5103,130
Odisha,Cuttack,Cuttack,Grapes,Thompson Seedless,FAQ,2026-08-06,4502,5731,5117,136
Odisha,Cuttack,Cuttack,Grapes,Thompson Seedless,FAQ,2026-08-05,4458,5675,5067,616
Odisha,Cuttack,Cuttack,Grapes,Thompson Seedless,FAQ,2026-08-04,4484,5707,5096,574
Odisha,Cuttack,Cuttack,Grapes,Thompson Seedless,FAQ,2026-08-03,4429,5636,5033,295
Odisha,Cuttack,Cuttack,Grapes,Thompson Seedless,FAQ,2026-08-02,4429,5636,5033,780
Odisha,Cuttack,Cuttack,Grapes,Thompson Seedless,FAQ,2026-08-01,4388,5585,4987,626
Odisha,Cuttack,Cuttack,Grapes,Thompson Seedless,FAQ,2026-07-31,4401,5602,5002,574
Odisha,Cuttack,Cuttack,Grapes,Thompson Seedless,FAQ,2026-07-30,4372,5565,4969,200
Odisha,Cuttack,Cuttack,Grapes,Thompson Seedless,FAQ,2026-07-29,4371,5564,4968,317
Odisha,Cuttack,Cuttack,Grapes,Thompson Seedless,FAQ,2026-07-28,4339,5522,4931,135
Odisha,Cuttack,Cuttack,Pomegranate,Bhagwa,FAQ,2026-08-26,5658,7201,6430,471
Odisha,Cuttack,Cuttack,Pomegranate,Bhagwa,FAQ,2026-08-25,5658,7201,6430,508
Odisha,Cuttack,Cuttack,Pomegranate,Bhagwa,FAQ,2026-08-24,5659,7202,6431,692
Odisha,Cuttack,Cuttack,Pomegranate,Bhagwa,FAQ,2026-08-23,5669,7216,6443,629
Odisha,Cuttack,Cuttack,Pomegranate,Bhagwa,FAQ,2026-08-22,5736,7301,6519,422
Odisha,Cuttack,Cuttack,Pomegranate,Bhagwa,FAQ,2026-08-21,5712,7269,6491,353
Odisha,Cuttack,Cuttack,Pomegranate,Bhagwa,FAQ,2026-08-20,5745,7312,6529,512
Odisha,Cuttack,Cuttack,Pomegranate,Bhagwa,FAQ,2026-08-19,5747,7314,6531,545
Odisha,Cuttack,Cuttack,Pomegranate,Bhagwa,FAQ,2026-08-18,5784,7361,6573,306
Odisha,Cuttack,Cuttack,Pomegranate,Bhagwa,FAQ,2026-08-17,5775,7350,6563,175
Odisha,Cuttack,Cuttack,Pomegranate,Bhagwa,FAQ,2026-08-16,5771,7346,6559,720
Odisha,Cuttack,Cuttack,Pomegranate,Bhagwa,FAQ,2026-08-15,5800,7383,6592,233
Odisha,Cuttack,Cuttack,Pomegranate,Bhagwa,FAQ,2026-08-14,5771,7346,6559,153
Odisha,Cuttack,Cuttack,Pomegranate,Bhagwa,FAQ,2026-08-13,5800,7381,6591,129
Odisha,Cuttack,Cuttack,Pomegranate,Bhagwa,FAQ,2026-08-12,5815,7400,6608,433
Odisha,Cuttack,Cuttack,Pomegranate,Bhagwa,FAQ,2026-08-11,5842,7435,6639,205
Odisha,Cuttack,Cuttack,Pomegranate,Bhagwa,FAQ,2026-08-10,5809,7394,6602,655
Odisha,Cuttack,Cuttack,Pomegranate,Bhagwa,FAQ,2026-08-09,5771,7344,6558,245
Odisha,Cuttack,Cuttack,Pomegranate,Bhagwa,FAQ,2026-08-08,5797,7378,6588,451
Odisha,Cuttack,Cuttack,Pomegranate,Bhagwa,FAQ,2026-08-07,5826,7415,6621,372
Odisha,Cuttack,Cuttack,Pomegranate,Bhagwa,FAQ,2026-08-06,5776,7351,6564,715
Odisha,Cuttack,Cuttack,Pomegranate,Bhagwa,FAQ,2026-08-05,5798,7379,6589,130
Odisha,Cuttack,Cuttack,Pomegranate,Bhagwa,FAQ,2026-08-04,5742,7308,6525,723
Odisha,Cuttack,Cuttack,Pomegranate,Bhagwa,FAQ,2026-08-03,5737,7302,6520,570
Odisha,Cuttack,Cuttack,Pomegranate,Bhagwa,FAQ,2026-08-02,5731,7294,6513,396
Odisha,Cuttack,Cuttack,Pomegranate,Bhagwa,FAQ,2026-08-01,5748,7315,6532,367
Odisha,Cuttack,Cuttack,Pomegranate,Bhagwa,FAQ,2026-07-31,5715,7274,6495,332
Odisha,Cuttack,Cuttack,Pomegranate,Bhagwa,FAQ,2026-07-30,5691,7244,6468,355
Odisha,Cuttack,Cuttack,Pomegranate,Bhagwa,FAQ,2026-07-29,5685,7236,6461,630
Odisha,Cuttack,Cuttack,Pomegranate,Bhagwa,FAQ,2026-07-28,5673,7220,6447,696
